preset,model,layout,transform,method,initial_mean,final_mean,sd_mean,initial_high,final_high,final_bad,final_middle,final_best16
bell,independent,quality,identity,rloo,0.5000000000000001,0.5235509380354695,0.00015465353451699353,0.0057925738750420844,0.005875342934052525,0.056692314141202765,0.9374323429247445,0.7701483574684449
bell,independent,quality,identity,grpo,0.5000000000000001,0.6475062748500579,0.010211593305755719,0.0057925738750420844,0.0030676649006809043,0.016657090587311005,0.9802752445120082,0.7673178521377236
bell,independent,quality,identity,maxrl,0.5000000000000001,0.7490935869471823,0.03947434674222781,0.0057925738750420844,0.6274126361749439,0.03585420788928447,0.33673315593577174,0.9022362561013569
bell,independent,quality,identity,tailrl,0.5000000000000001,0.5673412078603853,0.0007977991189572142,0.0057925738750420844,0.00852959050927,0.055327287676301205,0.9361431218144288,0.8068460701323206
bell,independent,quality,identity,pkpo,0.5000000000000001,0.5202717260698075,0.00026052484429677896,0.0057925738750420844,0.006686405368638375,0.0666269847574401,0.9266866098739216,0.7814346044021191
bell,independent,quality,identity,elite,0.5000000000000001,0.6910885679061339,0.012510207573528087,0.0057925738750420844,0.0014002702186710371,0.01119682211060855,0.9874029076707206,0.7392145792722008
bell,independent,quality,log,rloo,0.5000000000000001,0.5168841306422847,0.00004794098164253831,0.0057925738750420844,0.005755509685518652,0.05705744149124176,0.9371870488232398,0.7665692360289814
bell,independent,quality,log,grpo,0.5000000000000001,0.6353825879973075,0.003847944742367107,0.0057925738750420844,0.003016849394570897,0.01603593459092118,0.980947216014508,0.7609212780294957
bell,independent,quality,log,maxrl,0.5000000000000001,0.7490935869471823,0.03947434674222781,0.0057925738750420844,0.6274126361749439,0.03585420788928447,0.33673315593577174,0.9022362561013569
bell,independent,quality,log,tailrl,0.5000000000000001,0.542143024983021,0.00017467019107598707,0.0057925738750420844,0.006809481299768949,0.0564031810427841,0.9367873376574468,0.7880103102310274
bell,independent,quality,log,pkpo,0.5000000000000001,0.5121621339574811,0.00012561507332565266,0.0057925738750420844,0.0062601821554001515,0.06613500077855135,0.9276048170660482,0.7733587545581261
bell,independent,quality,log,elite,0.5000000000000001,0.6910885679061339,0.012510207573528087,0.0057925738750420844,0.0014002702186710371,0.01119682211060855,0.9874029076707206,0.7392145792722008
bell,independent,quality,square,rloo,0.5000000000000001,0.5244442168038829,0.0002197385079885937,0.0057925738750420844,0.00608005179607467,0.05929549689097178,0.9346244513129536,0.7732611159735082
bell,independent,quality,square,grpo,0.5000000000000001,0.6630987678677154,0.006454411388680349,0.0057925738750420844,0.0028741909644969463,0.016036124579989163,0.981089684455514,0.7689726693789344
bell,independent,quality,square,maxrl,0.5000000000000001,0.7490935869471823,0.03947434674222781,0.0057925738750420844,0.6274126361749439,0.03585420788928447,0.33673315593577174,0.9022362561013569
bell,independent,quality,square,tailrl,0.5000000000000001,0.5863022882871026,0.000522397074129201,0.0057925738750420844,0.010761053430776156,0.05739614912290248,0.9318427974463214,0.82636544182752
bell,independent,quality,square,pkpo,0.5000000000000001,0.5255664943433401,0.000378145659511512,0.0057925738750420844,0.007147610693223652,0.06742735873687762,0.9254250305698988,0.7884123039308873
bell,independent,quality,square,elite,0.5000000000000001,0.6910885679061339,0.012510207573528087,0.0057925738750420844,0.0014002702186710371,0.01119682211060855,0.9874029076707206,0.7392145792722008
bell,independent,quality,ranknormal,rloo,0.5000000000000001,0.6657249133855722,0.002246665732096138,0.0057925738750420844,0.0029888075868582304,0.017492467125696007,0.9795187252874458,0.772994793051109
bell,independent,quality,ranknormal,grpo,0.5000000000000001,0.6699412621597126,0.0024512631463360075,0.0057925738750420844,0.002751945678820361,0.015973513848064076,0.9812745404731155,0.7697481012930772
bell,independent,quality,ranknormal,maxrl,0.5000000000000001,0.7490935869471823,0.03947434674222781,0.0057925738750420844,0.6274126361749439,0.03585420788928447,0.33673315593577174,0.9022362561013569
bell,independent,quality,ranknormal,tailrl,0.5000000000000001,0.8119709966565738,0.042154484549324585,0.0057925738750420844,0.004672285969131826,0.007040048829803809,0.9882876652010643,0.8428901308239674
bell,independent,quality,ranknormal,pkpo,0.5000000000000001,0.6653009114444205,0.015522518813666092,0.0057925738750420844,0.008533412203782167,0.04426967309729037,0.9471969146989275,0.8359492205373292
bell,independent,quality,ranknormal,elite,0.5000000000000001,0.6910885679061339,0.012510207573528087,0.0057925738750420844,0.0014002702186710371,0.01119682211060855,0.9874029076707206,0.7392145792722008
bell,independent,quality,reciprocal,rloo,0.5000000000000001,0.49207994194526455,0.000029876026878822186,0.0057925738750420844,0.005843814573043238,0.07168950894811953,0.9224666764788371,0.7612806040429051
bell,independent,quality,reciprocal,grpo,0.5000000000000001,0.31823555979060386,0.025591205766458822,0.0057925738750420844,0.002623824646152267,0.5306257695986475,0.4667504057552003,0.622449089181754
bell,independent,quality,reciprocal,maxrl,0.5000000000000001,0.7490935869471823,0.03947434674222781,0.0057925738750420844,0.6274126361749439,0.03585420788928447,0.33673315593577174,0.9022362561013569
bell,independent,quality,reciprocal,tailrl,0.5000000000000001,0.46739794150165515,0.0005724530519803351,0.0057925738750420844,0.006683075868588905,0.1319641644749077,0.8613527596565035,0.766140094752163
bell,independent,quality,reciprocal,pkpo,0.5000000000000001,0.49023147928912264,0.00010709949694058894,0.0057925738750420844,0.006129707303516016,0.0834627274483027,0.9104075652481812,0.7647831543958411
bell,independent,quality,reciprocal,elite,0.5000000000000001,0.3006925054580876,0.02714929592208586,0.0057925738750420844,0.000923476490096654,0.32376204714380435,0.6753144763660992,0.4947290780871198
bell,independent,binary,identity,rloo,0.0057925738750420844,0.006310094112235243,0.00006515414358975134,0.0057925738750420844,0.006310094112235243,0.9936899058877646,0,0.09632097871778167
bell,independent,binary,identity,grpo,0.0057925738750420844,0.009240695762647343,0.0009549169797546618,0.0057925738750420844,0.009240695762647343,0.9907593042373527,0,0.13796901428866826
bell,independent,binary,identity,maxrl,0.0057925738750420844,0.6274126361749439,0.09721614588955248,0.0057925738750420844,0.6274126361749439,0.37258736382505625,0,0.9999969210211468
bell,independent,binary,identity,tailrl,0.0057925738750420844,0.6274126361749439,0.09721614588955248,0.0057925738750420844,0.6274126361749439,0.37258736382505625,0,0.9999969210211468
bell,independent,binary,identity,pkpo,0.0057925738750420844,0.009422618016981797,0.0009996234557832686,0.0057925738750420844,0.009422618016981797,0.9905773819830181,0,0.14049192094363971
bell,independent,binary,identity,elite,0.0057925738750420844,0.0062725064247298986,0.00002738538769243104,0.0057925738750420844,0.0062725064247298986,0.9937274935752702,0,0.09577415310848336
bell,independent,binary,log,rloo,0.0057925738750420844,0.006310094112235243,0.00006515414358975134,0.0057925738750420844,0.006310094112235243,0.9936899058877646,0,0.09632097871778167
bell,independent,binary,log,grpo,0.0057925738750420844,0.009240695762647343,0.0009549169797546618,0.0057925738750420844,0.009240695762647343,0.9907593042373527,0,0.13796901428866826
bell,independent,binary,log,maxrl,0.0057925738750420844,0.6274126361749439,0.09721614588955248,0.0057925738750420844,0.6274126361749439,0.37258736382505625,0,0.9999969210211468
bell,independent,binary,log,tailrl,0.0057925738750420844,0.6274126361749439,0.09721614588955248,0.0057925738750420844,0.6274126361749439,0.37258736382505625,0,0.9999969210211468
bell,independent,binary,log,pkpo,0.0057925738750420844,0.009422618016981797,0.0009996234557832686,0.0057925738750420844,0.009422618016981797,0.9905773819830181,0,0.14049192094363971
bell,independent,binary,log,elite,0.0057925738750420844,0.0062725064247298986,0.00002738538769243104,0.0057925738750420844,0.0062725064247298986,0.9937274935752702,0,0.09577415310848336
bell,independent,binary,square,rloo,0.0057925738750420844,0.006310094112235243,0.00006515414358975134,0.0057925738750420844,0.006310094112235243,0.9936899058877646,0,0.09632097871778167
bell,independent,binary,square,grpo,0.0057925738750420844,0.009240695762647343,0.0009549169797546618,0.0057925738750420844,0.009240695762647343,0.9907593042373527,0,0.13796901428866826
bell,independent,binary,square,maxrl,0.0057925738750420844,0.6274126361749439,0.09721614588955248,0.0057925738750420844,0.6274126361749439,0.37258736382505625,0,0.9999969210211468
bell,independent,binary,square,tailrl,0.0057925738750420844,0.6274126361749439,0.09721614588955248,0.0057925738750420844,0.6274126361749439,0.37258736382505625,0,0.9999969210211468
bell,independent,binary,square,pkpo,0.0057925738750420844,0.009422618016981797,0.0009996234557832686,0.0057925738750420844,0.009422618016981797,0.9905773819830181,0,0.14049192094363971
bell,independent,binary,square,elite,0.0057925738750420844,0.0062725064247298986,0.00002738538769243104,0.0057925738750420844,0.0062725064247298986,0.9937274935752702,0,0.09577415310848336
bell,independent,binary,ranknormal,rloo,0.0057925738750420844,0.006891626809123352,0.0001809228493739701,0.0057925738750420844,0.006891626809123352,0.9931083731908766,0,0.10474356759094698
bell,independent,binary,ranknormal,grpo,0.0057925738750420844,0.00924069585069634,0.0009549170092549706,0.0057925738750420844,0.00924069585069634,0.9907593041493038,0,0.13796901551043136
bell,independent,binary,ranknormal,maxrl,0.0057925738750420844,0.6274126361749439,0.09721614588955248,0.0057925738750420844,0.6274126361749439,0.37258736382505625,0,0.9999969210211468
bell,independent,binary,ranknormal,tailrl,0.0057925738750420844,0.9291279227539667,0.015788737284424093,0.0057925738750420844,0.9291279227539667,0.0708720772460331,0,0.999999999999997
bell,independent,binary,ranknormal,pkpo,0.0057925738750420844,0.02082025690201018,0.00811868663470565,0.0057925738750420844,0.02082025690201018,0.9791797430979899,0,0.28184885957060307
bell,independent,binary,ranknormal,elite,0.0057925738750420844,0.0062725064247298986,0.00002738538769243104,0.0057925738750420844,0.0062725064247298986,0.9937274935752702,0,0.09577415310848336
bell,independent,binary,reciprocal,rloo,0.0057925738750420844,0.005389941965150331,0.000029585292356890242,0.0057925738750420844,0.005389941965150331,0.9946100580348496,0,0.08283900124220427
bell,independent,binary,reciprocal,grpo,0.0057925738750420844,0.004414488844336587,0.0001327889088114752,0.0057925738750420844,0.004414488844336587,0.9955855111556634,0,0.06833946176902488
bell,independent,binary,reciprocal,maxrl,0.0057925738750420844,0.6274126361749439,0.09721614588955248,0.0057925738750420844,0.6274126361749439,0.37258736382505625,0,0.9999969210211468
bell,independent,binary,reciprocal,tailrl,0.0057925738750420844,0.005386030063585928,0.000028930135167480533,0.0057925738750420844,0.005386030063585928,0.994613969936414,0,0.08278128579796162
bell,independent,binary,reciprocal,pkpo,0.0057925738750420844,0.005792573875042086,0,0.0057925738750420844,0.005792573875042086,0.9942074261249583,0,0.08876153522934993
bell,independent,binary,reciprocal,elite,0.0057925738750420844,0.005762664962799538,0.000023156923928705444,0.0057925738750420844,0.005762664962799538,0.9942373350372007,0,0.08832278960399002
bell,independent,code,identity,rloo,0.2886918618691717,0.30969107396734263,0.0004796726304168042,0.0005143181739659886,0.0004929652863841189,0.14171909121176876,0.857787943501847,0.4721348917059913
bell,independent,code,identity,grpo,0.2886918618691717,0.34699359169370875,0.0019058544791117126,0.0005143181739659886,0.00041533387968797154,0.05139476105735279,0.9481899050629594,0.5174007879146929
bell,independent,code,identity,maxrl,0.2886918618691717,0.2885862761002124,0.0001108469172826215,0.0005143181739659886,0.0006865494421479496,0.20205462041514125,0.7972588301427108,0.4728799056426511
bell,independent,code,identity,tailrl,0.2886918618691717,0.33890595918279387,0.005296358112372964,0.0005143181739659886,0.0006886227771003283,0.14234684807681075,0.8569645291460889,0.6237721811279574
bell,independent,code,identity,pkpo,0.2886918618691717,0.29155630764392976,0.0005106301586362214,0.0005143181739659886,0.0005725577450820595,0.2028200595517112,0.7966073827032067,0.503581413460113
bell,independent,code,identity,elite,0.2886918618691717,0.32838100736814413,0.00036818945445182003,0.0005143181739659886,0.00041913729247602445,0.08431299109746541,0.9152678716100583,0.45654275948197287
bell,independent,code,log,rloo,0.2886918618691717,0.3189634963499468,0.0004934661957572992,0.0005143181739659886,0.0004605850431345277,0.11335830813628066,0.8861811068205849,0.46504741290556395
bell,independent,code,log,grpo,0.2886918618691717,0.3447873613368139,0.0010105464943703031,0.0005143181739659886,0.0003741028226011861,0.04575408493677493,0.9538718122406239,0.4840436038819382
bell,independent,code,log,maxrl,0.2886918618691717,0.2885862761002124,0.0001108469172826215,0.0005143181739659886,0.0006865494421479496,0.20205462041514125,0.7972588301427108,0.4728799056426511
bell,independent,code,log,tailrl,0.2886918618691717,0.33115469449202517,0.0006112375650319351,0.0005143181739659886,0.00057797035216329,0.11482277623895287,0.8845992534088838,0.5622346553051091
bell,independent,code,log,pkpo,0.2886918618691717,0.2916372905745189,0.00033764197242670954,0.0005143181739659886,0.0005507299313179071,0.19942372688599108,0.800025543182691,0.4933619520317018
bell,independent,code,log,elite,0.2886918618691717,0.32838100736814413,0.00036818945445182003,0.0005143181739659886,0.00041913729247602445,0.08431299109746541,0.9152678716100583,0.45654275948197287
bell,independent,code,square,rloo,0.2886918618691717,0.2977226834787115,0.0003709009187755807,0.0005143181739659886,0.0005194789132912508,0.1769582940427645,0.8225222270439443,0.4761300130959645
bell,independent,code,square,grpo,0.2886918618691717,0.362908988848283,0.01221684229352137,0.0005143181739659886,0.00048118211172855883,0.06547391980571891,0.9340448980825524,0.5885712296979841
bell,independent,code,square,maxrl,0.2886918618691717,0.2885862761002124,0.0001108469172826215,0.0005143181739659886,0.0006865494421479496,0.20205462041514125,0.7972588301427108,0.4728799056426511
bell,independent,code,square,tailrl,0.2886918618691717,0.3253553382477788,0.007108356360498887,0.0005143181739659886,0.0007876125102382192,0.1795934555927142,0.8196189318970474,0.6352930963780098
bell,independent,code,square,pkpo,0.2886918618691717,0.2907570316704227,0.0004905162225028537,0.0005143181739659886,0.0005838902957541731,0.2049985114102969,0.7944175982939491,0.5036948090192678
bell,independent,code,square,elite,0.2886918618691717,0.32838100736814413,0.00036818945445182003,0.0005143181739659886,0.00041913729247602445,0.08431299109746541,0.9152678716100583,0.45654275948197287
bell,independent,code,ranknormal,rloo,0.2886918618691717,0.3399522968152697,0.0003605636524329399,0.0005143181739659886,0.000444926372941887,0.06920400403048811,0.9303510695965699,0.5123506179449643
bell,independent,code,ranknormal,grpo,0.2886918618691717,0.3545512422177561,0.0031618338096282865,0.0005143181739659886,0.00043709724156006726,0.05576832340128454,0.9437945793571556,0.5600489702683923
bell,independent,code,ranknormal,maxrl,0.2886918618691717,0.2885862761002124,0.0001108469172826215,0.0005143181739659886,0.0006865494421479496,0.20205462041514125,0.7972588301427108,0.4728799056426511
bell,independent,code,ranknormal,tailrl,0.2886918618691717,0.5964576711622016,0.08895506722354977,0.0005143181739659886,0.00018156341946904287,0.025265266495936273,0.9745531700845946,0.6776098232875203
bell,independent,code,ranknormal,pkpo,0.2886918618691717,0.443858437152354,0.01676977946559079,0.0005143181739659886,0.00045719176897136295,0.10898004618572506,0.8905627620453035,0.6484302212344347
bell,independent,code,ranknormal,elite,0.2886918618691717,0.32838100736814413,0.00036818945445182003,0.0005143181739659886,0.00041913729247602445,0.08431299109746541,0.9152678716100583,0.45654275948197287
bell,independent,code,reciprocal,rloo,0.2886918618691717,0.14292113828479794,0.0006706043558866553,0.0005143181739659886,0.00039162619365956924,0.610012059496522,0.38959631430981845,0.43982220753284135
bell,independent,code,reciprocal,grpo,0.2886918618691717,0.010131484463836686,0.002094081230063662,0.0005143181739659886,0.0000400753416024064,0.9727344937380359,0.027225430920361643,0.13380714598897586
bell,independent,code,reciprocal,maxrl,0.2886918618691717,0.2885862761002124,0.0001108469172826215,0.0005143181739659886,0.0006865494421479496,0.20205462041514125,0.7972588301427108,0.4728799056426511
bell,independent,code,reciprocal,tailrl,0.2886918618691717,0.03490321574006647,0.005799491195995969,0.0005143181739659886,0.00012029248688216826,0.9057150167970137,0.0941646907161044,0.3058714171421696
bell,independent,code,reciprocal,pkpo,0.2886918618691717,0.15440241246238934,0.004282602509457987,0.0005143181739659886,0.00041109057559636037,0.5785695482269549,0.4210193611974488,0.44556322486045197
bell,independent,code,reciprocal,elite,0.2886918618691717,0.0310884539570651,0.003395696422070124,0.0005143181739659886,0.00011214317498731076,0.9161990605162424,0.08368879630877031,0.2901482359096477
bell,shared,quality,identity,rloo,0.5000000000000001,0.6821944011656266,0.0010994135021625614,0.0057925738750420844,0.03766437383852455,0.009065912267076894,0.9532697138943987,0.872857356966955
bell,shared,quality,identity,grpo,0.5000000000000001,0.9699597677123236,0.00045211553967776846,0.0057925738750420844,0.9754872346007731,0.003748310777967273,0.020764454621259632,0.9999999713844264
bell,shared,quality,identity,maxrl,0.5000000000000001,0.9451653171644595,0.0003420633516390704,0.0057925738750420844,0.9152348678022134,0.011362986140803217,0.07340214605698336,0.9999935595694572
bell,shared,quality,identity,tailrl,0.5000000000000001,0.8585520597960548,0.0033802730927494132,0.0057925738750420844,0.5103906147252169,0.014175960376116695,0.4754334248986664,0.9890595971187142
bell,shared,quality,identity,pkpo,0.5000000000000001,0.6930940291863467,0.0021843858038405007,0.0057925738750420844,0.09991203550464738,0.037415749010021336,0.8626722154853314,0.9193533941542288
bell,shared,quality,identity,elite,0.5000000000000001,0.9707069462973891,0.0006504986892572074,0.0057925738750420844,0.9768435615620609,0.012003929789365918,0.01115250864857318,0.9999999996378143
bell,shared,quality,log,rloo,0.5000000000000001,0.6301819072984222,0.0008796574196120965,0.0057925738750420844,0.016984496225217628,0.012478727293316304,0.9705367764814662,0.836598105661869
bell,shared,quality,log,grpo,0.5000000000000001,0.9679276568829792,0.0006901702558741915,0.0057925738750420844,0.9718171822004686,0.0036105709515823793,0.024572246847948998,0.9999999271444139
bell,shared,quality,log,maxrl,0.5000000000000001,0.9451653171644595,0.0003420633516390704,0.0057925738750420844,0.9152348678022134,0.011362986140803217,0.07340214605698336,0.9999935595694572
bell,shared,quality,log,tailrl,0.5000000000000001,0.7649542128149793,0.002890091228439499,0.0057925738750420844,0.1628373323940254,0.012266475207945276,0.8248961923980294,0.9390350737080313
bell,shared,quality,log,pkpo,0.5000000000000001,0.6158968182371279,0.0014424987407917393,0.0057925738750420844,0.0317782457158697,0.03790851036351366,0.9303132439206167,0.8623074794601878
bell,shared,quality,log,elite,0.5000000000000001,0.9707069462973891,0.0006504986892572074,0.0057925738750420844,0.9768435615620609,0.012003929789365918,0.01115250864857318,0.9999999996378143
bell,shared,quality,square,rloo,0.5000000000000001,0.7194202510265278,0.002025809580480192,0.0057925738750420844,0.07400785172360319,0.010018727118581552,0.9159734211578151,0.9026387675238924
bell,shared,quality,square,grpo,0.5000000000000001,0.9718770595361645,0.00021504650558364216,0.0057925738750420844,0.9786778583347256,0.00400494140777398,0.017317200257500436,0.999999990402635
bell,shared,quality,square,maxrl,0.5000000000000001,0.9451653171644595,0.0003420633516390704,0.0057925738750420844,0.9152348678022134,0.011362986140803217,0.07340214605698336,0.9999935595694572
bell,shared,quality,square,tailrl,0.5000000000000001,0.9120858571793852,0.0023781230998163663,0.0057925738750420844,0.7811509101166565,0.01396811465335464,0.20488097522998885,0.9994690723798373
bell,shared,quality,square,pkpo,0.5000000000000001,0.7550646079010814,0.003247052051487908,0.0057925738750420844,0.22822050640690847,0.04221810527017584,0.7295613883229158,0.9586766256098157
bell,shared,quality,square,elite,0.5000000000000001,0.9707069462973891,0.0006504986892572074,0.0057925738750420844,0.9768435615620609,0.012003929789365918,0.01115250864857318,0.9999999996378143
bell,shared,quality,ranknormal,rloo,0.5000000000000001,0.966772355098677,0.0002619694274976675,0.0057925738750420844,0.9702516938305904,0.006215186389051763,0.02353311978035785,0.9999999575483839
bell,shared,quality,ranknormal,grpo,0.5000000000000001,0.9711855921146969,0.0003093556916067534,0.0057925738750420844,0.9778942814036702,0.005705346634981865,0.016400371961347967,0.9999999935190377
bell,shared,quality,ranknormal,maxrl,0.5000000000000001,0.9451653171644595,0.0003420633516390704,0.0057925738750420844,0.9152348678022134,0.011362986140803217,0.07340214605698336,0.9999935595694572
bell,shared,quality,ranknormal,tailrl,0.5000000000000001,0.9862240757396683,0.0004764589277945727,0.0057925738750420844,0.9932294708904251,0.004609599429546286,0.002160929680028652,0.9999999999999537
bell,shared,quality,ranknormal,pkpo,0.5000000000000001,0.9395149789244028,0.00040072713718519303,0.0057925738750420844,0.9180275027152845,0.025341570606037384,0.056630926678678056,0.9999987665301738
bell,shared,quality,ranknormal,elite,0.5000000000000001,0.9707069462973891,0.0006504986892572074,0.0057925738750420844,0.9768435615620609,0.012003929789365918,0.01115250864857318,0.9999999996378143
bell,shared,quality,reciprocal,rloo,0.5000000000000001,0.4022695161861843,0.0008966869612515018,0.0057925738750420844,0.0046982426261302215,0.20278881288124181,0.792512944492628,0.7055551919114348
bell,shared,quality,reciprocal,grpo,0.5000000000000001,0.027993402080446456,0.0004666122016000304,0.0057925738750420844,0.002603620786926152,0.9944555623696982,0.0029408168433757765,0.1670967661734908
bell,shared,quality,reciprocal,maxrl,0.5000000000000001,0.9451653171644595,0.0003420633516390704,0.0057925738750420844,0.9152348678022134,0.011362986140803217,0.07340214605698336,0.9999935595694572
bell,shared,quality,reciprocal,tailrl,0.5000000000000001,0.061107309631563245,0.0003701442818926521,0.0057925738750420844,0.008082275952004251,0.9765142848396677,0.01540343920832835,0.3602719659741114
bell,shared,quality,reciprocal,pkpo,0.5000000000000001,0.2983668334006803,0.0055634066528212345,0.0057925738750420844,0.015692244534984152,0.5610892148400946,0.42321854062492137,0.7430095321610546
bell,shared,quality,reciprocal,elite,0.5000000000000001,0.02979187296047489,0.0003504414766971196,0.0057925738750420844,0.005099964023495816,0.9873648105349636,0.007535225441540688,0.23345180327611378
bell,shared,binary,identity,rloo,0.0057925738750420844,0.011801829561229313,0.0007391400518166899,0.0057925738750420844,0.011801829561229313,0.9881981704387708,0,0.17296453944719056
bell,shared,binary,identity,grpo,0.0057925738750420844,0.6681757949069417,0.07215671465913405,0.0057925738750420844,0.6681757949069417,0.3318242050930584,0,0.9999998576827389
bell,shared,binary,identity,maxrl,0.0057925738750420844,0.9152348678022134,0.0022320985501994555,0.0057925738750420844,0.9152348678022134,0.08476513219778659,0,0.9999999999999994
bell,shared,binary,identity,tailrl,0.0057925738750420844,0.9152348678022134,0.0022320985501995566,0.0057925738750420844,0.9152348678022134,0.08476513219778664,0,0.9999999999999988
bell,shared,binary,identity,pkpo,0.0057925738750420844,0.5105227030590097,0.04139408019060119,0.0057925738750420844,0.5105227030590097,0.48947729694099024,0,0.9999831655672637
bell,shared,binary,identity,elite,0.0057925738750420844,0.010889607615150251,0.0032584707491881857,0.0057925738750420844,0.010889607615150251,0.9891103923848495,0,0.1599731283642061
bell,shared,binary,log,rloo,0.0057925738750420844,0.011801829561229313,0.0007391400518166899,0.0057925738750420844,0.011801829561229313,0.9881981704387708,0,0.17296453944719056
bell,shared,binary,log,grpo,0.0057925738750420844,0.6681757949069417,0.07215671465913405,0.0057925738750420844,0.6681757949069417,0.3318242050930584,0,0.9999998576827389
bell,shared,binary,log,maxrl,0.0057925738750420844,0.9152348678022134,0.0022320985501994555,0.0057925738750420844,0.9152348678022134,0.08476513219778659,0,0.9999999999999994
bell,shared,binary,log,tailrl,0.0057925738750420844,0.9152348678022134,0.0022320985501995566,0.0057925738750420844,0.9152348678022134,0.08476513219778664,0,0.9999999999999988
bell,shared,binary,log,pkpo,0.0057925738750420844,0.5105227030590097,0.04139408019060119,0.0057925738750420844,0.5105227030590097,0.48947729694099024,0,0.9999831655672637
bell,shared,binary,log,elite,0.0057925738750420844,0.010889607615150251,0.0032584707491881857,0.0057925738750420844,0.010889607615150251,0.9891103923848495,0,0.1599731283642061
bell,shared,binary,square,rloo,0.0057925738750420844,0.011801829561229313,0.0007391400518166899,0.0057925738750420844,0.011801829561229313,0.9881981704387708,0,0.17296453944719056
bell,shared,binary,square,grpo,0.0057925738750420844,0.6681757949069417,0.07215671465913405,0.0057925738750420844,0.6681757949069417,0.3318242050930584,0,0.9999998576827389
bell,shared,binary,square,maxrl,0.0057925738750420844,0.9152348678022134,0.0022320985501994555,0.0057925738750420844,0.9152348678022134,0.08476513219778659,0,0.9999999999999994
bell,shared,binary,square,tailrl,0.0057925738750420844,0.9152348678022134,0.0022320985501995566,0.0057925738750420844,0.9152348678022134,0.08476513219778664,0,0.9999999999999988
bell,shared,binary,square,pkpo,0.0057925738750420844,0.5105227030590097,0.04139408019060119,0.0057925738750420844,0.5105227030590097,0.48947729694099024,0,0.9999831655672637
bell,shared,binary,square,elite,0.0057925738750420844,0.010889607615150251,0.0032584707491881857,0.0057925738750420844,0.010889607615150251,0.9891103923848495,0,0.1599731283642061
bell,shared,binary,ranknormal,rloo,0.0057925738750420844,0.03772202599344856,0.010512978387710615,0.0057925738750420844,0.03772202599344856,0.9622779740065512,0,0.45445022309139854
bell,shared,binary,ranknormal,grpo,0.0057925738750420844,0.6681758037782695,0.07215671392964025,0.0057925738750420844,0.6681758037782695,0.3318241962217305,0,0.9999998576827923
bell,shared,binary,ranknormal,maxrl,0.0057925738750420844,0.9152348678022134,0.0022320985501994555,0.0057925738750420844,0.9152348678022134,0.08476513219778659,0,0.9999999999999994
bell,shared,binary,ranknormal,tailrl,0.0057925738750420844,0.9545339501384076,0.0010234275306199817,0.0057925738750420844,0.9545339501384076,0.04546604986159247,0,1
bell,shared,binary,ranknormal,pkpo,0.0057925738750420844,0.6663788897818809,0.008223095578820215,0.0057925738750420844,0.6663788897818809,0.3336211102181192,0,0.9999999752794287
bell,shared,binary,ranknormal,elite,0.0057925738750420844,0.010889607615150251,0.0032584707491881857,0.0057925738750420844,0.010889607615150251,0.9891103923848495,0,0.1599731283642061
bell,shared,binary,reciprocal,rloo,0.0057925738750420844,0.0039368639173951595,0.00036781743275150666,0.0057925738750420844,0.0039368639173951595,0.9960631360826048,0,0.061153439746405525
bell,shared,binary,reciprocal,grpo,0.0057925738750420844,0.001821590211678403,0.0005533723113177655,0.0057925738750420844,0.001821590211678403,0.9981784097883216,0,0.02872672541066353
bell,shared,binary,reciprocal,maxrl,0.0057925738750420844,0.9152348678022134,0.0022320985501994555,0.0057925738750420844,0.9152348678022134,0.08476513219778659,0,0.9999999999999994
bell,shared,binary,reciprocal,tailrl,0.0057925738750420844,0.003925902363022737,0.00037062785104380325,0.0057925738750420844,0.003925902363022737,0.9960740976369773,0,0.060987958556393274
bell,shared,binary,reciprocal,pkpo,0.0057925738750420844,0.005792573875042086,0,0.0057925738750420844,0.005792573875042086,0.9942074261249583,0,0.08876153522934993
bell,shared,binary,reciprocal,elite,0.0057925738750420844,0.005683666609061703,0.0006524777771519387,0.0057925738750420844,0.005683666609061703,0.9943163333909384,0,0.08713170921336895
bell,shared,code,identity,rloo,0.2886918618691717,0.3600742800310699,0.0014779461542069527,0.0005143181739659886,0.0009254922413036415,0.04794655022067812,0.9511279575380183,0.6011649645384611
bell,shared,code,identity,grpo,0.2886918618691717,0.92900187212823,0.0022075559424364452,0.0005143181739659886,0.5683297509588476,0.00495759635537128,0.4267126526857811,0.9999998233181376
bell,shared,code,identity,maxrl,0.2886918618691717,0.42759309116426064,0.23918211483267754,0.0005143181739659886,0.06979044637752246,0.171884647108114,0.7583249065143637,0.6612380612984426
bell,shared,code,identity,tailrl,0.2886918618691717,0.8466769938912879,0.0060731556573205385,0.0005143181739659886,0.3201799413281062,0.014826396325050858,0.664993662346843,0.9997558736940482
bell,shared,code,identity,pkpo,0.2886918618691717,0.5497680378190212,0.010674019313027297,0.0005143181739659886,0.043609482837944254,0.07824387833883438,0.8781466388232214,0.9335201122674075
bell,shared,code,identity,elite,0.2886918618691717,0.6774225560716772,0.19312278588551773,0.0005143181739659886,0.1695389946110919,0.014379542528535065,0.8160814628603729,0.9312470917187058
bell,shared,code,log,rloo,0.2886918618691717,0.36392768472108944,0.00023112415315335112,0.0005143181739659886,0.0005924854687883429,0.028700265458453555,0.9707072490727583,0.5812162305340635
bell,shared,code,log,grpo,0.2886918618691717,0.9139338254375332,0.0028289325755714322,0.0005143181739659886,0.49769369176344513,0.004321660546351368,0.4979846476902036,0.9999980354047325
bell,shared,code,log,maxrl,0.2886918618691717,0.42759309116426064,0.23918211483267754,0.0005143181739659886,0.06979044637752246,0.171884647108114,0.7583249065143637,0.6612380612984426
bell,shared,code,log,tailrl,0.2886918618691717,0.7277154954076678,0.012873198185289054,0.0005143181739659886,0.12277704326292847,0.015321418564938363,0.8619015381721331,0.9857059529558301
bell,shared,code,log,pkpo,0.2886918618691717,0.4161932152662425,0.002840447157766478,0.0005143181739659886,0.010259505105154476,0.0999608444415564,0.889779650453289,0.8174560711747804
bell,shared,code,log,elite,0.2886918618691717,0.6774225560716772,0.19312278588551773,0.0005143181739659886,0.1695389946110919,0.014379542528535065,0.8160814628603729,0.9312470917187058
bell,shared,code,square,rloo,0.2886918618691717,0.34043857578152464,0.0015378630213992044,0.0005143181739659886,0.0011994577606828153,0.09740586104229759,0.9013946811970195,0.5938024163058102
bell,shared,code,square,grpo,0.2886918618691717,0.9379265167387635,0.0013009169345038173,0.0005143181739659886,0.6175113754055964,0.005930106978404894,0.3765585176159986,0.9999999738409039
bell,shared,code,square,maxrl,0.2886918618691717,0.42759309116426064,0.23918211483267754,0.0005143181739659886,0.06979044637752246,0.171884647108114,0.7583249065143637,0.6612380612984426
bell,shared,code,square,tailrl,0.2886918618691717,0.8957982899462907,0.004970081047024188,0.0005143181739659886,0.47058169101294317,0.014134715408646076,0.5152835935784107,0.9999953066523247
bell,shared,code,square,pkpo,0.2886918618691717,0.6221701814244828,0.010441088281098162,0.0005143181739659886,0.08426911557799893,0.0779609933137377,0.8377698911082634,0.9707327016862513
bell,shared,code,square,elite,0.2886918618691717,0.6774225560716772,0.19312278588551773,0.0005143181739659886,0.1695389946110919,0.014379542528535065,0.8160814628603729,0.9312470917187058
bell,shared,code,ranknormal,rloo,0.2886918618691717,0.8998188032651641,0.0019129110207524503,0.0005143181739659886,0.459505964320916,0.00829806216490555,0.5321959735141786,0.9999939686784477
bell,shared,code,ranknormal,grpo,0.2886918618691717,0.9322150190554757,0.0018261359016526486,0.0005143181739659886,0.5926266637800042,0.0067925095713381465,0.4005808266486577,0.9999999297548618
bell,shared,code,ranknormal,maxrl,0.2886918618691717,0.42759309116426064,0.23918211483267754,0.0005143181739659886,0.06979044637752246,0.171884647108114,0.7583249065143637,0.6612380612984426
bell,shared,code,ranknormal,tailrl,0.2886918618691717,0.9737028472946556,0.0006599112790946439,0.0005143181739659886,0.8266448588136465,0.004827937960967394,0.16852720322538617,0.9999999999999248
bell,shared,code,ranknormal,pkpo,0.2886918618691717,0.8886150134696518,0.0011379374937388004,0.0005143181739659886,0.49007171463647975,0.028566566514141644,0.48136171884937856,0.9999976436832948
bell,shared,code,ranknormal,elite,0.2886918618691717,0.6774225560716772,0.19312278588551773,0.0005143181739659886,0.1695389946110919,0.014379542528535065,0.8160814628603729,0.9312470917187058
bell,shared,code,reciprocal,rloo,0.2886918618691717,0.024212464179454624,0.0012191217950633718,0.0005143181739659886,0.0005127913325819883,0.9349065152250805,0.06458069344233759,0.25304800362775753
bell,shared,code,reciprocal,grpo,0.2886918618691717,0.003504434871167951,0.0002605728507555362,0.0005143181739659886,0.0003061292670224624,0.991553536436527,0.008140334296450587,0.05311356977226716
bell,shared,code,reciprocal,maxrl,0.2886918618691717,0.42759309116426064,0.23918211483267754,0.0005143181739659886,0.06979044637752246,0.171884647108114,0.7583249065143637,0.6612380612984426
bell,shared,code,reciprocal,tailrl,0.2886918618691717,0.01625066018699885,0.0009953774288520847,0.0005143181739659886,0.0004476212915146193,0.9567275861202716,0.04282479258821376,0.1948334925779129
bell,shared,code,reciprocal,pkpo,0.2886918618691717,0.10520652459290747,0.003083765847187992,0.0005143181739659886,0.0006449736703353727,0.709187964499136,0.29016706183052854,0.400226568123866
bell,shared,code,reciprocal,elite,0.2886918618691717,0.01552469851418964,0.001441748393077508,0.0005143181739659886,0.0005706363763824629,0.9597346742046685,0.039694689418949186,0.19078769511401258
bell,neural,quality,identity,rloo,0.5000000000000001,0.6224928757575402,0.021079299711182657,0.0057925738750420844,0.03696129026285552,0.01044751018646699,0.9525911995506773,0.8670050514870806
bell,neural,quality,identity,grpo,0.5000000000000001,0.9960195659687675,0.0002736179836962749,0.0057925738750420844,0.9995840575603472,1.4088589869409618e-7,0.0004158015537541002,1
bell,neural,quality,identity,maxrl,0.5000000000000001,0.9604172625444111,0.006418548418701576,0.0057925738750420844,0.9335942112740514,0.000005570048695656058,0.06640021867725295,0.9999986844692749
bell,neural,quality,identity,tailrl,0.5000000000000001,0.9039285162772387,0.006296899754335774,0.0057925738750420844,0.6895854112351648,0.000051676856408643666,0.31036291190842663,0.9991497789635472
bell,neural,quality,identity,pkpo,0.5000000000000001,0.6180021469538484,0.02405215719682008,0.0057925738750420844,0.03669286816141041,0.012077696565478309,0.9512294352731113,0.8656463761916205
bell,neural,quality,identity,elite,0.5000000000000001,0.9921217770740762,0.0003468420995401336,0.0057925738750420844,0.9976913887354361,8.74866703805166e-7,0.002307736397860106,0.9999999999999978
bell,neural,quality,log,rloo,0.5000000000000001,0.5753341034639101,0.012373312096874098,0.0057925738750420844,0.019389112329338255,0.022558101728739954,0.9580527859419217,0.8301423235288082
bell,neural,quality,log,grpo,0.5000000000000001,0.9959762911796494,0.00029535310044355445,0.0057925738750420844,0.9995748429644346,1.3689222772150802e-7,0.0004250201433377166,1
bell,neural,quality,log,maxrl,0.5000000000000001,0.9604172625444111,0.006418548418701576,0.0057925738750420844,0.9335942112740514,0.000005570048695656058,0.06640021867725295,0.9999986844692749
bell,neural,quality,log,tailrl,0.5000000000000001,0.7665726901548849,0.017211023389193867,0.0057925738750420844,0.20165966066154273,0.0006731173645932413,0.7976672219738639,0.9591708455270171
bell,neural,quality,log,pkpo,0.5000000000000001,0.5539329809662535,0.011274887067170378,0.0057925738750420844,0.0143835978019266,0.03165811371003834,0.953958288488035,0.8126191908639496
bell,neural,quality,log,elite,0.5000000000000001,0.9921217770740762,0.0003468420995401336,0.0057925738750420844,0.9976913887354361,8.74866703805166e-7,0.002307736397860106,0.9999999999999978
bell,neural,quality,square,rloo,0.5000000000000001,0.6450925867774513,0.028050863154304974,0.0057925738750420844,0.05016865301179357,0.007265255300447973,0.9425660916877584,0.8836572003480431
bell,neural,quality,square,grpo,0.5000000000000001,0.9960090572136857,0.00029107566372763493,0.0057925738750420844,0.9995782660194134,1.522647349349087e-7,0.00042158171585170157,1
bell,neural,quality,square,maxrl,0.5000000000000001,0.9604172625444111,0.006418548418701576,0.0057925738750420844,0.9335942112740514,0.000005570048695656058,0.06640021867725295,0.9999986844692749
bell,neural,quality,square,tailrl,0.5000000000000001,0.9505823215164776,0.0030866258275557756,0.0057925738750420844,0.8948270236261505,0.000016027791286489346,0.10515694858256297,0.9999951386280314
bell,neural,quality,square,pkpo,0.5000000000000001,0.7001051406936399,0.03295049535221193,0.0057925738750420844,0.10407889104838393,0.003083641738305484,0.8928374672133105,0.9236880644153453
bell,neural,quality,square,elite,0.5000000000000001,0.9921217770740762,0.0003468420995401336,0.0057925738750420844,0.9976913887354361,8.74866703805166e-7,0.002307736397860106,0.9999999999999978
bell,neural,quality,ranknormal,rloo,0.5000000000000001,0.9930423709561952,0.00043928749094707814,0.0057925738750420844,0.9983505788919321,5.262029573892408e-7,0.001648894905110481,0.9999999999999999
bell,neural,quality,ranknormal,grpo,0.5000000000000001,0.9958528782919173,0.0003810044201366934,0.0057925738750420844,0.9995324163114808,1.6174318269319948e-7,0.00046742194533649857,0.9999999999999994
bell,neural,quality,ranknormal,maxrl,0.5000000000000001,0.9604172625444111,0.006418548418701576,0.0057925738750420844,0.9335942112740514,0.000005570048695656058,0.06640021867725295,0.9999986844692749
bell,neural,quality,ranknormal,tailrl,0.5000000000000001,0.9968295455130557,0.00003256916263739064,0.0057925738750420844,0.9997430791547207,1.1090747803395231e-7,0.0002568099378012136,1
bell,neural,quality,ranknormal,pkpo,0.5000000000000001,0.9696366523974826,0.0005083314308195925,0.0057925738750420844,0.9562804071454747,0.000013621220106463714,0.04370597163441884,0.9999999763450688
bell,neural,quality,ranknormal,elite,0.5000000000000001,0.9921217770740762,0.0003468420995401336,0.0057925738750420844,0.9976913887354361,8.74866703805166e-7,0.002307736397860106,0.9999999999999978
bell,neural,quality,reciprocal,rloo,0.5000000000000001,0.46715671247606955,0.005180665245962609,0.0057925738750420844,0.0031739895090903566,0.09822391097479054,0.8986020995161189,0.7306978031012609
bell,neural,quality,reciprocal,grpo,0.5000000000000001,0.004759934466297576,0.0005667515700005594,0.0057925738750420844,4.473871441776281e-9,0.9999878304269455,0.000012165099182882591,0.04424908352888234
bell,neural,quality,reciprocal,maxrl,0.5000000000000001,0.9604172625444111,0.006418548418701576,0.0057925738750420844,0.9335942112740514,0.000005570048695656058,0.06640021867725295,0.9999986844692749
bell,neural,quality,reciprocal,tailrl,0.5000000000000001,0.04126360474583842,0.002704749629851797,0.0057925738750420844,4.865857214700142e-7,0.9953341878221375,0.004665325592141054,0.16852111724665764
bell,neural,quality,reciprocal,pkpo,0.5000000000000001,0.43316476248122643,0.01257449250516043,0.0057925738750420844,0.001702125652133955,0.14396356660781404,0.8543343077400519,0.6976351637499375
bell,neural,quality,reciprocal,elite,0.5000000000000001,0.00824284332575618,0.00015180022224934014,0.0057925738750420844,2.1756781301992393e-8,0.9999332755921779,0.00006670265104071973,0.061110381094086334
bell,neural,binary,identity,rloo,0.0057925738750420844,0.006934839558939354,0.00037426321058705415,0.0057925738750420844,0.006934839558939354,0.9930651604410605,0,0.1053588439546378
bell,neural,binary,identity,grpo,0.0057925738750420844,0.01802106245826925,0.005910490856526886,0.0057925738750420844,0.01802106245826925,0.9819789375417307,0,0.25026907498729195
bell,neural,binary,identity,maxrl,0.0057925738750420844,0.9335942112740514,0.02297269932041822,0.0057925738750420844,0.9335942112740514,0.0664057887259486,0,1
bell,neural,binary,identity,tailrl,0.0057925738750420844,0.9335942112740514,0.02297269932041825,0.0057925738750420844,0.9335942112740514,0.0664057887259486,0,1
bell,neural,binary,identity,pkpo,0.0057925738750420844,0.018831144274334535,0.006042952298684925,0.0057925738750420844,0.018831144274334535,0.9811688557256654,0,0.2600112817480744
bell,neural,binary,identity,elite,0.0057925738750420844,0.006605922729115639,0.0004515637153553125,0.0057925738750420844,0.006605922729115639,0.9933940772708842,0,0.10060132287249272
bell,neural,binary,log,rloo,0.0057925738750420844,0.006934839558939354,0.00037426321058705415,0.0057925738750420844,0.006934839558939354,0.9930651604410605,0,0.1053588439546378
bell,neural,binary,log,grpo,0.0057925738750420844,0.01802106245826925,0.005910490856526886,0.0057925738750420844,0.01802106245826925,0.9819789375417307,0,0.25026907498729195
bell,neural,binary,log,maxrl,0.0057925738750420844,0.9335942112740514,0.02297269932041822,0.0057925738750420844,0.9335942112740514,0.0664057887259486,0,1
bell,neural,binary,log,tailrl,0.0057925738750420844,0.9335942112740514,0.02297269932041825,0.0057925738750420844,0.9335942112740514,0.0664057887259486,0,1
bell,neural,binary,log,pkpo,0.0057925738750420844,0.018831144274334535,0.006042952298684925,0.0057925738750420844,0.018831144274334535,0.9811688557256654,0,0.2600112817480744
bell,neural,binary,log,elite,0.0057925738750420844,0.006605922729115639,0.0004515637153553125,0.0057925738750420844,0.006605922729115639,0.9933940772708842,0,0.10060132287249272
bell,neural,binary,square,rloo,0.0057925738750420844,0.006934839558939354,0.00037426321058705415,0.0057925738750420844,0.006934839558939354,0.9930651604410605,0,0.1053588439546378
bell,neural,binary,square,grpo,0.0057925738750420844,0.01802106245826925,0.005910490856526886,0.0057925738750420844,0.01802106245826925,0.9819789375417307,0,0.25026907498729195
bell,neural,binary,square,maxrl,0.0057925738750420844,0.9335942112740514,0.02297269932041822,0.0057925738750420844,0.9335942112740514,0.0664057887259486,0,1
bell,neural,binary,square,tailrl,0.0057925738750420844,0.9335942112740514,0.02297269932041825,0.0057925738750420844,0.9335942112740514,0.0664057887259486,0,1
bell,neural,binary,square,pkpo,0.0057925738750420844,0.018831144274334535,0.006042952298684925,0.0057925738750420844,0.018831144274334535,0.9811688557256654,0,0.2600112817480744
bell,neural,binary,square,elite,0.0057925738750420844,0.006605922729115639,0.0004515637153553125,0.0057925738750420844,0.006605922729115639,0.9933940772708842,0,0.10060132287249272
bell,neural,binary,ranknormal,rloo,0.0057925738750420844,0.008922534292389301,0.0014242003650779774,0.0057925738750420844,0.008922534292389301,0.9910774657076106,0,0.13345052821565884
bell,neural,binary,ranknormal,grpo,0.0057925738750420844,0.01802106297058223,0.005910491150596559,0.0057925738750420844,0.01802106297058223,0.9819789370294179,0,0.250269081023903
bell,neural,binary,ranknormal,maxrl,0.0057925738750420844,0.9335942112740514,0.02297269932041822,0.0057925738750420844,0.9335942112740514,0.0664057887259486,0,1
bell,neural,binary,ranknormal,tailrl,0.0057925738750420844,0.9835650246590198,0.0023548475928994264,0.0057925738750420844,0.9835650246590198,0.016434975340980262,0,1
bell,neural,binary,ranknormal,pkpo,0.0057925738750420844,0.5509067871858294,0.06844111831141429,0.0057925738750420844,0.5509067871858294,0.4490932128141707,0,0.9999891314527986
bell,neural,binary,ranknormal,elite,0.0057925738750420844,0.006605922729115639,0.0004515637153553125,0.0057925738750420844,0.006605922729115639,0.9933940772708842,0,0.10060132287249272
bell,neural,binary,reciprocal,rloo,0.0057925738750420844,0.005023473117163731,0.00023741396036141367,0.0057925738750420844,0.005023473117163731,0.9949765268828362,0,0.07741298070283957
bell,neural,binary,reciprocal,grpo,0.0057925738750420844,0.0033646982794425114,0.0006789410169953482,0.0057925738750420844,0.0033646982794425114,0.9966353017205574,0,0.05246254509117517
bell,neural,binary,reciprocal,maxrl,0.0057925738750420844,0.9335942112740514,0.02297269932041822,0.0057925738750420844,0.9335942112740514,0.0664057887259486,0,1
bell,neural,binary,reciprocal,tailrl,0.0057925738750420844,0.005016806085072958,0.000238092603165467,0.0057925738750420844,0.005016806085072958,0.9949831939149268,0,0.077314040214666
bell,neural,binary,reciprocal,pkpo,0.0057925738750420844,0.005792573875042085,8.673617379884035e-19,0.0057925738750420844,0.005792573875042085,0.9942074261249582,0,0.0887615352293526
bell,neural,binary,reciprocal,elite,0.0057925738750420844,0.0055774115159471895,0.0005089972491395183,0.0057925738750420844,0.0055774115159471895,0.9944225884840527,0,0.08558191606998955
bell,neural,code,identity,rloo,0.2886918618691717,0.348528238293147,0.008976819788523474,0.0005143181739659886,0.002261019805522811,0.0827419048704223,0.9149970753240547,0.6175808132584409
bell,neural,code,identity,grpo,0.2886918618691717,0.9880417705037959,0.0012028094761494688,0.0005143181739659886,0.902898541850529,9.685107561234383e-7,0.09710048963871491,1
bell,neural,code,identity,maxrl,0.2886918618691717,0.3057050506081896,0.024074433103072314,0.0005143181739659886,0.0009018587209230301,0.1647693018751634,0.8343288394039137,0.5094084987693313
bell,neural,code,identity,tailrl,0.2886918618691717,0.8968534502590692,0.01001221490989754,0.0005143181739659886,0.4670541951112106,0.00005594660964074627,0.5328898582791487,0.9999937301813694
bell,neural,code,identity,pkpo,0.2886918618691717,0.3514350927086378,0.022226282102602267,0.0005143181739659886,0.0027269168926183167,0.08342139805331379,0.9138516850540679,0.6291625506692736
bell,neural,code,identity,elite,0.2886918618691717,0.9450077570791343,0.010518440061239679,0.0005143181739659886,0.6565949632967166,0.0000326148806721354,0.3433724218226113,0.9999999871597867
bell,neural,code,log,rloo,0.2886918618691717,0.37828267508287566,0.008083676822365412,0.0005143181739659886,0.004178482399145295,0.04477548720088829,0.9510460303999664,0.6951318959027736
bell,neural,code,log,grpo,0.2886918618691717,0.9873311672638773,0.0010669249365184577,0.0005143181739659886,0.8975717981703107,0.0000010291406099277957,0.1024271726890793,0.9999999999999994
bell,neural,code,log,maxrl,0.2886918618691717,0.3057050506081896,0.024074433103072314,0.0005143181739659886,0.0009018587209230301,0.1647693018751634,0.8343288394039137,0.5094084987693313
bell,neural,code,log,tailrl,0.2886918618691717,0.7940210373628607,0.0215833289907041,0.0005143181739659886,0.24178084217019646,0.00021481578683071986,0.7580043420429728,0.9984504322187604
bell,neural,code,log,pkpo,0.2886918618691717,0.3235898287054175,0.009056963890398598,0.0005143181739659886,0.001294403004256743,0.12667082795294762,0.8720347690427955,0.5521420057979237
bell,neural,code,log,elite,0.2886918618691717,0.9450077570791343,0.010518440061239679,0.0005143181739659886,0.6565949632967166,0.0000326148806721354,0.3433724218226113,0.9999999871597867
bell,neural,code,square,rloo,0.2886918618691717,0.31604878972790795,0.0047649531090379095,0.0005143181739659886,0.0010408406587661078,0.14080067011523897,0.8581584892259949,0.531212516284011
bell,neural,code,square,grpo,0.2886918618691717,0.9876530843282333,0.0010772503422767478,0.0005143181739659886,0.8999649639558415,0.0000010617506100294858,0.10003397429354859,1
bell,neural,code,square,maxrl,0.2886918618691717,0.3057050506081896,0.024074433103072314,0.0005143181739659886,0.0009018587209230301,0.1647693018751634,0.8343288394039137,0.5094084987693313
bell,neural,code,square,tailrl,0.2886918618691717,0.9323378674797977,0.009984813093052596,0.0005143181739659886,0.5954987301373252,0.00002632247310448263,0.40447494738957035,0.9999998805042791
bell,neural,code,square,pkpo,0.2886918618691717,0.36353000757167053,0.03120340859085994,0.0005143181739659886,0.003781456602046421,0.0707818274806833,0.9254367159172702,0.6600920034748697
bell,neural,code,square,elite,0.2886918618691717,0.9450077570791343,0.010518440061239679,0.0005143181739659886,0.6565949632967166,0.0000326148806721354,0.3433724218226113,0.9999999871597867
bell,neural,code,ranknormal,rloo,0.2886918618691717,0.9731023937558535,0.003208855895944487,0.0005143181739659886,0.8016685284544165,0.000005639334690522386,0.19832583221089303,0.9999999999985637
bell,neural,code,ranknormal,grpo,0.2886918618691717,0.987738367054006,0.0011464641159436902,0.0005143181739659886,0.9006885172421928,0.0000010851893769463732,0.09931039756843017,0.9999999999999994
bell,neural,code,ranknormal,maxrl,0.2886918618691717,0.3057050506081896,0.024074433103072314,0.0005143181739659886,0.0009018587209230301,0.1647693018751634,0.8343288394039137,0.5094084987693313
bell,neural,code,ranknormal,tailrl,0.2886918618691717,0.9927537608144577,0.00015480914458969468,0.0005143181739659886,0.9393037379702442,4.818265319405658e-7,0.06069578020322381,0.9999999999999988
bell,neural,code,ranknormal,pkpo,0.2886918618691717,0.9305913474873998,0.001428177069924338,0.0005143181739659886,0.5941510568769736,0.0000578220732650281,0.4057911210497614,0.9999999352947749
bell,neural,code,ranknormal,elite,0.2886918618691717,0.9450077570791343,0.010518440061239679,0.0005143181739659886,0.6565949632967166,0.0000326148806721354,0.3433724218226113,0.9999999871597867
bell,neural,code,reciprocal,rloo,0.2886918618691717,0.03799320690140774,0.00930899745403021,0.0005143181739659886,9.433742581650493e-7,0.8915431240876149,0.10845593253812685,0.2905631080899382
bell,neural,code,reciprocal,grpo,0.2886918618691717,0.0010709250964978843,0.0004302703000602627,0.0005143181739659886,8.971017848686802e-9,0.9969410089611396,0.0030589820678427796,0.0167067056811998
bell,neural,code,reciprocal,maxrl,0.2886918618691717,0.3057050506081896,0.024074433103072314,0.0005143181739659886,0.0009018587209230301,0.1647693018751634,0.8343288394039137,0.5094084987693313
bell,neural,code,reciprocal,tailrl,0.2886918618691717,0.008492950083757644,0.0004318348904903672,0.0005143181739659886,9.143762340767509e-8,0.975743339725915,0.024256568836461587,0.1137341546918804
bell,neural,code,reciprocal,pkpo,0.2886918618691717,0.1189837267560182,0.0023589780863544126,0.0005143181739659886,0.00001079781265726102,0.661061259951061,0.3389279422362816,0.3551645708933764
bell,neural,code,reciprocal,elite,0.2886918618691717,0.008733436926943823,0.0002958548779856852,0.0005143181739659886,1.2505987866930896e-7,0.9750592604825535,0.02494061445756789,0.11640357120574318
uniform,independent,quality,identity,rloo,0.49999999999999994,0.5987534272550863,0.001060127032186339,0.14285714285714285,0.2330327178579246,0.18811010013200735,0.578857182010068,0.9840202333751699
uniform,independent,quality,identity,grpo,0.49999999999999994,0.8857566304056984,0.006042616031497556,0.14285714285714285,0.7654406580140366,0.040432340084708314,0.19412700190125495,0.9999999360363604
uniform,independent,quality,identity,maxrl,0.49999999999999994,0.8729543658968525,0.019310863649471495,0.14285714285714285,0.8811387319232082,0.039422032261887036,0.07943923581490475,0.9811669034713074
uniform,independent,quality,identity,tailrl,0.49999999999999994,0.8214529559911373,0.01065859357803512,0.14285714285714285,0.6580933810111974,0.08125009713433111,0.2606565218544714,0.9999995536382573
uniform,independent,quality,identity,pkpo,0.49999999999999994,0.585883241587405,0.0042279511653069805,0.14285714285714285,0.2626642782821031,0.224423750143148,0.5129119715747489,0.9909118546456535
uniform,independent,quality,identity,elite,0.49999999999999994,0.9648473523012268,0.000930199677926096,0.14285714285714285,0.9394846083200911,0.01912802625413851,0.04138736542577031,0.9999999999999988
uniform,independent,quality,log,rloo,0.49999999999999994,0.5752845651719866,0.0003223872612658952,0.14285714285714285,0.19405001497762409,0.19652622082451152,0.6094237641978644,0.9762213732798557
uniform,independent,quality,log,grpo,0.49999999999999994,0.7878150051872433,0.0060795893443592545,0.14285714285714285,0.5390179454702954,0.062185982700056076,0.39879607182964866,0.9993635241028617
uniform,independent,quality,log,maxrl,0.49999999999999994,0.8729543658968525,0.019310863649471495,0.14285714285714285,0.8811387319232082,0.039422032261887036,0.07943923581490475,0.9811669034713074
uniform,independent,quality,log,tailrl,0.49999999999999994,0.6652221023092788,0.004796719367492295,0.14285714285714285,0.34828457151441317,0.14646546803471858,0.5052499604508683,0.9969560398306903
uniform,independent,quality,log,pkpo,0.49999999999999994,0.5427701636622454,0.001102848847357008,0.14285714285714285,0.19130672131399026,0.25097329291576137,0.5577199857702483,0.9770821890809538
uniform,independent,quality,log,elite,0.49999999999999994,0.9648473523012268,0.000930199677926096,0.14285714285714285,0.9394846083200911,0.01912802625413851,0.04138736542577031,0.9999999999999988
uniform,independent,quality,square,rloo,0.49999999999999994,0.6176903104259365,0.001861539822941892,0.14285714285714285,0.2836553201449088,0.18913021635944682,0.5272144634956444,0.9914465902110378
uniform,independent,quality,square,grpo,0.49999999999999994,0.9514942490641402,0.007778172963254106,0.14285714285714285,0.9066637480218097,0.020831213014597217,0.07250503896359305,0.9999999999995305
uniform,independent,quality,square,maxrl,0.49999999999999994,0.8729543658968525,0.019310863649471495,0.14285714285714285,0.8811387319232082,0.039422032261887036,0.07943923581490475,0.9811669034713074
uniform,independent,quality,square,tailrl,0.49999999999999994,0.9226200114449273,0.002247331544223682,0.14285714285714285,0.8574244638046481,0.038440867569454806,0.10413466862589711,0.999999999999746
uniform,independent,quality,square,pkpo,0.49999999999999994,0.6468886322202355,0.005894465091190751,0.14285714285714285,0.37762142045087316,0.19117110958041753,0.43120746996870923,0.9987243672061695
uniform,independent,quality,square,elite,0.49999999999999994,0.9648473523012268,0.000930199677926096,0.14285714285714285,0.9394846083200911,0.01912802625413851,0.04138736542577031,0.9999999999999988
uniform,independent,quality,ranknormal,rloo,0.49999999999999994,0.95616463989297,0.001973891442320719,0.14285714285714285,0.9138532416845574,0.018896791598403337,0.06724996671703926,0.9999999999999994
uniform,independent,quality,ranknormal,grpo,0.49999999999999994,0.9732363174424544,0.003171025641259868,0.14285714285714285,0.947577196296746,0.011562376441085459,0.04086042726216855,1
uniform,independent,quality,ranknormal,maxrl,0.49999999999999994,0.8729543658968525,0.019310863649471495,0.14285714285714285,0.8811387319232082,0.039422032261887036,0.07943923581490475,0.9811669034713074
uniform,independent,quality,ranknormal,tailrl,0.49999999999999994,0.9851736056903134,0.00032521232879176494,0.14285714285714285,0.9730565425545622,0.007550938174940957,0.01939251927049686,0.9999999999999988
uniform,independent,quality,ranknormal,pkpo,0.49999999999999994,0.8351190458646593,0.0020201255011192978,0.14285714285714285,0.7094819275383983,0.08975584635671625,0.20076222610488537,0.9999999960438716
uniform,independent,quality,ranknormal,elite,0.49999999999999994,0.9648473523012268,0.000930199677926096,0.14285714285714285,0.9394846083200911,0.01912802625413851,0.04138736542577031,0.9999999999999988
uniform,independent,quality,reciprocal,rloo,0.49999999999999994,0.4066912106080324,0.0008012469056345513,0.14285714285714285,0.10970387547525375,0.42316358557728856,0.4671325389474578,0.9420360544200447
uniform,independent,quality,reciprocal,grpo,0.49999999999999994,0.017959951193290004,0.0013482570452892084,0.14285714285714285,0.004628695752091681,0.9748774127362894,0.020493891511619147,0.2402539973894057
uniform,independent,quality,reciprocal,maxrl,0.49999999999999994,0.8729543658968525,0.019310863649471495,0.14285714285714285,0.8811387319232082,0.039422032261887036,0.07943923581490475,0.9811669034713074
uniform,independent,quality,reciprocal,tailrl,0.49999999999999994,0.04473713320099543,0.0016404027846863777,0.14285714285714285,0.012271958933124256,0.9367799753959946,0.050948065670881316,0.477150106451446
uniform,independent,quality,reciprocal,pkpo,0.49999999999999994,0.2404531104721929,0.004568828596260785,0.14285714285714285,0.06749195570757628,0.6600582013107071,0.27244984298171643,0.8927880171002309
uniform,independent,quality,reciprocal,elite,0.49999999999999994,0.03555971788667016,0.0005486539939829843,0.14285714285714285,0.009674152836694153,0.9509998124565288,0.03932603470677749,0.407419332744228
uniform,independent,binary,identity,rloo,0.14285714285714285,0.4644681741771717,0.007666661253292975,0.14285714285714285,0.4644681741771717,0.5355318258228282,0,0.9999534625856507
uniform,independent,binary,identity,grpo,0.14285714285714285,0.9119486862347275,0.016385538778206914,0.14285714285714285,0.9119486862347275,0.08805131376527253,0,0.9999999999999994
uniform,independent,binary,identity,maxrl,0.14285714285714285,0.8811387319232082,0.02618020068866779,0.14285714285714285,0.8811387319232082,0.11886126807679176,0,0.9999999999999808
uniform,independent,binary,identity,tailrl,0.14285714285714285,0.8811387319232082,0.02618020068866779,0.14285714285714285,0.8811387319232082,0.11886126807679176,0,0.9999999999999808
uniform,independent,binary,identity,pkpo,0.14285714285714285,0.5514457813323795,0.0029176489077942006,0.14285714285714285,0.5514457813323795,0.4485542186676204,0,0.9999973054769681
uniform,independent,binary,identity,elite,0.14285714285714285,0.8392258358714996,0.03486993381059693,0.14285714285714285,0.8392258358714996,0.16077416412850046,0,0.9999999999976111
uniform,independent,binary,log,rloo,0.14285714285714285,0.4644681741771717,0.007666661253292975,0.14285714285714285,0.4644681741771717,0.5355318258228282,0,0.9999534625856507
uniform,independent,binary,log,grpo,0.14285714285714285,0.9119486862347275,0.016385538778206914,0.14285714285714285,0.9119486862347275,0.08805131376527253,0,0.9999999999999994
uniform,independent,binary,log,maxrl,0.14285714285714285,0.8811387319232082,0.02618020068866779,0.14285714285714285,0.8811387319232082,0.11886126807679176,0,0.9999999999999808
uniform,independent,binary,log,tailrl,0.14285714285714285,0.8811387319232082,0.02618020068866779,0.14285714285714285,0.8811387319232082,0.11886126807679176,0,0.9999999999999808
uniform,independent,binary,log,pkpo,0.14285714285714285,0.5514457813323795,0.0029176489077942006,0.14285714285714285,0.5514457813323795,0.4485542186676204,0,0.9999973054769681
uniform,independent,binary,log,elite,0.14285714285714285,0.8392258358714996,0.03486993381059693,0.14285714285714285,0.8392258358714996,0.16077416412850046,0,0.9999999999976111
uniform,independent,binary,square,rloo,0.14285714285714285,0.4644681741771717,0.007666661253292975,0.14285714285714285,0.4644681741771717,0.5355318258228282,0,0.9999534625856507
uniform,independent,binary,square,grpo,0.14285714285714285,0.9119486862347275,0.016385538778206914,0.14285714285714285,0.9119486862347275,0.08805131376527253,0,0.9999999999999994
uniform,independent,binary,square,maxrl,0.14285714285714285,0.8811387319232082,0.02618020068866779,0.14285714285714285,0.8811387319232082,0.11886126807679176,0,0.9999999999999808
uniform,independent,binary,square,tailrl,0.14285714285714285,0.8811387319232082,0.02618020068866779,0.14285714285714285,0.8811387319232082,0.11886126807679176,0,0.9999999999999808
uniform,independent,binary,square,pkpo,0.14285714285714285,0.5514457813323795,0.0029176489077942006,0.14285714285714285,0.5514457813323795,0.4485542186676204,0,0.9999973054769681
uniform,independent,binary,square,elite,0.14285714285714285,0.8392258358714996,0.03486993381059693,0.14285714285714285,0.8392258358714996,0.16077416412850046,0,0.9999999999976111
uniform,independent,binary,ranknormal,rloo,0.14285714285714285,0.6994773736015761,0.01683990253737594,0.14285714285714285,0.6994773736015761,0.3005226263984238,0,0.999999994582459
uniform,independent,binary,ranknormal,grpo,0.14285714285714285,0.9119486893429007,0.016385538550178946,0.14285714285714285,0.9119486893429007,0.08805131065709922,0,0.9999999999999994
uniform,independent,binary,ranknormal,maxrl,0.14285714285714285,0.8811387319232082,0.02618020068866779,0.14285714285714285,0.8811387319232082,0.11886126807679176,0,0.9999999999999808
uniform,independent,binary,ranknormal,tailrl,0.14285714285714285,0.9387115479337913,0.01796742907857958,0.14285714285714285,0.9387115479337913,0.06128845206620859,0,0.9999999999999982
uniform,independent,binary,ranknormal,pkpo,0.14285714285714285,0.6177966882673499,0.0038082992106993727,0.14285714285714285,0.6177966882673499,0.3822033117326504,0,0.9999997910291162
uniform,independent,binary,ranknormal,elite,0.14285714285714285,0.8392258358714996,0.03486993381059693,0.14285714285714285,0.8392258358714996,0.16077416412850046,0,0.9999999999976111
uniform,independent,binary,reciprocal,rloo,0.14285714285714285,0.07642325451049138,0.0003376156948706433,0.14285714285714285,0.07642325451049138,0.9235767454895086,0,0.7197326743620739
uniform,independent,binary,reciprocal,grpo,0.14285714285714285,0.03263484496919292,0.0019820606097517833,0.14285714285714285,0.03263484496919292,0.9673651550308073,0,0.41170901632040646
uniform,independent,binary,reciprocal,maxrl,0.14285714285714285,0.8811387319232082,0.02618020068866779,0.14285714285714285,0.8811387319232082,0.11886126807679176,0,0.9999999999999808
uniform,independent,binary,reciprocal,tailrl,0.14285714285714285,0.07213012916683463,0.00046493531637570095,0.14285714285714285,0.07213012916683463,0.9278698708331653,0,0.6981425496294161
uniform,independent,binary,reciprocal,pkpo,0.14285714285714285,0.1414660520227041,0.00008878688783400378,0.14285714285714285,0.1414660520227041,0.8585339479772959,0,0.9128795853883034
uniform,independent,binary,reciprocal,elite,0.14285714285714285,0.07562711213852817,0.00043295076632388004,0.14285714285714285,0.07562711213852817,0.9243728878614718,0,0.715840096288478
uniform,independent,code,identity,rloo,0.31785714285714284,0.4548858815550298,0.0012322821996450578,0.047619047619047616,0.12602912606608865,0.25168050784916735,0.622290366084744,0.9838699927747475
uniform,independent,code,identity,grpo,0.31785714285714284,0.9487740707265712,0.004900744815417602,0.047619047619047616,0.8945947942497625,0.02024930771176528,0.08515589803847223,0.9999999999999994
uniform,independent,code,identity,maxrl,0.31785714285714284,0.9608697840198639,0.0009924423966307442,0.047619047619047616,0.9453154577682206,0.021731214950531545,0.0329533272812479,0.9999999999999994
uniform,independent,code,identity,tailrl,0.31785714285714284,0.9063489025850658,0.0019212893486414988,0.047619047619047616,0.8400543353537128,0.04422469512072754,0.11572096952555962,0.9999999999999769
uniform,independent,code,identity,pkpo,0.31785714285714284,0.5432088776508518,0.006121055572793497,0.047619047619047616,0.27425063904471775,0.23878801960730786,0.4869613413479743,0.9992139672583736
uniform,independent,code,identity,elite,0.31785714285714284,0.9489815728117406,0.0030723172768025793,0.047619047619047616,0.9160926019503676,0.02602327776513851,0.05788412028449399,0.9999999999999994
uniform,independent,code,log,rloo,0.31785714285714284,0.4349452117381098,0.001089053009882776,0.047619047619047616,0.08954969033643845,0.23179123223517908,0.6786590774283824,0.9672982760723862
uniform,independent,code,log,grpo,0.31785714285714284,0.771212619043187,0.01721441521187229,0.047619047619047616,0.47960726063150255,0.06412492744615417,0.4562678119223433,0.9999909099344153
uniform,independent,code,log,maxrl,0.31785714285714284,0.9608697840198639,0.0009924423966307442,0.047619047619047616,0.9453154577682206,0.021731214950531545,0.0329533272812479,0.9999999999999994
uniform,independent,code,log,tailrl,0.31785714285714284,0.7532708441854062,0.018040033886967805,0.047619047619047616,0.5347831072815665,0.09691715470370788,0.36829973801472554,0.9999990163645025
uniform,independent,code,log,pkpo,0.31785714285714284,0.43189214170297063,0.005814912200068365,0.047619047619047616,0.12452249980164708,0.29280510257023656,0.5826723976281163,0.9824669896381663
uniform,independent,code,log,elite,0.31785714285714284,0.9489815728117406,0.0030723172768025793,0.047619047619047616,0.9160926019503676,0.02602327776513851,0.05788412028449399,0.9999999999999994
uniform,independent,code,square,rloo,0.31785714285714284,0.4780504520642516,0.006374944599175745,0.047619047619047616,0.18151711264678108,0.26667817957036627,0.5518047077828526,0.9943638966898711
uniform,independent,code,square,grpo,0.31785714285714284,0.9711556743621504,0.002397842462804999,0.047619047619047616,0.9483914843693322,0.013954617872454132,0.03765389775821379,1
uniform,independent,code,square,maxrl,0.31785714285714284,0.9608697840198639,0.0009924423966307442,0.047619047619047616,0.9453154577682206,0.021731214950531545,0.0329533272812479,0.9999999999999994
uniform,independent,code,square,tailrl,0.31785714285714284,0.9432554958596429,0.0013846058351071775,0.047619047619047616,0.9096977654098694,0.029591796858589633,0.060710437731540993,0.9999999999999994
uniform,independent,code,square,pkpo,0.31785714285714284,0.6670420252797772,0.0031005536354270615,0.047619047619047616,0.48431054178884403,0.17842755889200598,0.3372618993191499,0.9999966675219042
uniform,independent,code,square,elite,0.31785714285714284,0.9489815728117406,0.0030723172768025793,0.047619047619047616,0.9160926019503676,0.02602327776513851,0.05788412028449399,0.9999999999999994
uniform,independent,code,ranknormal,rloo,0.31785714285714284,0.9310835885185651,0.002832240410920347,0.047619047619047616,0.8800586879981372,0.028630551513371846,0.09131076048849074,0.9999999999999986
uniform,independent,code,ranknormal,grpo,0.31785714285714284,0.9671095138872973,0.0028503572028370804,0.047619047619047616,0.9432594312955942,0.013846782027297349,0.042893786677108546,1
uniform,independent,code,ranknormal,maxrl,0.31785714285714284,0.9608697840198639,0.0009924423966307442,0.047619047619047616,0.9453154577682206,0.021731214950531545,0.0329533272812479,0.9999999999999994
uniform,independent,code,ranknormal,tailrl,0.31785714285714284,0.9792484617511809,0.0005693659669595604,0.047619047619047616,0.9669626253664484,0.010242226541263222,0.022795148092288418,0.9999999999999988
uniform,independent,code,ranknormal,pkpo,0.31785714285714284,0.7773278576413601,0.002432135966334529,0.047619047619047616,0.6534726598272456,0.11650938427550213,0.23001795589725238,0.9999999940437018
uniform,independent,code,ranknormal,elite,0.31785714285714284,0.9489815728117406,0.0030723172768025793,0.047619047619047616,0.9160926019503676,0.02602327776513851,0.05788412028449399,0.9999999999999994
uniform,independent,code,reciprocal,rloo,0.31785714285714284,0.20193103345150054,0.0010758290490575707,0.047619047619047616,0.028315641287219806,0.5999052830102829,0.37177907570249724,0.8279176010867593
uniform,independent,code,reciprocal,grpo,0.31785714285714284,0.0889101317782588,0.00047738858618900275,0.047619047619047616,0.01164461970505394,0.8233458787074813,0.16500950158746455,0.6382069982403015
uniform,independent,code,reciprocal,maxrl,0.31785714285714284,0.9608697840198639,0.0009924423966307442,0.047619047619047616,0.9453154577682206,0.021731214950531545,0.0329533272812479,0.9999999999999994
uniform,independent,code,reciprocal,tailrl,0.31785714285714284,0.1355789884120865,0.0007237928209160411,0.047619047619047616,0.01878608135977687,0.7322513097023323,0.24896260893789093,0.7448943180588109
uniform,independent,code,reciprocal,pkpo,0.31785714285714284,0.2468893211936567,0.0008255510157776147,0.047619047619047616,0.03693855835035225,0.5188894761767101,0.44417196547293786,0.8719230949146896
uniform,independent,code,reciprocal,elite,0.31785714285714284,0.11292840608668525,0.0023927165539479,0.047619047619047616,0.01688496700438244,0.7798632822789351,0.203251750716682,0.7083105017237221
uniform,shared,quality,identity,rloo,0.49999999999999994,0.8921093487970119,0.0013424099207830322,0.14285714285714285,0.6886685655633284,0.01600445271306924,0.29532698172360233,0.9996622616937642
uniform,shared,quality,identity,grpo,0.49999999999999994,0.9879706800370277,0.0004415838180979974,0.14285714285714285,0.9937035476983151,0.0031322004345640583,0.0031642518671208208,0.9999999999999898
uniform,shared,quality,identity,maxrl,0.49999999999999994,0.9630768468290084,0.0005543889159381198,0.14285714285714285,0.9527426146172085,0.010212930250634031,0.03704445513215734,0.9999999898011711
uniform,shared,quality,identity,tailrl,0.49999999999999994,0.9348755876985151,0.0001995101951349739,0.14285714285714285,0.8574103199741193,0.012198382666664663,0.13039129735921604,0.9999946080485934
uniform,shared,quality,identity,pkpo,0.49999999999999994,0.7995947941464365,0.0009037186062431894,0.14285714285714285,0.5891929547396112,0.10477228454909131,0.3060347607112976,0.999445078707566
uniform,shared,quality,identity,elite,0.49999999999999994,0.9799715360042832,0.00015775263865677142,0.14285714285714285,0.9840724082030498,0.009396540659040754,0.006531051137909547,0.9999999999997667
uniform,shared,quality,log,rloo,0.49999999999999994,0.8278565847599028,0.002328590470469634,0.14285714285714285,0.45383610773856714,0.01944099435990723,0.5267228979015256,0.9953445241437251
uniform,shared,quality,log,grpo,0.49999999999999994,0.9874624098511386,0.0004100271514115899,0.14285714285714285,0.9932905808503142,0.003060010692234634,0.0036494084574510894,0.999999999999977
uniform,shared,quality,log,maxrl,0.49999999999999994,0.9630768468290084,0.0005543889159381198,0.14285714285714285,0.9527426146172085,0.010212930250634031,0.03704445513215734,0.9999999898011711
uniform,shared,quality,log,tailrl,0.49999999999999994,0.8951674209545222,0.00037796369822308784,0.14285714285714285,0.7032490788541038,0.015745345781784163,0.28100557536411197,0.9997716799107804
uniform,shared,quality,log,pkpo,0.49999999999999994,0.7313532595539143,0.0012028184756789737,0.14285714285714285,0.4374714721587776,0.13516696225584354,0.4273615655853789,0.9968590195762195
uniform,shared,quality,log,elite,0.49999999999999994,0.9799715360042832,0.00015775263865677142,0.14285714285714285,0.9840724082030498,0.009396540659040754,0.006531051137909547,0.9999999999997667
uniform,shared,quality,square,rloo,0.49999999999999994,0.9251095506508417,0.0004701376162107693,0.14285714285714285,0.8248052263761504,0.01466235847135638,0.1605324151524932,0.9999825389593014
uniform,shared,quality,square,grpo,0.49999999999999994,0.9884579901868801,0.00053169137209686,0.14285714285714285,0.9940950894780484,0.003066095557994388,0.0028388149639572368,0.9999999999999948
uniform,shared,quality,square,maxrl,0.49999999999999994,0.9630768468290084,0.0005543889159381198,0.14285714285714285,0.9527426146172085,0.010212930250634031,0.03704445513215734,0.9999999898011711
uniform,shared,quality,square,tailrl,0.49999999999999994,0.95358906636234,0.0003641293326802204,0.14285714285714285,0.9235311052412049,0.010768824612778763,0.06570007014601635,0.999999844238955
uniform,shared,quality,square,pkpo,0.49999999999999994,0.8431742519491964,0.0007416777609841093,0.14285714285714285,0.6966416169594534,0.08478250123175037,0.2185758818087963,0.9999047318350475
uniform,shared,quality,square,elite,0.49999999999999994,0.9799715360042832,0.00015775263865677142,0.14285714285714285,0.9840724082030498,0.009396540659040754,0.006531051137909547,0.9999999999997667
uniform,shared,quality,ranknormal,rloo,0.49999999999999994,0.9839915967877411,0.0006175327181943552,0.14285714285714285,0.9892402590019417,0.005187324416116347,0.005572416581942065,0.9999999999998365
uniform,shared,quality,ranknormal,grpo,0.49999999999999994,0.9881610900986973,0.0006787123725414596,0.14285714285714285,0.9934165286426065,0.0038441592802383163,0.002739312077154905,0.9999999999999968
uniform,shared,quality,ranknormal,maxrl,0.49999999999999994,0.9630768468290084,0.0005543889159381198,0.14285714285714285,0.9527426146172085,0.010212930250634031,0.03704445513215734,0.9999999898011711
uniform,shared,quality,ranknormal,tailrl,0.49999999999999994,0.988958445430368,0.00044222084734099647,0.14285714285714285,0.9938882559127835,0.0039127043483706365,0.0021990397388457635,0.9999999999999994
uniform,shared,quality,ranknormal,pkpo,0.49999999999999994,0.9396276561496487,0.0009141756728433025,0.14285714285714285,0.9172352645504849,0.032277979432220515,0.05048675601729461,0.9999999727150118
uniform,shared,quality,ranknormal,elite,0.49999999999999994,0.9799715360042832,0.00015775263865677142,0.14285714285714285,0.9840724082030498,0.009396540659040754,0.006531051137909547,0.9999999999997667
uniform,shared,quality,reciprocal,rloo,0.49999999999999994,0.06350350612727318,0.0012544924520191043,0.14285714285714285,0.015408577171938415,0.9671634257044189,0.017427997123642656,0.42386777380563606
uniform,shared,quality,reciprocal,grpo,0.49999999999999994,0.01104940346380903,0.0005246131901419063,0.14285714285714285,0.001417475768855865,0.9972223682776523,0.0013601559534918775,0.09787262506398382
uniform,shared,quality,reciprocal,maxrl,0.49999999999999994,0.9630768468290084,0.0005543889159381198,0.14285714285714285,0.9527426146172085,0.010212930250634031,0.03704445513215734,0.9999999898011711
uniform,shared,quality,reciprocal,tailrl,0.49999999999999994,0.0314699381119064,0.00028401731108611955,0.14285714285714285,0.006478831429845899,0.9874009669366123,0.006120201633541877,0.24377991089985385
uniform,shared,quality,reciprocal,pkpo,0.49999999999999994,0.10999721897775945,0.000840970909716691,0.14285714285714285,0.039903563372484206,0.911912553167263,0.048183883460252985,0.6972513249924468
uniform,shared,quality,reciprocal,elite,0.49999999999999994,0.019922441903008025,0.00005367337887588451,0.14285714285714285,0.005074850476591993,0.9898940074330321,0.005031142090375825,0.19288606617674087
uniform,shared,binary,identity,rloo,0.14285714285714285,0.9317384325450874,0.0016231659600170734,0.14285714285714285,0.9317384325450874,0.06826156745491262,0,1
uniform,shared,binary,identity,grpo,0.14285714285714285,0.9828852300118633,0.0013838181711409339,0.14285714285714285,0.9828852300118633,0.01711476998813649,0,1
uniform,shared,binary,identity,maxrl,0.14285714285714285,0.9527426146172085,0.0009501029949835204,0.14285714285714285,0.9527426146172085,0.047257385382791374,0,1
uniform,shared,binary,identity,tailrl,0.14285714285714285,0.9527426146172085,0.0009501029949834824,0.14285714285714285,0.9527426146172085,0.047257385382791395,0,1
uniform,shared,binary,identity,pkpo,0.14285714285714285,0.7291373681696531,0.006153236884598769,0.14285714285714285,0.7291373681696531,0.2708626318303469,0,0.9999999991245089
uniform,shared,binary,identity,elite,0.14285714285714285,0.9387736425885894,0.0019036379121188582,0.14285714285714285,0.9387736425885894,0.061226357411410505,0,1
uniform,shared,binary,log,rloo,0.14285714285714285,0.9317384325450874,0.0016231659600170734,0.14285714285714285,0.9317384325450874,0.06826156745491262,0,1
uniform,shared,binary,log,grpo,0.14285714285714285,0.9828852300118633,0.0013838181711409339,0.14285714285714285,0.9828852300118633,0.01711476998813649,0,1
uniform,shared,binary,log,maxrl,0.14285714285714285,0.9527426146172085,0.0009501029949835204,0.14285714285714285,0.9527426146172085,0.047257385382791374,0,1
uniform,shared,binary,log,tailrl,0.14285714285714285,0.9527426146172085,0.0009501029949834824,0.14285714285714285,0.9527426146172085,0.047257385382791395,0,1
uniform,shared,binary,log,pkpo,0.14285714285714285,0.7291373681696531,0.006153236884598769,0.14285714285714285,0.7291373681696531,0.2708626318303469,0,0.9999999991245089
uniform,shared,binary,log,elite,0.14285714285714285,0.9387736425885894,0.0019036379121188582,0.14285714285714285,0.9387736425885894,0.061226357411410505,0,1
uniform,shared,binary,square,rloo,0.14285714285714285,0.9317384325450874,0.0016231659600170734,0.14285714285714285,0.9317384325450874,0.06826156745491262,0,1
uniform,shared,binary,square,grpo,0.14285714285714285,0.9828852300118633,0.0013838181711409339,0.14285714285714285,0.9828852300118633,0.01711476998813649,0,1
uniform,shared,binary,square,maxrl,0.14285714285714285,0.9527426146172085,0.0009501029949835204,0.14285714285714285,0.9527426146172085,0.047257385382791374,0,1
uniform,shared,binary,square,tailrl,0.14285714285714285,0.9527426146172085,0.0009501029949834824,0.14285714285714285,0.9527426146172085,0.047257385382791395,0,1
uniform,shared,binary,square,pkpo,0.14285714285714285,0.7291373681696531,0.006153236884598769,0.14285714285714285,0.7291373681696531,0.2708626318303469,0,0.9999999991245089
uniform,shared,binary,square,elite,0.14285714285714285,0.9387736425885894,0.0019036379121188582,0.14285714285714285,0.9387736425885894,0.061226357411410505,0,1
uniform,shared,binary,ranknormal,rloo,0.14285714285714285,0.963248782336018,0.0015347486890357211,0.14285714285714285,0.963248782336018,0.03675121766398205,0,1
uniform,shared,binary,ranknormal,grpo,0.14285714285714285,0.9828852309147215,0.0013838181265763156,0.14285714285714285,0.9828852309147215,0.017114769085278567,0,1
uniform,shared,binary,ranknormal,maxrl,0.14285714285714285,0.9527426146172085,0.0009501029949835204,0.14285714285714285,0.9527426146172085,0.047257385382791374,0,1
uniform,shared,binary,ranknormal,tailrl,0.14285714285714285,0.9723064402783136,0.0010291217836210869,0.14285714285714285,0.9723064402783136,0.02769355972168633,0,1
uniform,shared,binary,ranknormal,pkpo,0.14285714285714285,0.754444022289858,0.006141346992989486,0.14285714285714285,0.754444022289858,0.245555977710142,0,0.999999999816411
uniform,shared,binary,ranknormal,elite,0.14285714285714285,0.9387736425885894,0.0019036379121188582,0.14285714285714285,0.9387736425885894,0.061226357411410505,0,1
uniform,shared,binary,reciprocal,rloo,0.14285714285714285,0.013165783215567347,0.0005350259919718101,0.14285714285714285,0.013165783215567347,0.9868342167844327,0,0.1910579750346126
uniform,shared,binary,reciprocal,grpo,0.14285714285714285,0.0025732506857556433,0.00045076105643592553,0.14285714285714285,0.0025732506857556433,0.9974267493142444,0,0.04037118464802695
uniform,shared,binary,reciprocal,maxrl,0.14285714285714285,0.9527426146172085,0.0009501029949835204,0.14285714285714285,0.9527426146172085,0.047257385382791374,0,1
uniform,shared,binary,reciprocal,tailrl,0.14285714285714285,0.01204327336029556,0.0005246357995334972,0.14285714285714285,0.01204327336029556,0.9879567266397046,0,0.17620989550591118
uniform,shared,binary,reciprocal,pkpo,0.14285714285714285,0.13459106588745037,0.0002907651058191236,0.14285714285714285,0.13459106588745037,0.8654089341125498,0,0.9010203510057296
uniform,shared,binary,reciprocal,elite,0.14285714285714285,0.02312038157220396,0.0027441214707526348,0.14285714285714285,0.02312038157220396,0.9768796184277962,0,0.31177148030297497
uniform,shared,code,identity,rloo,0.31785714285714284,0.8672014267720227,0.0014590932726925162,0.047619047619047616,0.4401963923350345,0.015997699292159013,0.5438059083728065,0.9999894907519579
uniform,shared,code,identity,grpo,0.31785714285714284,0.9774753199589273,0.0004129720570790058,0.047619047619047616,0.8488169401526285,0.0033256158610217913,0.14785744398634956,0.9999999999999915
uniform,shared,code,identity,maxrl,0.31785714285714284,0.9655725198732217,0.0005821647983214979,0.047619047619047616,0.8122825594130053,0.01024014396961769,0.17747729661737707,0.9999999999997199
uniform,shared,code,identity,tailrl,0.31785714285714284,0.917779756271151,0.00038806068383643097,0.047619047619047616,0.58463867080479,0.011183669147233836,0.40417766004797623,0.9999999106590082
uniform,shared,code,identity,pkpo,0.31785714285714284,0.7675436433331599,0.0017475196245037344,0.047619047619047616,0.35180327333714095,0.08846671841489073,0.5597300082479685,0.9998905219652325
uniform,shared,code,identity,elite,0.31785714285714284,0.9644242777686577,0.0006273882074328663,0.047619047619047616,0.803815497636843,0.010001474537122986,0.1861830278260339,0.9999999999994421
uniform,shared,code,log,rloo,0.31785714285714284,0.7938095997981577,0.002513326535958504,0.047619047619047616,0.2897548679660767,0.015812583089689972,0.6944325489442335,0.999526295385195
uniform,shared,code,log,grpo,0.31785714285714284,0.9757667627258512,0.000379271977176019,0.047619047619047616,0.8365946604468238,0.003194681771778124,0.16021065778139806,0.9999999999999706
uniform,shared,code,log,maxrl,0.31785714285714284,0.9655725198732217,0.0005821647983214979,0.047619047619047616,0.8122825594130053,0.01024014396961769,0.17747729661737707,0.9999999999997199
uniform,shared,code,log,tailrl,0.31785714285714284,0.8752098986743791,0.0015563747124321347,0.047619047619047616,0.4521507443036621,0.011881503573224395,0.5359677521231135,0.9999925213652641
uniform,shared,code,log,pkpo,0.31785714285714284,0.6931086570974947,0.0011656329866030514,0.047619047619047616,0.25744876093222496,0.11358457838849961,0.6289666606792754,0.9990321494097607
uniform,shared,code,log,elite,0.31785714285714284,0.9644242777686577,0.0006273882074328663,0.047619047619047616,0.803815497636843,0.010001474537122986,0.1861830278260339,0.9999999999994421
uniform,shared,code,square,rloo,0.31785714285714284,0.8987164065537964,0.0011529336549445492,0.047619047619047616,0.5368763343240047,0.01748400826350459,0.44563965741249073,0.9999994948678145
uniform,shared,code,square,grpo,0.31785714285714284,0.9780150065488087,0.00057475924118027,0.047619047619047616,0.8533984164279214,0.003469754126347216,0.1431318294457314,0.9999999999999947
uniform,shared,code,square,maxrl,0.31785714285714284,0.9655725198732217,0.0005821647983214979,0.047619047619047616,0.8122825594130053,0.01024014396961769,0.17747729661737707,0.9999999999997199
uniform,shared,code,square,tailrl,0.31785714285714284,0.9381846398951735,0.00039417881057506857,0.047619047619047616,0.668052711900029,0.010832231336837117,0.32111505676313384,0.9999999974826803
uniform,shared,code,square,pkpo,0.31785714285714284,0.8135928795893953,0.0014979732424887872,0.047619047619047616,0.4241561752429838,0.07143320529339052,0.5044106194636258,0.9999835346728548
uniform,shared,code,square,elite,0.31785714285714284,0.9644242777686577,0.0006273882074328663,0.047619047619047616,0.803815497636843,0.010001474537122986,0.1861830278260339,0.9999999999994421
uniform,shared,code,ranknormal,rloo,0.31785714285714284,0.9691176941314003,0.0005676910591189456,0.047619047619047616,0.8079698805658703,0.005554014284139372,0.1864761051499905,0.9999999999996111
uniform,shared,code,ranknormal,grpo,0.31785714285714284,0.9774775503620532,0.0006201024501851416,0.047619047619047616,0.8535165714865052,0.004064917610823278,0.14241851090267152,0.9999999999999948
uniform,shared,code,ranknormal,maxrl,0.31785714285714284,0.9655725198732217,0.0005821647983214979,0.047619047619047616,0.8122825594130053,0.01024014396961769,0.17747729661737707,0.9999999999997199
uniform,shared,code,ranknormal,tailrl,0.31785714285714284,0.9790658119039293,0.0003630400969158074,0.047619047619047616,0.8647232309940708,0.00410520997589742,0.13117155903003172,0.9999999999999979
uniform,shared,code,ranknormal,pkpo,0.31785714285714284,0.899347548072066,0.0015590784394595276,0.047619047619047616,0.5946117956816469,0.034868627934336566,0.3705195763840164,0.9999999396256883
uniform,shared,code,ranknormal,elite,0.31785714285714284,0.9644242777686577,0.0006273882074328663,0.047619047619047616,0.803815497636843,0.010001474537122986,0.1861830278260339,0.9999999999994421
uniform,shared,code,reciprocal,rloo,0.31785714285714284,0.01653613622117238,0.0008397840129800282,0.047619047619047616,0.004037002430577104,0.968438727818654,0.027524269750768705,0.2224538387506213
uniform,shared,code,reciprocal,grpo,0.31785714285714284,0.0031130044566086592,0.0004217519586918151,0.047619047619047616,0.0010003265890465218,0.9945074842683521,0.004492189142601275,0.04827665968168135
uniform,shared,code,reciprocal,maxrl,0.31785714285714284,0.9655725198732217,0.0005821647983214979,0.047619047619047616,0.8122825594130053,0.01024014396961769,0.17747729661737707,0.9999999999997199
uniform,shared,code,reciprocal,tailrl,0.31785714285714284,0.014329961925100651,0.0006722496861041647,0.047619047619047616,0.003519645015921015,0.9725120913239826,0.023968263660096384,0.19693027861084833
uniform,shared,code,reciprocal,pkpo,0.31785714285714284,0.12632322283971584,0.0002899113162173502,0.047619047619047616,0.02460387916188533,0.7564005681548633,0.21899555268325122,0.7491230567438741
uniform,shared,code,reciprocal,elite,0.31785714285714284,0.018245404158294187,0.0014451146589059486,0.047619047619047616,0.005129305458550576,0.9675327575086977,0.027337937032751936,0.24443442479791525
uniform,neural,quality,identity,rloo,0.49999999999999994,0.9142799204307082,0.002715286253796294,0.14285714285714285,0.7425345162008878,0.00112360533325909,0.25634187846585316,0.999937810537075
uniform,neural,quality,identity,grpo,0.49999999999999994,0.9949304175312438,0.0002603244654951612,0.14285714285714285,0.9992080405945516,2.771477118833793e-7,0.0007916822577366029,1
uniform,neural,quality,identity,maxrl,0.49999999999999994,0.9708728815097185,0.00006577514384112112,0.14285714285714285,0.9550525790254228,0.00003067139119593546,0.044916749583381405,0.9999999906010468
uniform,neural,quality,identity,tailrl,0.49999999999999994,0.939034803580126,0.000876269295386452,0.14285714285714285,0.8369064459022401,0.00038827618307015567,0.1627052779146896,0.9999939288366129
uniform,neural,quality,identity,pkpo,0.49999999999999994,0.8310012146297945,0.007727335712298767,0.14285714285714285,0.5247255275793125,0.01878428323161678,0.4564901891890707,0.9988292416853005
uniform,neural,quality,identity,elite,0.49999999999999994,0.9892069442552939,0.0003674700617803538,0.14285714285714285,0.9946456648190302,0.000003335043121901032,0.005351000137848055,0.9999999999999417
uniform,neural,quality,log,rloo,0.49999999999999994,0.8813069707750841,0.004614650793241487,0.14285714285714285,0.6349885405533416,0.003865219746099054,0.3611462397005592,0.9996568576581163
uniform,neural,quality,log,grpo,0.49999999999999994,0.9948633693760494,0.00022967588868355503,0.14285714285714285,0.9991826724400905,2.796306940376524e-7,0.000817047929215368,1
uniform,neural,quality,log,maxrl,0.49999999999999994,0.9708728815097185,0.00006577514384112112,0.14285714285714285,0.9550525790254228,0.00003067139119593546,0.044916749583381405,0.9999999906010468
uniform,neural,quality,log,tailrl,0.49999999999999994,0.9070544350562914,0.0025539015086870807,0.14285714285714285,0.7177740011568461,0.0016189967229837104,0.2806070021201702,0.9999044048469877
uniform,neural,quality,log,pkpo,0.49999999999999994,0.752391843881349,0.012166784851828621,0.14285714285714285,0.3915309363406956,0.05670035269159248,0.551768710967712,0.9957514842243939
uniform,neural,quality,log,elite,0.49999999999999994,0.9892069442552939,0.0003674700617803538,0.14285714285714285,0.9946456648190302,0.000003335043121901032,0.005351000137848055,0.9999999999999417
uniform,neural,quality,square,rloo,0.49999999999999994,0.9350773738059625,0.0021358717370659227,0.14285714285714285,0.8213641566934488,0.00045198569863476014,0.17818385760791644,0.9999900262999079
uniform,neural,quality,square,grpo,0.49999999999999994,0.9949166862890064,0.0002591875748721957,0.14285714285714285,0.9992005253293236,2.933752964456371e-7,0.0007991812953799989,0.9999999999999994
uniform,neural,quality,square,maxrl,0.49999999999999994,0.9708728815097185,0.00006577514384112112,0.14285714285714285,0.9550525790254228,0.00003067139119593546,0.044916749583381405,0.9999999906010468
uniform,neural,quality,square,tailrl,0.49999999999999994,0.957660417236669,0.00031481148221368426,0.14285714285714285,0.9086186495871801,0.00013431868040452254,0.09124703173241548,0.9999996974981972
uniform,neural,quality,square,pkpo,0.49999999999999994,0.8768550840748753,0.0042114415222804635,0.14285714285714285,0.6330460811760196,0.006647263793223449,0.36030665503075693,0.9996818027628365
uniform,neural,quality,square,elite,0.49999999999999994,0.9892069442552939,0.0003674700617803538,0.14285714285714285,0.9946456648190302,0.000003335043121901032,0.005351000137848055,0.9999999999999417
uniform,neural,quality,ranknormal,rloo,0.49999999999999994,0.991256631779274,0.00036078718334897874,0.14285714285714285,0.9968624861332452,0.0000014656998654205678,0.003136048166889307,0.9999999999999964
uniform,neural,quality,ranknormal,grpo,0.49999999999999994,0.9946491372668573,0.00026967251955579063,0.14285714285714285,0.9990798285136969,3.6349355566193683e-7,0.0009198079927474054,1
uniform,neural,quality,ranknormal,maxrl,0.49999999999999994,0.9708728815097185,0.00006577514384112112,0.14285714285714285,0.9550525790254228,0.00003067139119593546,0.044916749583381405,0.9999999906010468
uniform,neural,quality,ranknormal,tailrl,0.49999999999999994,0.9950366262493643,0.00004963622336104617,0.14285714285714285,0.9992409270323256,3.2845867743951733e-7,0.0007587445089969505,0.9999999999999994
uniform,neural,quality,ranknormal,pkpo,0.49999999999999994,0.9623303179674082,0.0005073636884023443,0.14285714285714285,0.924835788278616,0.00014194913081326733,0.07502226259057065,0.999999910041164
uniform,neural,quality,ranknormal,elite,0.49999999999999994,0.9892069442552939,0.0003674700617803538,0.14285714285714285,0.9946456648190302,0.000003335043121901032,0.005351000137848055,0.9999999999999417
uniform,neural,quality,reciprocal,rloo,0.49999999999999994,0.06495572759068552,0.006296226325636284,0.14285714285714285,0.00016401106153418867,0.9727541303980368,0.0270818585404288,0.26145178857281753
uniform,neural,quality,reciprocal,grpo,0.49999999999999994,0.0057111028018354505,0.000437071273704177,0.14285714285714285,6.005754453210014e-8,0.9999916336500219,0.000008306292434007695,0.04969433736626248
uniform,neural,quality,reciprocal,maxrl,0.49999999999999994,0.9708728815097185,0.00006577514384112112,0.14285714285714285,0.9550525790254228,0.00003067139119593546,0.044916749583381405,0.9999999906010468
uniform,neural,quality,reciprocal,tailrl,0.49999999999999994,0.025514268148779884,0.0007338379437190875,0.14285714285714285,0.000006467619939053262,0.9984622069955807,0.0015313253844802957,0.12853735518188295
uniform,neural,quality,reciprocal,pkpo,0.49999999999999994,0.08177757435747754,0.005557584900312078,0.14285714285714285,0.0005137060862586431,0.9488958824388779,0.05059041147486343,0.3242666463115636
uniform,neural,quality,reciprocal,elite,0.49999999999999994,0.010958118974917658,0.00010606547378120383,0.14285714285714285,5.378151651985415e-7,0.9999098307914617,0.00008963139337299471,0.07334883579862456
uniform,neural,binary,identity,rloo,0.14285714285714285,0.9222359503364742,0.0059136261293802625,0.14285714285714285,0.9222359503364742,0.07776404966352578,0,1
uniform,neural,binary,identity,grpo,0.14285714285714285,0.9875017246249073,0.0008565651687993527,0.14285714285714285,0.9875017246249073,0.012498275375092767,0,1
uniform,neural,binary,identity,maxrl,0.14285714285714285,0.9550525790254228,0.0004963463048822986,0.14285714285714285,0.9550525790254228,0.044947420974577344,0,1
uniform,neural,binary,identity,tailrl,0.14285714285714285,0.9550525790254226,0.000496346304882225,0.14285714285714285,0.9550525790254226,0.044947420974577344,0,1
uniform,neural,binary,identity,pkpo,0.14285714285714285,0.701349098295306,0.012639755177240655,0.14285714285714285,0.701349098295306,0.29865090170469405,0,0.9999999954047182
uniform,neural,binary,identity,elite,0.14285714285714285,0.9387810553618609,0.003473033128408536,0.14285714285714285,0.9387810553618609,0.061218944638139206,0,0.9999999999999994
uniform,neural,binary,log,rloo,0.14285714285714285,0.9222359503364742,0.0059136261293802625,0.14285714285714285,0.9222359503364742,0.07776404966352578,0,1
uniform,neural,binary,log,grpo,0.14285714285714285,0.9875017246249073,0.0008565651687993527,0.14285714285714285,0.9875017246249073,0.012498275375092767,0,1
uniform,neural,binary,log,maxrl,0.14285714285714285,0.9550525790254228,0.0004963463048822986,0.14285714285714285,0.9550525790254228,0.044947420974577344,0,1
uniform,neural,binary,log,tailrl,0.14285714285714285,0.9550525790254226,0.000496346304882225,0.14285714285714285,0.9550525790254226,0.044947420974577344,0,1
uniform,neural,binary,log,pkpo,0.14285714285714285,0.701349098295306,0.012639755177240655,0.14285714285714285,0.701349098295306,0.29865090170469405,0,0.9999999954047182
uniform,neural,binary,log,elite,0.14285714285714285,0.9387810553618609,0.003473033128408536,0.14285714285714285,0.9387810553618609,0.061218944638139206,0,0.9999999999999994
uniform,neural,binary,square,rloo,0.14285714285714285,0.9222359503364742,0.0059136261293802625,0.14285714285714285,0.9222359503364742,0.07776404966352578,0,1
uniform,neural,binary,square,grpo,0.14285714285714285,0.9875017246249073,0.0008565651687993527,0.14285714285714285,0.9875017246249073,0.012498275375092767,0,1
uniform,neural,binary,square,maxrl,0.14285714285714285,0.9550525790254228,0.0004963463048822986,0.14285714285714285,0.9550525790254228,0.044947420974577344,0,1
uniform,neural,binary,square,tailrl,0.14285714285714285,0.9550525790254226,0.000496346304882225,0.14285714285714285,0.9550525790254226,0.044947420974577344,0,1
uniform,neural,binary,square,pkpo,0.14285714285714285,0.701349098295306,0.012639755177240655,0.14285714285714285,0.701349098295306,0.29865090170469405,0,0.9999999954047182
uniform,neural,binary,square,elite,0.14285714285714285,0.9387810553618609,0.003473033128408536,0.14285714285714285,0.9387810553618609,0.061218944638139206,0,0.9999999999999994
uniform,neural,binary,ranknormal,rloo,0.14285714285714285,0.9647625607534155,0.0017763885620639796,0.14285714285714285,0.9647625607534155,0.03523743924658455,0,1
uniform,neural,binary,ranknormal,grpo,0.14285714285714285,0.9875017262788487,0.0008565650256957312,0.14285714285714285,0.9875017262788487,0.012498273721151268,0,1
uniform,neural,binary,ranknormal,maxrl,0.14285714285714285,0.9550525790254228,0.0004963463048822986,0.14285714285714285,0.9550525790254228,0.044947420974577344,0,1
uniform,neural,binary,ranknormal,tailrl,0.14285714285714285,0.9784325715410528,0.0017833852234637952,0.14285714285714285,0.9784325715410528,0.021567428458947154,0,1
uniform,neural,binary,ranknormal,pkpo,0.14285714285714285,0.7345706417105792,0.0082211809242551,0.14285714285714285,0.7345706417105792,0.2654293582894208,0,0.999999999348033
uniform,neural,binary,ranknormal,elite,0.14285714285714285,0.9387810553618609,0.003473033128408536,0.14285714285714285,0.9387810553618609,0.061218944638139206,0,0.9999999999999994
uniform,neural,binary,reciprocal,rloo,0.14285714285714285,0.010244695494475277,0.0008942316690352482,0.14285714285714285,0.010244695494475277,0.9897553045055248,0,0.15184783005542732
uniform,neural,binary,reciprocal,grpo,0.14285714285714285,0.0015046610196916496,0.0007072206301922709,0.14285714285714285,0.0015046610196916496,0.9984953389803084,0,0.023765613152960552
uniform,neural,binary,reciprocal,maxrl,0.14285714285714285,0.9550525790254228,0.0004963463048822986,0.14285714285714285,0.9550525790254228,0.044947420974577344,0,1
uniform,neural,binary,reciprocal,tailrl,0.14285714285714285,0.009630113266564362,0.0008694183890007028,0.14285714285714285,0.009630113266564362,0.9903698867334357,0,0.1433850397818084
uniform,neural,binary,reciprocal,pkpo,0.14285714285714285,0.13682410731022474,0.001147992774581499,0.14285714285714285,0.13682410731022474,0.8631758926897755,0,0.9050160404381188
uniform,neural,binary,reciprocal,elite,0.14285714285714285,0.020483773375934974,0.0007854868331397509,0.14285714285714285,0.020483773375934974,0.979516226624065,0,0.28186095905752817
uniform,neural,code,identity,rloo,0.31785714285714284,0.8666639467752741,0.0055814520061373656,0.047619047619047616,0.43538659484762604,0.000686847231782346,0.5639265579205915,0.9999876228473553
uniform,neural,code,identity,grpo,0.31785714285714284,0.9882955981522038,0.0006822346450419089,0.047619047619047616,0.9054237158142895,4.939276702979997e-7,0.09457579025804021,1
uniform,neural,code,identity,maxrl,0.31785714285714284,0.975980175370205,0.001156758591871496,0.047619047619047616,0.8230271302691112,0.0000052767183847816086,0.17696759301250406,0.9999999999998798
uniform,neural,code,identity,tailrl,0.31785714285714284,0.917120609644261,0.0008074191494071039,0.047619047619047616,0.5641374472359351,0.0001541532367716931,0.4357083995272932,0.9999998072333471
uniform,neural,code,identity,pkpo,0.31785714285714284,0.7715284199930691,0.0067253187843527105,0.047619047619047616,0.2951879536212094,0.008220625747818552,0.6965914206309721,0.9995771988241056
uniform,neural,code,identity,elite,0.31785714285714284,0.9754780045249749,0.0010508907758972404,0.047619047619047616,0.8199201392347301,0.000005227544928417609,0.18007463322034156,0.9999999999998449
uniform,neural,code,log,rloo,0.31785714285714284,0.8235039139030329,0.0054957242957974625,0.047619047619047616,0.3572843632502288,0.001815055127876911,0.6409005816218943,0.9999035685757188
uniform,neural,code,log,grpo,0.31785714285714284,0.9882761222224126,0.0006191096342240048,0.047619047619047616,0.905272665938635,4.7490296089495795e-7,0.09472685915840394,0.9999999999999988
uniform,neural,code,log,maxrl,0.31785714285714284,0.975980175370205,0.001156758591871496,0.047619047619047616,0.8230271302691112,0.0000052767183847816086,0.17696759301250406,0.9999999999998798
uniform,neural,code,log,tailrl,0.31785714285714284,0.8716945743854122,0.0009574744031377757,0.047619047619047616,0.44590224722539357,0.0005951865261030249,0.5535025662485035,0.9999910963929396
uniform,neural,code,log,pkpo,0.31785714285714284,0.6945155115198198,0.011077687633949838,0.047619047619047616,0.2211075121183185,0.026824889055193313,0.7520675988264882,0.9978794817485998
uniform,neural,code,log,elite,0.31785714285714284,0.9754780045249749,0.0010508907758972404,0.047619047619047616,0.8199201392347301,0.000005227544928417609,0.18007463322034156,0.9999999999998449
uniform,neural,code,square,rloo,0.31785714285714284,0.8902564626523288,0.005721172353959105,0.047619047619047616,0.48967575007683717,0.00037992309651673195,0.5099443268266461,0.9999974611502981
uniform,neural,code,square,grpo,0.31785714285714284,0.9879028563025422,0.0006951024530439469,0.047619047619047616,0.9025648246455655,5.672083280404288e-7,0.09743460814610638,0.9999999999999994
uniform,neural,code,square,maxrl,0.31785714285714284,0.975980175370205,0.001156758591871496,0.047619047619047616,0.8230271302691112,0.0000052767183847816086,0.17696759301250406,0.9999999999998798
uniform,neural,code,square,tailrl,0.31785714285714284,0.9414735030979035,0.000506905861708623,0.047619047619047616,0.6509346902732008,0.00005830726079825234,0.34900700246600097,0.9999999944822303
uniform,neural,code,square,pkpo,0.31785714285714284,0.8215152672997689,0.004378501464767873,0.047619047619047616,0.3614651544810042,0.003132611348421925,0.6354022341705737,0.9999130530755004
uniform,neural,code,square,elite,0.31785714285714284,0.9754780045249749,0.0010508907758972404,0.047619047619047616,0.8199201392347301,0.000005227544928417609,0.18007463322034156,0.9999999999998449
uniform,neural,code,ranknormal,rloo,0.31785714285714284,0.9795232119048244,0.000852712416520089,0.047619047619047616,0.8449717276510169,0.0000026541918821173,0.15502561815710092,0.9999999999999853
uniform,neural,code,ranknormal,grpo,0.31785714285714284,0.9877851979080708,0.0006687138766869941,0.047619047619047616,0.901715081695159,5.929325749869169e-7,0.09828432537226607,0.9999999999999994
uniform,neural,code,ranknormal,maxrl,0.31785714285714284,0.975980175370205,0.001156758591871496,0.047619047619047616,0.8230271302691112,0.0000052767183847816086,0.17696759301250406,0.9999999999998798
uniform,neural,code,ranknormal,tailrl,0.31785714285714284,0.988744719855061,0.00017098935636609952,0.047619047619047616,0.908769871850082,5.210638321394913e-7,0.09122960708608589,0.9999999999999994
uniform,neural,code,ranknormal,pkpo,0.31785714285714284,0.9158938810776848,0.0013890447363997477,0.047619047619047616,0.5640966768386017,0.00023940132586275963,0.43566392183553565,0.9999998053943564
uniform,neural,code,ranknormal,elite,0.31785714285714284,0.9754780045249749,0.0010508907758972404,0.047619047619047616,0.8199201392347301,0.000005227544928417609,0.18007463322034156,0.9999999999998449
uniform,neural,code,reciprocal,rloo,0.31785714285714284,0.007113010418412222,0.0005797404780631602,0.047619047619047616,0.00007574327290512203,0.980337916970873,0.019586339756221777,0.09890538221002158
uniform,neural,code,reciprocal,grpo,0.31785714285714284,0.0007275632716542001,0.00014471819395212607,0.047619047619047616,0.0000034407699506254053,0.9979508249411352,0.0020457342889141465,0.011461899823329706
uniform,neural,code,reciprocal,maxrl,0.31785714285714284,0.975980175370205,0.001156758591871496,0.047619047619047616,0.8230271302691112,0.0000052767183847816086,0.17696759301250406,0.9999999999998798
uniform,neural,code,reciprocal,tailrl,0.31785714285714284,0.0059399567761404285,0.0007245110265621942,0.047619047619047616,0.000057060129019926666,0.9835277853557725,0.01641515451520752,0.08438149567011703
uniform,neural,code,reciprocal,pkpo,0.31785714285714284,0.1052346402374134,0.0019068354947513698,0.047619047619047616,0.006976186068075006,0.7501704986715444,0.24285331526038081,0.5687249928877557
uniform,neural,code,reciprocal,elite,0.31785714285714284,0.008508472978112464,0.0001875083059772843,0.047619047619047616,0.00010696957113656702,0.9766143093542855,0.023278721074577836,0.11546230347070076
right,independent,quality,identity,rloo,0.11863735158922911,0.1540955152667798,0.0005456964892739869,0.0011944799803833412,0.0014993704189562715,0.8293529709480542,0.16914765863298956,0.48906876389702864
right,independent,quality,identity,grpo,0.11863735158922911,0.29579022310915964,0.00514370545376894,0.0011944799803833412,0.0020153227087939094,0.3936337470157329,0.6043509302754732,0.5632058620005723
right,independent,quality,identity,maxrl,0.11863735158922911,0.12587116210988142,0.005089842193793169,0.0011944799803833412,0.0015995264191215823,0.8679914993979838,0.13040897418289465,0.464293666828619
right,independent,quality,identity,tailrl,0.11863735158922911,0.25085899699389425,0.0026682230937830685,0.0011944799803833412,0.003019555667120089,0.584900136551105,0.4120803077817749,0.6101391490105059
right,independent,quality,identity,pkpo,0.11863735158922911,0.1667548968853064,0.0004934359500389513,0.0011944799803833412,0.0017516732251591828,0.7879927982233271,0.21025552855151367,0.5180225780069913
right,independent,quality,identity,elite,0.11863735158922911,0.34969396063267966,0.01583592642797611,0.0011944799803833412,0.001039354301375075,0.14737246044447722,0.8515881852541476,0.5003773925255438
right,independent,quality,log,rloo,0.11863735158922911,0.17501921745132973,0.000364462257405525,0.0011944799803833412,0.001577591413383109,0.8076337821579362,0.19078862642868052,0.4982415426843485
right,independent,quality,log,grpo,0.11863735158922911,0.2856662354585111,0.005171558687583148,0.0011944799803833412,0.0016216730982927434,0.4382610300812355,0.5601172968204718,0.5323769668725994
right,independent,quality,log,maxrl,0.11863735158922911,0.12587116210988142,0.005089842193793169,0.0011944799803833412,0.0015995264191215823,0.8679914993979838,0.13040897418289465,0.464293666828619
right,independent,quality,log,tailrl,0.11863735158922911,0.25542924134137085,0.0004986540868214673,0.0011944799803833412,0.0025461730453715434,0.5727734514386887,0.4246803755159398,0.5867975772806616
right,independent,quality,log,pkpo,0.11863735158922911,0.17478251802833314,0.0005492584727740839,0.0011944799803833412,0.0017545035906209004,0.7754616584326165,0.2227838379767627,0.5188115622574953
right,independent,quality,log,elite,0.11863735158922911,0.34969396063267966,0.01583592642797611,0.0011944799803833412,0.001039354301375075,0.14737246044447722,0.8515881852541476,0.5003773925255438
right,independent,quality,square,rloo,0.11863735158922911,0.13096941811697202,0.0002789920396138006,0.0011944799803833412,0.0013346938044252901,0.858744324813955,0.13992098138161965,0.46935595464228635
right,independent,quality,square,grpo,0.11863735158922911,0.29565645052808326,0.005231732416118699,0.0011944799803833412,0.0024368152692706858,0.41125529448062287,0.5863078902501063,0.5917213463922373
right,independent,quality,square,maxrl,0.11863735158922911,0.12587116210988142,0.005089842193793169,0.0011944799803833412,0.0015995264191215823,0.8679914993979838,0.13040897418289465,0.464293666828619
right,independent,quality,square,tailrl,0.11863735158922911,0.20855209651854537,0.002820103692327435,0.0011944799803833412,0.002842534431065981,0.6918421885048317,0.3053152770641024,0.5921924201704516
right,independent,quality,square,pkpo,0.11863735158922911,0.14667480140206482,0.0005632489474807306,0.0011944799803833412,0.0015911362337364488,0.8266022853873025,0.17180657837896104,0.49884941880355543
right,independent,quality,square,elite,0.11863735158922911,0.34969396063267966,0.01583592642797611,0.0011944799803833412,0.001039354301375075,0.14737246044447722,0.8515881852541476,0.5003773925255438
right,independent,quality,ranknormal,rloo,0.11863735158922911,0.29404844019135506,0.003804248295433883,0.0011944799803833412,0.0017279223393621675,0.3668853918333033,0.6313866858273344,0.5417083082345745
right,independent,quality,ranknormal,grpo,0.11863735158922911,0.2959201344414331,0.004223893896641289,0.0011944799803833412,0.0017208410379981603,0.3596344381490932,0.6386447208129089,0.5417496042833886
right,independent,quality,ranknormal,maxrl,0.11863735158922911,0.12587116210988142,0.005089842193793169,0.0011944799803833412,0.0015995264191215823,0.8679914993979838,0.13040897418289465,0.464293666828619
right,independent,quality,ranknormal,tailrl,0.11863735158922911,0.6138246668270582,0.038702510232701534,0.0011944799803833412,0.002205835345467186,0.0648144719074165,0.9329796927471165,0.7204037109425161
right,independent,quality,ranknormal,pkpo,0.11863735158922911,0.3143663871632587,0.008798223308623385,0.0011944799803833412,0.002815772814575538,0.3985562451276854,0.598627982057739,0.6230099328226281
right,independent,quality,ranknormal,elite,0.11863735158922911,0.34969396063267966,0.01583592642797611,0.0011944799803833412,0.001039354301375075,0.14737246044447722,0.8515881852541476,0.5003773925255438
right,independent,quality,reciprocal,rloo,0.11863735158922911,0.025228127918209265,0.0005522296229339474,0.0011944799803833412,0.0003167791002126427,0.9713531791294056,0.028330041770382005,0.24350544712701724
right,independent,quality,reciprocal,grpo,0.11863735158922911,0.0030052042390083683,0.00007130387256499403,0.0011944799803833412,0.000045203770334626336,0.9963578732799642,0.0035969229497013317,0.0450369501140331
right,independent,quality,reciprocal,maxrl,0.11863735158922911,0.12587116210988142,0.005089842193793169,0.0011944799803833412,0.0015995264191215823,0.8679914993979838,0.13040897418289465,0.464293666828619
right,independent,quality,reciprocal,tailrl,0.11863735158922911,0.01676200854967524,0.00048413730345756576,0.0011944799803833412,0.00021829708166847816,0.980485798280403,0.01929590463792874,0.18897634577528902
right,independent,quality,reciprocal,pkpo,0.11863735158922911,0.07052376416532674,0.00021598124032659645,0.0011944799803833412,0.0007939327348664106,0.9222380939692342,0.0769679732958994,0.38998313544569085
right,independent,quality,reciprocal,elite,0.11863735158922911,0.011066497774558407,0.00013993243877741647,0.0011944799803833412,0.00015019385885640986,0.9863476053141538,0.013502200826989585,0.14079943793864091
right,independent,binary,identity,rloo,0.0011944799803833412,0.0012140603170556921,0.000007658907449313483,0.0011944799803833412,0.0012140603170556921,0.9987859396829443,0,0.019249085517192843
right,independent,binary,identity,grpo,0.0011944799803833412,0.0012731377674840517,0.000031543283126038096,0.0011944799803833412,0.0012731377674840517,0.998726862232516,0,0.020176771361654005
right,independent,binary,identity,maxrl,0.0011944799803833412,0.0015995264191215823,0.00022684189081646078,0.0011944799803833412,0.0015995264191215823,0.9984004735808784,0,0.025283659097907234
right,independent,binary,identity,tailrl,0.0011944799803833412,0.0015995264191215823,0.00022684189081646078,0.0011944799803833412,0.0015995264191215823,0.9984004735808784,0,0.025283659097907234
right,independent,binary,identity,pkpo,0.0011944799803833412,0.0012749695757673834,0.000030158888014107223,0.0011944799803833412,0.0012749695757673834,0.9987250304242324,0,0.02020553186009692
right,independent,binary,identity,elite,0.0011944799803833412,0.0012105452525559544,0.0000023024533519264163,0.0011944799803833412,0.0012105452525559544,0.9987894547474441,0,0.019193862765783314
right,independent,binary,log,rloo,0.0011944799803833412,0.0012140603170556921,0.000007658907449313483,0.0011944799803833412,0.0012140603170556921,0.9987859396829443,0,0.019249085517192843
right,independent,binary,log,grpo,0.0011944799803833412,0.0012731377674840517,0.000031543283126038096,0.0011944799803833412,0.0012731377674840517,0.998726862232516,0,0.020176771361654005
right,independent,binary,log,maxrl,0.0011944799803833412,0.0015995264191215823,0.00022684189081646078,0.0011944799803833412,0.0015995264191215823,0.9984004735808784,0,0.025283659097907234
right,independent,binary,log,tailrl,0.0011944799803833412,0.0015995264191215823,0.00022684189081646078,0.0011944799803833412,0.0015995264191215823,0.9984004735808784,0,0.025283659097907234
right,independent,binary,log,pkpo,0.0011944799803833412,0.0012749695757673834,0.000030158888014107223,0.0011944799803833412,0.0012749695757673834,0.9987250304242324,0,0.02020553186009692
right,independent,binary,log,elite,0.0011944799803833412,0.0012105452525559544,0.0000023024533519264163,0.0011944799803833412,0.0012105452525559544,0.9987894547474441,0,0.019193862765783314
right,independent,binary,square,rloo,0.0011944799803833412,0.0012140603170556921,0.000007658907449313483,0.0011944799803833412,0.0012140603170556921,0.9987859396829443,0,0.019249085517192843
right,independent,binary,square,grpo,0.0011944799803833412,0.0012731377674840517,0.000031543283126038096,0.0011944799803833412,0.0012731377674840517,0.998726862232516,0,0.020176771361654005
right,independent,binary,square,maxrl,0.0011944799803833412,0.0015995264191215823,0.00022684189081646078,0.0011944799803833412,0.0015995264191215823,0.9984004735808784,0,0.025283659097907234
right,independent,binary,square,tailrl,0.0011944799803833412,0.0015995264191215823,0.00022684189081646078,0.0011944799803833412,0.0015995264191215823,0.9984004735808784,0,0.025283659097907234
right,independent,binary,square,pkpo,0.0011944799803833412,0.0012749695757673834,0.000030158888014107223,0.0011944799803833412,0.0012749695757673834,0.9987250304242324,0,0.02020553186009692
right,independent,binary,square,elite,0.0011944799803833412,0.0012105452525559544,0.0000023024533519264163,0.0011944799803833412,0.0012105452525559544,0.9987894547474441,0,0.019193862765783314
right,independent,binary,ranknormal,rloo,0.0011944799803833412,0.0012329420024630856,0.00001516764097039174,0.0011944799803833412,0.0012329420024630856,0.9987670579975371,0,0.019545681819390686
right,independent,binary,ranknormal,grpo,0.0011944799803833412,0.0012731377691382166,0.000031543283810645096,0.0011944799803833412,0.0012731377691382166,0.9987268622308617,0,0.020176771387619086
right,independent,binary,ranknormal,maxrl,0.0011944799803833412,0.0015995264191215823,0.00022684189081646078,0.0011944799803833412,0.0015995264191215823,0.9984004735808784,0,0.025283659097907234
right,independent,binary,ranknormal,tailrl,0.0011944799803833412,0.003644154241806487,0.00308237583200318,0.0011944799803833412,0.003644154241806487,0.9963558457581936,0,0.05602311017866087
right,independent,binary,ranknormal,pkpo,0.0011944799803833412,0.0013801123593289253,0.00009399759895463901,0.0011944799803833412,0.0013801123593289253,0.998619887640671,0,0.0218540047383828
right,independent,binary,ranknormal,elite,0.0011944799803833412,0.0012105452525559544,0.0000023024533519264163,0.0011944799803833412,0.0012105452525559544,0.9987894547474441,0,0.019193862765783314
right,independent,binary,reciprocal,rloo,0.0011944799803833412,0.001177268905696888,0.000006623058342248402,0.0011944799803833412,0.001177268905696888,0.9988227310943033,0,0.018670893828103902
right,independent,binary,reciprocal,grpo,0.0011944799803833412,0.0011229823647742369,0.00002687530522222097,0.0011944799803833412,0.0011229823647742369,0.9988770176352256,0,0.017817120406195503
right,independent,binary,reciprocal,maxrl,0.0011944799803833412,0.0015995264191215823,0.00022684189081646078,0.0011944799803833412,0.0015995264191215823,0.9984004735808784,0,0.025283659097907234
right,independent,binary,reciprocal,tailrl,0.0011944799803833412,0.001177268905696888,0.000006623058342248402,0.0011944799803833412,0.001177268905696888,0.9988227310943033,0,0.018670893828103902
right,independent,binary,reciprocal,pkpo,0.0011944799803833412,0.001194479980383341,0,0.0011944799803833412,0.001194479980383341,0.9988055200196163,0,0.018941416488221674
right,independent,binary,reciprocal,elite,0.0011944799803833412,0.0011907738211406958,0.000010002776439848808,0.0011944799803833412,0.0011907738211406958,0.9988092261788591,0,0.01888316207362765
right,independent,code,identity,rloo,0.022142636544575482,0.026143403676959085,0.0001437722275267466,0.0002694627599098769,0.0002980609461778674,0.9286741665521231,0.07102777250169896,0.2613829266936721
right,independent,code,identity,grpo,0.022142636544575482,0.2630036154964184,0.04863032140465838,0.0002694627599098769,0.00023399995204832365,0.25131348377174645,0.7484525162762051,0.36512180569395164
right,independent,code,identity,maxrl,0.022142636544575482,0.023115641901024653,0.0013194583934069777,0.0002694627599098769,0.0003695922969715754,0.9373080357758753,0.062322371927153036,0.24407810817787312
right,independent,code,identity,tailrl,0.022142636544575482,0.15256150163485183,0.015181743603694568,0.0002694627599098769,0.0005166762405611615,0.5699226357856899,0.42956068797374886,0.38140844042685823
right,independent,code,identity,pkpo,0.022142636544575482,0.04041463777967882,0.0012542740363452472,0.0002694627599098769,0.00037921985422702015,0.8887959793533767,0.1108248007923963,0.3201701977458189
right,independent,code,identity,elite,0.022142636544575482,0.031509574019999646,0.0059667764774415525,0.0002694627599098769,0.00032386172934815907,0.9136105350102594,0.0860656032603926,0.28532050029181416
right,independent,code,log,rloo,0.022142636544575482,0.02996591769150313,0.00034872588623820585,0.0002694627599098769,0.0003174617751780601,0.9179833990044273,0.08169913922039469,0.2807321612397216
right,independent,code,log,grpo,0.022142636544575482,0.26592655764335743,0.04609722592309691,0.0002694627599098769,0.00022585356706100547,0.2428551169179239,0.7569190295150152,0.3645458789133511
right,independent,code,log,maxrl,0.022142636544575482,0.023115641901024653,0.0013194583934069777,0.0002694627599098769,0.0003695922969715754,0.9373080357758753,0.062322371927153036,0.24407810817787312
right,independent,code,log,tailrl,0.022142636544575482,0.2845069180150513,0.015545761623546976,0.0002694627599098769,0.00020808421082287073,0.1895259823229355,0.8102659334662418,0.3632531526209424
right,independent,code,log,pkpo,0.022142636544575482,0.07704635574402198,0.0141472424969701,0.0002694627599098769,0.0004399151337405821,0.7848860296578378,0.21467405520842173,0.3686492033582714
right,independent,code,log,elite,0.022142636544575482,0.031509574019999646,0.0059667764774415525,0.0002694627599098769,0.00032386172934815907,0.9136105350102594,0.0860656032603926,0.28532050029181416
right,independent,code,square,rloo,0.022142636544575482,0.023532836567095178,0.00007775730360939956,0.0002694627599098769,0.00028312418318026934,0.9359538451120013,0.06376303070481865,0.24616397132492943
right,independent,code,square,grpo,0.022142636544575482,0.25539321718377006,0.05345784427535625,0.0002694627599098769,0.00025068152489003307,0.27327958563980526,0.7264697328353047,0.3663149393511993
right,independent,code,square,maxrl,0.022142636544575482,0.023115641901024653,0.0013194583934069777,0.0002694627599098769,0.0003695922969715754,0.9373080357758753,0.062322371927153036,0.24407810817787312
right,independent,code,square,tailrl,0.022142636544575482,0.04414632248217517,0.002290093853173684,0.0002694627599098769,0.0004924171247253532,0.8789300883592253,0.12057749451604949,0.3329819506823753
right,independent,code,square,pkpo,0.022142636544575482,0.027150765603337273,0.0002695743647894962,0.0002694627599098769,0.0003212900387118925,0.9259679712953345,0.07371073866595358,0.2671934528280642
right,independent,code,square,elite,0.022142636544575482,0.031509574019999646,0.0059667764774415525,0.0002694627599098769,0.00032386172934815907,0.9136105350102594,0.0860656032603926,0.28532050029181416
right,independent,code,ranknormal,rloo,0.022142636544575482,0.0724912507836286,0.010865774660341856,0.0002694627599098769,0.00042508217796330145,0.7977569345672025,0.20181798325483413,0.36607571510226444
right,independent,code,ranknormal,grpo,0.022142636544575482,0.2635113125252676,0.048340575146446935,0.0002694627599098769,0.0002315024217694481,0.24984425018149992,0.7499242473967307,0.36502069178742014
right,independent,code,ranknormal,maxrl,0.022142636544575482,0.023115641901024653,0.0013194583934069777,0.0002694627599098769,0.0003695922969715754,0.9373080357758753,0.062322371927153036,0.24407810817787312
right,independent,code,ranknormal,tailrl,0.022142636544575482,0.33410149160153363,0.003177409758022391,0.0002694627599098769,0.00006639608627714501,0.04634806774210734,0.9535855361716155,0.35514010231542986
right,independent,code,ranknormal,pkpo,0.022142636544575482,0.22395201544916998,0.009589238490193386,0.0002694627599098769,0.00033817276562416,0.36423131052534446,0.6354305167090315,0.37235808055129804
right,independent,code,ranknormal,elite,0.022142636544575482,0.031509574019999646,0.0059667764774415525,0.0002694627599098769,0.00032386172934815907,0.9136105350102594,0.0860656032603926,0.28532050029181416
right,independent,code,reciprocal,rloo,0.022142636544575482,0.016451036653495375,0.00047383945106205564,0.0002694627599098769,0.00022663720883260138,0.9555669969105169,0.044206365880650356,0.1950147749687797
right,independent,code,reciprocal,grpo,0.022142636544575482,0.008257572371688011,0.0006373336238118365,0.0002694627599098769,0.000143508277317838,0.9780287850287488,0.02182770669393334,0.11363417305438905
right,independent,code,reciprocal,maxrl,0.022142636544575482,0.023115641901024653,0.0013194583934069777,0.0002694627599098769,0.0003695922969715754,0.9373080357758753,0.062322371927153036,0.24407810817787312
right,independent,code,reciprocal,tailrl,0.022142636544575482,0.01620388390388097,0.0005129694600222903,0.0002694627599098769,0.00022444041112931905,0.9562505177712434,0.04352504181762764,0.19294073916029228
right,independent,code,reciprocal,pkpo,0.022142636544575482,0.022129264966647817,0.000010455509288818384,0.0002694627599098769,0.0002693559840464831,0.9398308110996033,0.05989983291634993,0.23714539748294358
right,independent,code,reciprocal,elite,0.022142636544575482,0.01664181185630408,0.0007766434319023594,0.0002694627599098769,0.00022562521806224312,0.9550018753292764,0.044772499452661374,0.19645920288837074
right,shared,quality,identity,rloo,0.11863735158922911,0.47499085916005684,0.00296234027114954,0.0011944799803833412,0.0011855471415796424,0.08567213711337836,0.9131423157450421,0.6977660517854001
right,shared,quality,identity,grpo,0.11863735158922911,0.898405148938838,0.0027095237765984315,0.0011944799803833412,0.6895608705863779,0.00976106818922288,0.30067806122439916,0.9980141290401416
right,shared,quality,identity,maxrl,0.11863735158922911,0.8875454414047651,0.04853646195751236,0.0011944799803833412,0.7767678940827049,0.052344064346674,0.17088804157062118,0.9998567340437644
right,shared,quality,identity,tailrl,0.11863735158922911,0.7627470636453174,0.013638753705841439,0.0011944799803833412,0.20563417928960767,0.038196160766717314,0.7561696599436751,0.9566948612722982
right,shared,quality,identity,pkpo,0.11863735158922911,0.520242329489549,0.0029821320700021974,0.0011944799803833412,0.01191504719894712,0.15018419242776493,0.8379007603732879,0.8088883268715055
right,shared,quality,identity,elite,0.11863735158922911,0.9591882587804174,0.001686144902326549,0.0011944799803833412,0.9573125198185412,0.01721568581088718,0.02547179437057164,0.9999999935307589
right,shared,quality,log,rloo,0.11863735158922911,0.46263065418831945,0.0017454000354105105,0.0011944799803833412,0.0005638037464782798,0.0722188796474814,0.9272173166060403,0.6673771643996895
right,shared,quality,log,grpo,0.11863735158922911,0.8661115836366128,0.0056917259785530866,0.0011944799803833412,0.5110942063882397,0.010055864722157174,0.47884992888960326,0.9887682601148264
right,shared,quality,log,maxrl,0.11863735158922911,0.8875454414047651,0.04853646195751236,0.0011944799803833412,0.7767678940827049,0.052344064346674,0.17088804157062118,0.9998567340437644
right,shared,quality,log,tailrl,0.11863735158922911,0.6326639081593038,0.005709029655108334,0.0011944799803833412,0.013400041616966951,0.022102996657751853,0.9644969617252811,0.8259753803024164
right,shared,quality,log,pkpo,0.11863735158922911,0.4597722706989605,0.003660822887213459,0.0011944799803833412,0.004275936211758102,0.17815076162816987,0.8175733021600721,0.7486036665883086
right,shared,quality,log,elite,0.11863735158922911,0.9591882587804174,0.001686144902326549,0.0011944799803833412,0.9573125198185412,0.01721568581088718,0.02547179437057164,0.9999999935307589
right,shared,quality,square,rloo,0.11863735158922911,0.35759381285169817,0.006372444780175443,0.0011944799803833412,0.0024430692036343754,0.3386329172966021,0.6589240134997636,0.6902358220266036
right,shared,quality,square,grpo,0.11863735158922911,0.9229886157019626,0.0031841114458231296,0.0011944799803833412,0.8132328494065056,0.009233558627485813,0.17753359196600857,0.999785871407668
right,shared,quality,square,maxrl,0.11863735158922911,0.8875454414047651,0.04853646195751236,0.0011944799803833412,0.7767678940827049,0.052344064346674,0.17088804157062118,0.9998567340437644
right,shared,quality,square,tailrl,0.11863735158922911,0.878830272034028,0.012344652186698038,0.0011944799803833412,0.6728994884450396,0.032343531174022354,0.29475698038093817,0.9989615900489656
right,shared,quality,square,pkpo,0.11863735158922911,0.5496354317574924,0.004523283721307128,0.0011944799803833412,0.02822069306930694,0.16612083868834052,0.8056584682423525,0.8550653275017942
right,shared,quality,square,elite,0.11863735158922911,0.9591882587804174,0.001686144902326549,0.0011944799803833412,0.9573125198185412,0.01721568581088718,0.02547179437057164,0.9999999935307589
right,shared,quality,ranknormal,rloo,0.11863735158922911,0.9035027336942969,0.002113534599525305,0.0011944799803833412,0.7470370411855797,0.017568492783465478,0.2353944660309548,0.9992749015960363
right,shared,quality,ranknormal,grpo,0.11863735158922911,0.9089278720232862,0.0032676823274064813,0.0011944799803833412,0.7712874037441981,0.01672126910577265,0.2119913271500292,0.9995296631713527
right,shared,quality,ranknormal,maxrl,0.11863735158922911,0.8875454414047651,0.04853646195751236,0.0011944799803833412,0.7767678940827049,0.052344064346674,0.17088804157062118,0.9998567340437644
right,shared,quality,ranknormal,tailrl,0.11863735158922911,0.986399983932747,0.0006331779875242162,0.0011944799803833412,0.992922980965805,0.0040854712455153175,0.00299154778867973,0.9999999999999676
right,shared,quality,ranknormal,pkpo,0.11863735158922911,0.9154793222449612,0.0007952727822340539,0.0011944799803833412,0.863854778294835,0.04074396558167113,0.095401256123494,0.9999947653653894
right,shared,quality,ranknormal,elite,0.11863735158922911,0.9591882587804174,0.001686144902326549,0.0011944799803833412,0.9573125198185412,0.01721568581088718,0.02547179437057164,0.9999999935307589
right,shared,quality,reciprocal,rloo,0.11863735158922911,0.028011540604216973,0.0004021358765759346,0.0011944799803833412,0.0006562516154432204,0.9932673694215,0.006076378963056903,0.17030562383757983
right,shared,quality,reciprocal,grpo,0.11863735158922911,0.007205368193683256,0.00027048670984858823,0.0011944799803833412,0.00023831938583801005,0.9986812099561133,0.001080470658048549,0.06771271422168441
right,shared,quality,reciprocal,maxrl,0.11863735158922911,0.8875454414047651,0.04853646195751236,0.0011944799803833412,0.7767678940827049,0.052344064346674,0.17088804157062118,0.9998567340437644
right,shared,quality,reciprocal,tailrl,0.11863735158922911,0.021155101477040954,0.00024144612520058287,0.0011944799803833412,0.0005694073910512525,0.9954968022956692,0.003933790313279655,0.14083327895578832
right,shared,quality,reciprocal,pkpo,0.11863735158922911,0.0544573105508403,0.0002863713111589459,0.0011944799803833412,0.001101756878390891,0.9701796366834391,0.028718606438169998,0.2999369270471471
right,shared,quality,reciprocal,elite,0.11863735158922911,0.012579329668265254,0.000034436144954124076,0.0011944799803833412,0.0004791929041297904,0.996590503422489,0.002930303673380912,0.10652649496043069
right,shared,binary,identity,rloo,0.0011944799803833412,0.0013425458345012653,0.00008822670806772952,0.0011944799803833412,0.0013425458345012653,0.9986574541654987,0,0.021265180046658044
right,shared,binary,identity,grpo,0.0011944799803833412,0.0021344048855179588,0.0008883144995901921,0.0011944799803833412,0.0021344048855179588,0.9978655951144817,0,0.033548073249596154
right,shared,binary,identity,maxrl,0.0011944799803833412,0.7767678940827049,0.1111542077522261,0.0011944799803833412,0.7767678940827049,0.22323210591729517,0,0.9999999974611861
right,shared,binary,identity,tailrl,0.0011944799803833412,0.7767678940827049,0.1111542077522261,0.0011944799803833412,0.7767678940827049,0.22323210591729517,0,0.9999999974611863
right,shared,binary,identity,pkpo,0.0011944799803833412,0.002848621011484023,0.00209394855525557,0.0011944799803833412,0.002848621011484023,0.9971513789885161,0,0.044281831396158634
right,shared,binary,identity,elite,0.0011944799803833412,0.0013482005114006134,0.00009739853074650454,0.0011944799803833412,0.0013482005114006134,0.9986517994885995,0,0.0213537126140958
right,shared,binary,log,rloo,0.0011944799803833412,0.0013425458345012653,0.00008822670806772952,0.0011944799803833412,0.0013425458345012653,0.9986574541654987,0,0.021265180046658044
right,shared,binary,log,grpo,0.0011944799803833412,0.0021344048855179588,0.0008883144995901921,0.0011944799803833412,0.0021344048855179588,0.9978655951144817,0,0.033548073249596154
right,shared,binary,log,maxrl,0.0011944799803833412,0.7767678940827049,0.1111542077522261,0.0011944799803833412,0.7767678940827049,0.22323210591729517,0,0.9999999974611861
right,shared,binary,log,tailrl,0.0011944799803833412,0.7767678940827049,0.1111542077522261,0.0011944799803833412,0.7767678940827049,0.22323210591729517,0,0.9999999974611863
right,shared,binary,log,pkpo,0.0011944799803833412,0.002848621011484023,0.00209394855525557,0.0011944799803833412,0.002848621011484023,0.9971513789885161,0,0.044281831396158634
right,shared,binary,log,elite,0.0011944799803833412,0.0013482005114006134,0.00009739853074650454,0.0011944799803833412,0.0013482005114006134,0.9986517994885995,0,0.0213537126140958
right,shared,binary,square,rloo,0.0011944799803833412,0.0013425458345012653,0.00008822670806772952,0.0011944799803833412,0.0013425458345012653,0.9986574541654987,0,0.021265180046658044
right,shared,binary,square,grpo,0.0011944799803833412,0.0021344048855179588,0.0008883144995901921,0.0011944799803833412,0.0021344048855179588,0.9978655951144817,0,0.033548073249596154
right,shared,binary,square,maxrl,0.0011944799803833412,0.7767678940827049,0.1111542077522261,0.0011944799803833412,0.7767678940827049,0.22323210591729517,0,0.9999999974611861
right,shared,binary,square,tailrl,0.0011944799803833412,0.7767678940827049,0.1111542077522261,0.0011944799803833412,0.7767678940827049,0.22323210591729517,0,0.9999999974611863
right,shared,binary,square,pkpo,0.0011944799803833412,0.002848621011484023,0.00209394855525557,0.0011944799803833412,0.002848621011484023,0.9971513789885161,0,0.044281831396158634
right,shared,binary,square,elite,0.0011944799803833412,0.0013482005114006134,0.00009739853074650454,0.0011944799803833412,0.0013482005114006134,0.9986517994885995,0,0.0213537126140958
right,shared,binary,ranknormal,rloo,0.0011944799803833412,0.0015019945133348024,0.00019295496579679774,0.0011944799803833412,0.0015019945133348024,0.998498005486665,0,0.023760166679238488
right,shared,binary,ranknormal,grpo,0.0011944799803833412,0.0021344049124864765,0.0008883145289987588,0.0011944799803833412,0.0021344049124864765,0.9978655950875134,0,0.033548073663461575
right,shared,binary,ranknormal,maxrl,0.0011944799803833412,0.7767678940827049,0.1111542077522261,0.0011944799803833412,0.7767678940827049,0.22323210591729517,0,0.9999999974611861
right,shared,binary,ranknormal,tailrl,0.0011944799803833412,0.9348227944557316,0.017355020917341264,0.0011944799803833412,0.9348227944557316,0.06517720554426848,0,1
right,shared,binary,ranknormal,pkpo,0.0011944799803833412,0.10930494488654935,0.1854835971789794,0.0011944799803833412,0.10930494488654935,0.8906950551134506,0,0.35593506464076646
right,shared,binary,ranknormal,elite,0.0011944799803833412,0.0013482005114006134,0.00009739853074650454,0.0011944799803833412,0.0013482005114006134,0.9986517994885995,0,0.0213537126140958
right,shared,binary,reciprocal,rloo,0.0011944799803833412,0.0010872889773618523,0.00004643998590218364,0.0011944799803833412,0.0010872889773618523,0.9989127110226379,0,0.017255307305353112
right,shared,binary,reciprocal,grpo,0.0011944799803833412,0.0008687888520676462,0.00011496250474074264,0.0011944799803833412,0.0008687888520676462,0.9991312111479324,0,0.013809367687688182
right,shared,binary,reciprocal,maxrl,0.0011944799803833412,0.7767678940827049,0.1111542077522261,0.0011944799803833412,0.7767678940827049,0.22323210591729517,0,0.9999999974611861
right,shared,binary,reciprocal,tailrl,0.0011944799803833412,0.0010872889773618523,0.00004643998590218373,0.0011944799803833412,0.0010872889773618523,0.9989127110226379,0,0.017255307305353112
right,shared,binary,reciprocal,pkpo,0.0011944799803833412,0.001194479980383341,0,0.0011944799803833412,0.001194479980383341,0.9988055200196163,0,0.018941416488221674
right,shared,binary,reciprocal,elite,0.0011944799803833412,0.001197858422258347,0.000018042940378049187,0.0011944799803833412,0.001197858422258347,0.9988021415777419,0,0.018994484140498574
right,shared,code,identity,rloo,0.022142636544575482,0.2325989903005433,0.003278041819692475,0.0002694627599098769,0.0002926302627443998,0.34487242325604917,0.6548349464812065,0.39927072677753334
right,shared,code,identity,grpo,0.022142636544575482,0.4851522494144884,0.01649165394472605,0.0002694627599098769,0.012763346847708296,0.01912741192427665,0.968109241228015,0.8393353975000494
right,shared,code,identity,maxrl,0.022142636544575482,0.037423313225322295,0.024496351696754303,0.0002694627599098769,0.0018552862420715538,0.9091800314453007,0.08896468231262766,0.33381551051199204
right,shared,code,identity,tailrl,0.022142636544575482,0.7341332732089526,0.043633114245647635,0.0002694627599098769,0.20903630727559644,0.04845145251595909,0.7425122402084444,0.9963511281517294
right,shared,code,identity,pkpo,0.022142636544575482,0.24221994555075324,0.0026817630413861152,0.0002694627599098769,0.0007264302971938517,0.32923871359786516,0.6700348561049408,0.4522126889053126
right,shared,code,identity,elite,0.022142636544575482,0.33851112355300694,0.0021431408837252162,0.0002694627599098769,0.00008785755730635049,0.04321491358152968,0.9566972288611639,0.4027452051765841
right,shared,code,log,rloo,0.022142636544575482,0.3237931296816339,0.0014631402238972815,0.0002694627599098769,0.00011939303414749187,0.08443972654327343,0.9154408804225791,0.3993015700693398
right,shared,code,log,grpo,0.022142636544575482,0.4286973584857597,0.021653114651740888,0.0002694627599098769,0.004132273944427881,0.01082873161396908,0.9850389944416031,0.7453682782329123
right,shared,code,log,maxrl,0.022142636544575482,0.037423313225322295,0.024496351696754303,0.0002694627599098769,0.0018552862420715538,0.9091800314453007,0.08896468231262766,0.33381551051199204
right,shared,code,log,tailrl,0.022142636544575482,0.4501697267060676,0.04159769614677157,0.0002694627599098769,0.014918815502324679,0.04852419293157195,0.9365569915661034,0.8269163712869769
right,shared,code,log,pkpo,0.022142636544575482,0.2619198226103124,0.001800056072422633,0.0002694627599098769,0.00041900684130162367,0.26655463894538384,0.7330263542133144,0.4246118507316327
right,shared,code,log,elite,0.022142636544575482,0.33851112355300694,0.0021431408837252162,0.0002694627599098769,0.00008785755730635049,0.04321491358152968,0.9566972288611639,0.4027452051765841
right,shared,code,square,rloo,0.022142636544575482,0.043798396136080525,0.001166159166196717,0.0002694627599098769,0.0003577141650272654,0.8796231139940692,0.12001917184090366,0.33090600447718954
right,shared,code,square,grpo,0.022142636544575482,0.5711534572853041,0.02960797512354925,0.0002694627599098769,0.04313395395666384,0.03503206527538331,0.9218339807679529,0.9281782964204764
right,shared,code,square,maxrl,0.022142636544575482,0.037423313225322295,0.024496351696754303,0.0002694627599098769,0.0018552862420715538,0.9091800314453007,0.08896468231262766,0.33381551051199204
right,shared,code,square,tailrl,0.022142636544575482,0.823846658766653,0.04425386224616851,0.0002694627599098769,0.37312768440258787,0.04350090564305934,0.5833714099543529,0.999856007222403
right,shared,code,square,pkpo,0.022142636544575482,0.1633419072681783,0.010470499667447215,0.0002694627599098769,0.0009020319898669364,0.5517492726276089,0.44734869538252425,0.44032359702819485
right,shared,code,square,elite,0.022142636544575482,0.33851112355300694,0.0021431408837252162,0.0002694627599098769,0.00008785755730635049,0.04321491358152968,0.9566972288611639,0.4027452051765841
right,shared,code,ranknormal,rloo,0.022142636544575482,0.3574599124401656,0.0026302588365155837,0.0002694627599098769,0.0002552218993246657,0.014068163988942839,0.9856766141117324,0.49584251897883397
right,shared,code,ranknormal,grpo,0.022142636544575482,0.5060484928614543,0.013260522729338833,0.0002694627599098769,0.01688570658620132,0.02130259643240026,0.9618116969813983,0.8628461703866206
right,shared,code,ranknormal,maxrl,0.022142636544575482,0.037423313225322295,0.024496351696754303,0.0002694627599098769,0.0018552862420715538,0.9091800314453007,0.08896468231262766,0.33381551051199204
right,shared,code,ranknormal,tailrl,0.022142636544575482,0.9731629008145305,0.001593492449567016,0.0002694627599098769,0.8242113401425067,0.004285867672906681,0.17150279218458656,0.9999999999998971
right,shared,code,ranknormal,pkpo,0.022142636544575482,0.8346766597832094,0.000434334950456847,0.0002694627599098769,0.40339168471525366,0.051419638809931105,0.5451886764748152,0.999970951494093
right,shared,code,ranknormal,elite,0.022142636544575482,0.33851112355300694,0.0021431408837252162,0.0002694627599098769,0.00008785755730635049,0.04321491358152968,0.9566972288611639,0.4027452051765841
right,shared,code,reciprocal,rloo,0.022142636544575482,0.004668750023085731,0.00003807388403021843,0.0002694627599098769,0.00015739041494069314,0.9880026798804331,0.011839929704626209,0.0689271725489187
right,shared,code,reciprocal,grpo,0.022142636544575482,0.001169316237628475,0.0002194109047585386,0.0002694627599098769,0.00008579904061958254,0.9972690514260064,0.002645149533373749,0.018382354719636916
right,shared,code,reciprocal,maxrl,0.022142636544575482,0.037423313225322295,0.024496351696754303,0.0002694627599098769,0.0018552862420715538,0.9091800314453007,0.08896468231262766,0.33381551051199204
right,shared,code,reciprocal,tailrl,0.022142636544575482,0.004621695801121368,0.00002593379775726793,0.0002694627599098769,0.00015650071836035296,0.9881287772840138,0.011714721997625842,0.06829136430479782
right,shared,code,reciprocal,pkpo,0.022142636544575482,0.02201780172490053,0.00009706576645194852,0.0002694627599098769,0.00026918251533852806,0.9401445144899739,0.059586302994687416,0.23642457107580483
right,shared,code,reciprocal,elite,0.022142636544575482,0.007967679091542307,0.0004148103027196054,0.0002694627599098769,0.00019292820841666962,0.9790364917816573,0.02077058000992589,0.11058798054488404
right,neural,quality,identity,rloo,0.11863735158922911,0.7975876855969992,0.04563336666267161,0.0011944799803833412,0.3997625656627672,0.021769464471328524,0.5784679698659043,0.9930967839788867
right,neural,quality,identity,grpo,0.11863735158922911,0.9960385982972321,0.0002707554737974958,0.0011944799803833412,0.9995731523571915,0.000003951742974140965,0.0004228958998343481,0.9999999999999988
right,neural,quality,identity,maxrl,0.11863735158922911,0.9624173335041993,0.008731826271620675,0.0011944799803833412,0.9303904205049331,0.0008139557047043465,0.06879562379036241,0.9999997213311467
right,neural,quality,identity,tailrl,0.11863735158922911,0.9483644019626679,0.0010286284661730595,0.0011944799803833412,0.878827992534616,0.0009446222264140432,0.12022738523896996,0.9999976508696303
right,neural,quality,identity,pkpo,0.11863735158922911,0.8324829018003155,0.011029416496695432,0.0011944799803833412,0.5012560795592739,0.020538902081161194,0.4782050183595648,0.9977030959058881
right,neural,quality,identity,elite,0.11863735158922911,0.9915132713868271,0.0001068291273844669,0.0011944799803833412,0.9970333889229619,0.00003553637005064635,0.0029310747069875077,0.9999999999999979
right,neural,quality,log,rloo,0.11863735158922911,0.8204669613442701,0.02008369800288135,0.0011944799803833412,0.4289621513859226,0.009401667406707207,0.5616361812073701,0.9948794833148734
right,neural,quality,log,grpo,0.11863735158922911,0.9959265499197157,0.00037917842126061144,0.0011944799803833412,0.9995439832946827,0.000004163342723289871,0.0004518533625939094,0.9999999999999994
right,neural,quality,log,maxrl,0.11863735158922911,0.9624173335041993,0.008731826271620675,0.0011944799803833412,0.9303904205049331,0.0008139557047043465,0.06879562379036241,0.9999997213311467
right,neural,quality,log,tailrl,0.11863735158922911,0.9153019445353917,0.0020071223948288763,0.0011944799803833412,0.7425013010651004,0.001564862448304458,0.2559338364865952,0.9998857727503471
right,neural,quality,log,pkpo,0.11863735158922911,0.7484841673542043,0.013332230320061766,0.0011944799803833412,0.3373728307136054,0.0538744448428368,0.608752724443558,0.9907680576625651
right,neural,quality,log,elite,0.11863735158922911,0.9915132713868271,0.0001068291273844669,0.0011944799803833412,0.9970333889229619,0.00003553637005064635,0.0029310747069875077,0.9999999999999979
right,neural,quality,square,rloo,0.11863735158922911,0.20089007075451426,0.04645014561349135,0.0011944799803833412,0.011208739961074557,0.7247931253109677,0.2639981347279578,0.6675224863539607
right,neural,quality,square,grpo,0.11863735158922911,0.9960589013707568,0.00026631818090680595,0.0011944799803833412,0.9995773103933798,0.000004637799555887804,0.0004180518070643839,0.9999999999999994
right,neural,quality,square,maxrl,0.11863735158922911,0.9624173335041993,0.008731826271620675,0.0011944799803833412,0.9303904205049331,0.0008139557047043465,0.06879562379036241,0.9999997213311467
right,neural,quality,square,tailrl,0.11863735158922911,0.9644747430267611,0.0010951847223801485,0.0011944799803833412,0.9370858836651593,0.0006789495981634492,0.06223516673667726,0.9999999336761793
right,neural,quality,square,pkpo,0.11863735158922911,0.8667310651034881,0.012004371920074043,0.0011944799803833412,0.5971667125996295,0.013074441380159597,0.3897588460202109,0.9991729364266538
right,neural,quality,square,elite,0.11863735158922911,0.9915132713868271,0.0001068291273844669,0.0011944799803833412,0.9970333889229619,0.00003553637005064635,0.0029310747069875077,0.9999999999999979
right,neural,quality,ranknormal,rloo,0.11863735158922911,0.992624697289274,0.0003294807363991876,0.0011944799803833412,0.9979473880590352,0.000021803880642392035,0.00203080806032237,0.9999999999999991
right,neural,quality,ranknormal,grpo,0.11863735158922911,0.995706392270108,0.00041408344644369184,0.0011944799803833412,0.9994739297364713,0.000005826844105402018,0.0005202434194234025,0.9999999999999994
right,neural,quality,ranknormal,maxrl,0.11863735158922911,0.9624173335041993,0.008731826271620675,0.0011944799803833412,0.9303904205049331,0.0008139557047043465,0.06879562379036241,0.9999997213311467
right,neural,quality,ranknormal,tailrl,0.11863735158922911,0.9960858945465003,0.00013320609503793303,0.0011944799803833412,0.9995811026917926,0.000004283285899065905,0.0004146140223082709,0.9999999999999994
right,neural,quality,ranknormal,pkpo,0.11863735158922911,0.9682223613055579,0.0007462518837326986,0.0011944799803833412,0.9479466609954766,0.0008290083745629656,0.05122433062996034,0.9999999840369121
right,neural,quality,ranknormal,elite,0.11863735158922911,0.9915132713868271,0.0001068291273844669,0.0011944799803833412,0.9970333889229619,0.00003553637005064635,0.0029310747069875077,0.9999999999999979
right,neural,quality,reciprocal,rloo,0.11863735158922911,0.06511183008349773,0.0061837396636227684,0.0011944799803833412,0.00003424150568718754,0.9690673796021615,0.030898378892151288,0.2663483515390989
right,neural,quality,reciprocal,grpo,0.11863735158922911,0.011229367222007533,0.0010035673065076462,0.0011944799803833412,6.065389911422956e-9,0.9999369240050382,0.00006306992957229769,0.07423958829073658
right,neural,quality,reciprocal,maxrl,0.11863735158922911,0.9624173335041993,0.008731826271620675,0.0011944799803833412,0.9303904205049331,0.0008139557047043465,0.06879562379036241,0.9999997213311467
right,neural,quality,reciprocal,tailrl,0.11863735158922911,0.04023108467060871,0.0030825366951349373,0.0011944799803833412,0.0000019242786427566763,0.9930690347418559,0.006929040979501287,0.18038849781893374
right,neural,quality,reciprocal,pkpo,0.11863735158922911,0.08714112730292596,0.00537235538043374,0.0011944799803833412,0.00021207844868688426,0.9353193366141718,0.06446858493714124,0.3434234884529945
right,neural,quality,reciprocal,elite,0.11863735158922911,0.018932509508731533,0.0014801550140944848,0.0011944799803833412,5.783938564999864e-8,0.9995206117560862,0.00047933040452815775,0.10453478013027195
right,neural,binary,identity,rloo,0.0011944799803833412,0.0013946039418580459,0.00014552021659951366,0.0011944799803833412,0.0013946039418580459,0.9986053960581419,0,0.02208012386278509
right,neural,binary,identity,grpo,0.0011944799803833412,0.02004578369963252,0.03171197731147029,0.0011944799803833412,0.02004578369963252,0.9799542163003675,0,0.22053721133092805
right,neural,binary,identity,maxrl,0.0011944799803833412,0.9303904205049331,0.02931227906189162,0.0011944799803833412,0.9303904205049331,0.06960957949506677,0,0.9999999999999994
right,neural,binary,identity,tailrl,0.0011944799803833412,0.9303904205049331,0.029312279061891676,0.0011944799803833412,0.9303904205049331,0.06960957949506678,0,1
right,neural,binary,identity,pkpo,0.0011944799803833412,0.07087091353120671,0.11970550195550327,0.0011944799803833412,0.07087091353120671,0.9291290864687932,0,0.34403365123025226
right,neural,binary,identity,elite,0.0011944799803833412,0.0013673278187630526,0.00008741130690928625,0.0011944799803833412,0.0013673278187630526,0.9986326721812371,0,0.021653720519580366
right,neural,binary,log,rloo,0.0011944799803833412,0.0013946039418580459,0.00014552021659951366,0.0011944799803833412,0.0013946039418580459,0.9986053960581419,0,0.02208012386278509
right,neural,binary,log,grpo,0.0011944799803833412,0.02004578369963252,0.03171197731147029,0.0011944799803833412,0.02004578369963252,0.9799542163003675,0,0.22053721133092805
right,neural,binary,log,maxrl,0.0011944799803833412,0.9303904205049331,0.02931227906189162,0.0011944799803833412,0.9303904205049331,0.06960957949506677,0,0.9999999999999994
right,neural,binary,log,tailrl,0.0011944799803833412,0.9303904205049331,0.029312279061891676,0.0011944799803833412,0.9303904205049331,0.06960957949506678,0,1
right,neural,binary,log,pkpo,0.0011944799803833412,0.07087091353120671,0.11970550195550327,0.0011944799803833412,0.07087091353120671,0.9291290864687932,0,0.34403365123025226
right,neural,binary,log,elite,0.0011944799803833412,0.0013673278187630526,0.00008741130690928625,0.0011944799803833412,0.0013673278187630526,0.9986326721812371,0,0.021653720519580366
right,neural,binary,square,rloo,0.0011944799803833412,0.0013946039418580459,0.00014552021659951366,0.0011944799803833412,0.0013946039418580459,0.9986053960581419,0,0.02208012386278509
right,neural,binary,square,grpo,0.0011944799803833412,0.02004578369963252,0.03171197731147029,0.0011944799803833412,0.02004578369963252,0.9799542163003675,0,0.22053721133092805
right,neural,binary,square,maxrl,0.0011944799803833412,0.9303904205049331,0.02931227906189162,0.0011944799803833412,0.9303904205049331,0.06960957949506677,0,0.9999999999999994
right,neural,binary,square,tailrl,0.0011944799803833412,0.9303904205049331,0.029312279061891676,0.0011944799803833412,0.9303904205049331,0.06960957949506678,0,1
right,neural,binary,square,pkpo,0.0011944799803833412,0.07087091353120671,0.11970550195550327,0.0011944799803833412,0.07087091353120671,0.9291290864687932,0,0.34403365123025226
right,neural,binary,square,elite,0.0011944799803833412,0.0013673278187630526,0.00008741130690928625,0.0011944799803833412,0.0013673278187630526,0.9986326721812371,0,0.021653720519580366
right,neural,binary,ranknormal,rloo,0.0011944799803833412,0.0016862296316112243,0.00043744926722806625,0.0011944799803833412,0.0016862296316112243,0.9983137703683888,0,0.02662620324251271
right,neural,binary,ranknormal,grpo,0.0011944799803833412,0.020045785452534128,0.03171198032431896,0.0011944799803833412,0.020045785452534128,0.9799542145474657,0,0.2205372231023256
right,neural,binary,ranknormal,maxrl,0.0011944799803833412,0.9303904205049331,0.02931227906189162,0.0011944799803833412,0.9303904205049331,0.06960957949506677,0,0.9999999999999994
right,neural,binary,ranknormal,tailrl,0.0011944799803833412,0.9781544471378206,0.010557583657308857,0.0011944799803833412,0.9781544471378206,0.02184555286217925,0,0.9999999999999994
right,neural,binary,ranknormal,pkpo,0.0011944799803833412,0.24322553526951218,0.41675710287761003,0.0011944799803833412,0.24322553526951218,0.7567744647304879,0,0.36061822469764726
right,neural,binary,ranknormal,elite,0.0011944799803833412,0.0013673278187630526,0.00008741130690928625,0.0011944799803833412,0.0013673278187630526,0.9986326721812371,0,0.021653720519580366
right,neural,binary,reciprocal,rloo,0.0011944799803833412,0.001057722761186056,0.00007468783936070107,0.0011944799803833412,0.001057722761186056,0.9989422772388138,0,0.016789531563636235
right,neural,binary,reciprocal,grpo,0.0011944799803833412,0.0008375948521909205,0.0002248422203096923,0.0011944799803833412,0.0008375948521909205,0.9991624051478091,0,0.013313659992676382
right,neural,binary,reciprocal,maxrl,0.0011944799803833412,0.9303904205049331,0.02931227906189162,0.0011944799803833412,0.9303904205049331,0.06960957949506677,0,0.9999999999999994
right,neural,binary,reciprocal,tailrl,0.0011944799803833412,0.001057722761186056,0.00007468783936070141,0.0011944799803833412,0.001057722761186056,0.9989422772388138,0,0.016789531563636235
right,neural,binary,reciprocal,pkpo,0.0011944799803833412,0.0011944799803833405,2.168404344971009e-19,0.0011944799803833412,0.0011944799803833405,0.9988055200196163,0,0.018941416488221712
right,neural,binary,reciprocal,elite,0.0011944799803833412,0.0011898851945888074,0.000054429879976168475,0.0011944799803833412,0.0011898851945888074,0.9988101148054108,0,0.018868970617667753
right,neural,code,identity,rloo,0.022142636544575482,0.07265039570676807,0.037196342519470425,0.0002694627599098769,0.00292096477788213,0.8188581046566329,0.1782209305654849,0.4474798997479981
right,neural,code,identity,grpo,0.022142636544575482,0.9897803021771652,0.0008596080872566649,0.0002694627599098769,0.916504653756148,0.000009547787446823944,0.08348579845640526,1
right,neural,code,identity,maxrl,0.022142636544575482,0.31929126855314344,0.50887860566236,0.0002694627599098769,0.17600089225512316,0.6209164182543442,0.20308268949053257,0.5060085956910724
right,neural,code,identity,tailrl,0.022142636544575482,0.9310269447647365,0.001332360678534071,0.0002694627599098769,0.6072733562487446,0.0006193718446666224,0.39210727190658884,0.9999999633351947
right,neural,code,identity,pkpo,0.022142636544575482,0.7525975413782474,0.021465692953649838,0.0002694627599098769,0.253005555530084,0.014278168750181947,0.7327162757197341,0.9988592854801075
right,neural,code,identity,elite,0.022142636544575482,0.9409937504387834,0.040690460973519436,0.0002694627599098769,0.6740184714456156,0.0019407864032746957,0.32404074215110995,0.9999995689784434
right,neural,code,log,rloo,0.022142636544575482,0.5894510689097417,0.07969302750249477,0.0002694627599098769,0.11743567022544026,0.047403587692530336,0.8351607420820294,0.9790297190399194
right,neural,code,log,grpo,0.022142636544575482,0.9897018043808138,0.0008708929809640675,0.0002694627599098769,0.9158765410197706,0.000008379265716602364,0.08411507971451287,0.9999999999999988
right,neural,code,log,maxrl,0.022142636544575482,0.31929126855314344,0.50887860566236,0.0002694627599098769,0.17600089225512316,0.6209164182543442,0.20308268949053257,0.5060085956910724
right,neural,code,log,tailrl,0.022142636544575482,0.8945947273762725,0.0010131385163623943,0.0002694627599098769,0.4886208518010076,0.001058545419665595,0.5103206027793267,0.9999975374327766
right,neural,code,log,pkpo,0.022142636544575482,0.7056909268080901,0.009021196708503081,0.0002694627599098769,0.20292981785885278,0.020000053365317322,0.7770701287758298,0.9969526891997021
right,neural,code,log,elite,0.022142636544575482,0.9409937504387834,0.040690460973519436,0.0002694627599098769,0.6740184714456156,0.0019407864032746957,0.32404074215110995,0.9999995689784434
right,neural,code,square,rloo,0.022142636544575482,0.029861635430495553,0.0035947016476350815,0.0002694627599098769,0.0005013205230101307,0.9200300097344911,0.07946866974249893,0.2860846231851342
right,neural,code,square,grpo,0.022142636544575482,0.9895180537621554,0.001013571236893916,0.0002694627599098769,0.9145600471687128,0.000010769845073420112,0.08542918298621388,1
right,neural,code,square,maxrl,0.022142636544575482,0.31929126855314344,0.50887860566236,0.0002694627599098769,0.17600089225512316,0.6209164182543442,0.20308268949053257,0.5060085956910724
right,neural,code,square,tailrl,0.022142636544575482,0.9442717767814991,0.006355673305127783,0.0002694627599098769,0.6619690778454284,0.0005133664485270922,0.3375175557060446,0.9999999950240338
right,neural,code,square,pkpo,0.022142636544575482,0.5616912735580035,0.21934937843129343,0.0002694627599098769,0.14200412122886988,0.14507306824453978,0.7129228105265902,0.9583948367094912
right,neural,code,square,elite,0.022142636544575482,0.9409937504387834,0.040690460973519436,0.0002694627599098769,0.6740184714456156,0.0019407864032746957,0.32404074215110995,0.9999995689784434
right,neural,code,ranknormal,rloo,0.022142636544575482,0.9768452170890436,0.002185045766281066,0.0002694627599098769,0.8283148257258782,0.00008522654273933782,0.17159994773138246,0.9999999999999085
right,neural,code,ranknormal,grpo,0.022142636544575482,0.9893872587399549,0.000963191379046591,0.0002694627599098769,0.9135962572712737,0.000011040430939870371,0.08639270229778644,1
right,neural,code,ranknormal,maxrl,0.022142636544575482,0.31929126855314344,0.50887860566236,0.0002694627599098769,0.17600089225512316,0.6209164182543442,0.20308268949053257,0.5060085956910724
right,neural,code,ranknormal,tailrl,0.022142636544575482,0.9911887132884822,0.00031290943557295595,0.0002694627599098769,0.9272437082185817,0.000005668264214027651,0.07275062351720424,0.9999999999999988
right,neural,code,ranknormal,pkpo,0.022142636544575482,0.9303238773912051,0.0007870411687622412,0.0002694627599098769,0.6109080291313062,0.0010572250065201032,0.3880347458621736,0.9999999682706151
right,neural,code,ranknormal,elite,0.022142636544575482,0.9409937504387834,0.040690460973519436,0.0002694627599098769,0.6740184714456156,0.0019407864032746957,0.32404074215110995,0.9999995689784434
right,neural,code,reciprocal,rloo,0.022142636544575482,0.009904315888993825,0.0008175476544742775,0.0002694627599098769,0.00004902019626586282,0.9723577282220196,0.027593251581714634,0.13005524712580843
right,neural,code,reciprocal,grpo,0.022142636544575482,0.0016762477845516314,0.0004903359629440758,0.0002694627599098769,0.0000016354200351713092,0.9952378442986021,0.0047605202813627125,0.025837595238599926
right,neural,code,reciprocal,maxrl,0.022142636544575482,0.31929126855314344,0.50887860566236,0.0002694627599098769,0.17600089225512316,0.6209164182543442,0.20308268949053257,0.5060085956910724
right,neural,code,reciprocal,tailrl,0.022142636544575482,0.009567264647770723,0.000745173317742747,0.0002694627599098769,0.00004555629193197522,0.9732784188429703,0.02667602486509779,0.12642468906419813
right,neural,code,reciprocal,pkpo,0.022142636544575482,0.02210513433992259,0.000026650178240220947,0.0002694627599098769,0.00026849281305171363,0.9398911089132967,0.05984039827365156,0.23696539024329524
right,neural,code,reciprocal,elite,0.022142636544575482,0.01178480426134524,0.00014888703476361877,0.0002694627599098769,0.00007088314105418882,0.967245645984153,0.03268347087479273,0.14967568695748182
left,independent,quality,identity,rloo,0.8813626484107707,0.9194954216433054,0.00009527438088930542,0.6504802445245382,0.7751044214547713,0.0032675095298631625,0.22162806901536558,0.9999986421772761
left,independent,quality,identity,grpo,0.8813626484107707,0.9968148311451709,0.00005148929802097217,0.6504802445245382,0.9911612233115256,0.0001802478909138993,0.008658528797560577,0.9999999999999994
left,independent,quality,identity,maxrl,0.8813626484107707,0.9630806187290707,0.0028466817419329294,0.6504802445245382,0.9336079016721404,0.0014553184848587943,0.06493677984300095,0.999999999066192
left,independent,quality,identity,tailrl,0.8813626484107707,0.9422930772495312,0.0002203423285910407,0.6504802445245382,0.8383973787601299,0.002483081842446663,0.15911953939742338,0.999999995960234
left,independent,quality,identity,pkpo,0.8813626484107707,0.8965431970052259,0.0001870702111036716,0.6504802445245382,0.6969764088657217,0.0041749553667005095,0.29884863576757775,0.9999819457532658
left,independent,quality,identity,elite,0.8813626484107707,0.9891378276928146,0.00015587490080251238,0.6504802445245382,0.9676297830384128,0.0005670129588280171,0.031803204002759135,0.9999999999999994
left,independent,quality,log,rloo,0.8813626484107707,0.8989916659259211,0.00029159298106272257,0.6504802445245382,0.7104283315413631,0.003958025165231013,0.28561364329340594,0.999969622370824
left,independent,quality,log,grpo,0.8813626484107707,0.9967958377336484,0.00007926849093874345,0.6504802445245382,0.9911308021762251,0.00018061556024949227,0.00868858226352527,0.9999999999999994
left,independent,quality,log,maxrl,0.8813626484107707,0.9630806187290707,0.0028466817419329294,0.6504802445245382,0.9336079016721404,0.0014553184848587943,0.06493677984300095,0.999999999066192
left,independent,quality,log,tailrl,0.8813626484107707,0.9114605251639508,0.00010221516192569862,0.6504802445245382,0.7474467827887371,0.003577393349041564,0.2489758238622213,0.9999965126172726
left,independent,quality,log,pkpo,0.8813626484107707,0.887920669785255,0.00005763353837755598,0.6504802445245382,0.6708505064230247,0.004428779274531073,0.3247207143024442,0.9999289265726441
left,independent,quality,log,elite,0.8813626484107707,0.9891378276928146,0.00015587490080251238,0.6504802445245382,0.9676297830384128,0.0005670129588280171,0.031803204002759135,0.9999999999999994
left,independent,quality,square,rloo,0.8813626484107707,0.9458880650052873,0.00028104334709513364,0.6504802445245382,0.8513059336948512,0.0023332314198064603,0.14636083488534243,0.9999999975803614
left,independent,quality,square,grpo,0.8813626484107707,0.9969727546218204,0.00005954877403511919,0.6504802445245382,0.9915144576711109,0.00017342844439102866,0.008312113884498009,1
left,independent,quality,square,maxrl,0.8813626484107707,0.9630806187290707,0.0028466817419329294,0.6504802445245382,0.9336079016721404,0.0014553184848587943,0.06493677984300095,0.999999999066192
left,independent,quality,square,tailrl,0.8813626484107707,0.9655532801497589,0.000052847060545882494,0.6504802445245382,0.9045414851133516,0.001580445860120169,0.09387806902652822,0.9999999999991368
left,independent,quality,square,pkpo,0.8813626484107707,0.9075393492883118,0.0004534879739808069,0.6504802445245382,0.7295309959794044,0.0038254140604071576,0.2666435899601884,0.9999974317229627
left,independent,quality,square,elite,0.8813626484107707,0.9891378276928146,0.00015587490080251238,0.6504802445245382,0.9676297830384128,0.0005670129588280171,0.031803204002759135,0.9999999999999994
left,independent,quality,ranknormal,rloo,0.8813626484107707,0.9943017303903906,0.00009709509219800444,0.6504802445245382,0.9838796899377603,0.00031160241758562403,0.015808707644653964,0.9999999999999994
left,independent,quality,ranknormal,grpo,0.8813626484107707,0.996981543526902,0.00013995505142543396,0.6504802445245382,0.9912985862484415,0.00017324322247844217,0.008528170529079985,0.9999999999999994
left,independent,quality,ranknormal,maxrl,0.8813626484107707,0.9630806187290707,0.0028466817419329294,0.6504802445245382,0.9336079016721404,0.0014553184848587943,0.06493677984300095,0.999999999066192
left,independent,quality,ranknormal,tailrl,0.8813626484107707,0.9953219406610775,0.00015964261061512597,0.6504802445245382,0.9865559878100297,0.00026058744296176146,0.013183424747008432,0.9999999999999988
left,independent,quality,ranknormal,pkpo,0.8813626484107707,0.9486175518215566,0.0009697395809466256,0.6504802445245382,0.8484713610640388,0.0023230217074819925,0.14920561722847925,0.9999999999154138
left,independent,quality,ranknormal,elite,0.8813626484107707,0.9891378276928146,0.00015587490080251238,0.6504802445245382,0.9676297830384128,0.0005670129588280171,0.031803204002759135,0.9999999999999994
left,independent,quality,reciprocal,rloo,0.8813626484107707,0.8762591622716052,0.00014830179374310384,0.6504802445245382,0.632841534456004,0.00482329728726295,0.36233516825673306,0.9997216480044687
left,independent,quality,reciprocal,grpo,0.8813626484107707,0.7046781946383978,0.001790917482825777,0.6504802445245382,0.1529416573046479,0.009420345129672771,0.8376379975656794,0.9605438777376968
left,independent,quality,reciprocal,maxrl,0.8813626484107707,0.9630806187290707,0.0028466817419329294,0.6504802445245382,0.9336079016721404,0.0014553184848587943,0.06493677984300095,0.999999999066192
left,independent,quality,reciprocal,tailrl,0.8813626484107707,0.8528954465987185,0.0016285091239679657,0.6504802445245382,0.5588471395666893,0.006492480423233814,0.4346603800100768,0.9991379220618578
left,independent,quality,reciprocal,pkpo,0.8813626484107707,0.8720516313071789,0.00023234359024229114,0.6504802445245382,0.6195747004352201,0.0051385760609960135,0.3752867235037838,0.9996798362450577
left,independent,quality,reciprocal,elite,0.8813626484107707,0.6480971516599517,0.020041229020314046,0.6504802445245382,0.09252036481476222,0.005293241129390336,0.9021863940558474,0.919223552409552
left,independent,binary,identity,rloo,0.6504802445245382,0.918111425720815,0.0017405603215310357,0.6504802445245382,0.918111425720815,0.08188857427918499,0,1
left,independent,binary,identity,grpo,0.6504802445245382,0.9784110308216687,0.0019987986288290114,0.6504802445245382,0.9784110308216687,0.021588969178331252,0,1
left,independent,binary,identity,maxrl,0.6504802445245382,0.9336079016721404,0.0021951687833493337,0.6504802445245382,0.9336079016721404,0.06639209832785974,0,1
left,independent,binary,identity,tailrl,0.6504802445245382,0.9336079016721403,0.0021951687833493376,0.6504802445245382,0.9336079016721403,0.0663920983278597,0,1
left,independent,binary,identity,pkpo,0.6504802445245382,0.7194768311739006,0.0008652093756501688,0.6504802445245382,0.7194768311739006,0.28052316882609935,0,0.9999999985282569
left,independent,binary,identity,elite,0.6504802445245382,0.9279244580118648,0.005260946287652032,0.6504802445245382,0.9279244580118648,0.07207554198813525,0,0.9999999999999994
left,independent,binary,log,rloo,0.6504802445245382,0.918111425720815,0.0017405603215310357,0.6504802445245382,0.918111425720815,0.08188857427918499,0,1
left,independent,binary,log,grpo,0.6504802445245382,0.9784110308216687,0.0019987986288290114,0.6504802445245382,0.9784110308216687,0.021588969178331252,0,1
left,independent,binary,log,maxrl,0.6504802445245382,0.9336079016721404,0.0021951687833493337,0.6504802445245382,0.9336079016721404,0.06639209832785974,0,1
left,independent,binary,log,tailrl,0.6504802445245382,0.9336079016721403,0.0021951687833493376,0.6504802445245382,0.9336079016721403,0.0663920983278597,0,1
left,independent,binary,log,pkpo,0.6504802445245382,0.7194768311739006,0.0008652093756501688,0.6504802445245382,0.7194768311739006,0.28052316882609935,0,0.9999999985282569
left,independent,binary,log,elite,0.6504802445245382,0.9279244580118648,0.005260946287652032,0.6504802445245382,0.9279244580118648,0.07207554198813525,0,0.9999999999999994
left,independent,binary,square,rloo,0.6504802445245382,0.918111425720815,0.0017405603215310357,0.6504802445245382,0.918111425720815,0.08188857427918499,0,1
left,independent,binary,square,grpo,0.6504802445245382,0.9784110308216687,0.0019987986288290114,0.6504802445245382,0.9784110308216687,0.021588969178331252,0,1
left,independent,binary,square,maxrl,0.6504802445245382,0.9336079016721404,0.0021951687833493337,0.6504802445245382,0.9336079016721404,0.06639209832785974,0,1
left,independent,binary,square,tailrl,0.6504802445245382,0.9336079016721403,0.0021951687833493376,0.6504802445245382,0.9336079016721403,0.0663920983278597,0,1
left,independent,binary,square,pkpo,0.6504802445245382,0.7194768311739006,0.0008652093756501688,0.6504802445245382,0.7194768311739006,0.28052316882609935,0,0.9999999985282569
left,independent,binary,square,elite,0.6504802445245382,0.9279244580118648,0.005260946287652032,0.6504802445245382,0.9279244580118648,0.07207554198813525,0,0.9999999999999994
left,independent,binary,ranknormal,rloo,0.6504802445245382,0.953075646623916,0.0008593846423379697,0.6504802445245382,0.953075646623916,0.04692435337608406,0,1
left,independent,binary,ranknormal,grpo,0.6504802445245382,0.9784110317684541,0.0019987985725038833,0.6504802445245382,0.9784110317684541,0.021588968231545862,0,0.9999999999999988
left,independent,binary,ranknormal,maxrl,0.6504802445245382,0.9336079016721404,0.0021951687833493337,0.6504802445245382,0.9336079016721404,0.06639209832785974,0,1
left,independent,binary,ranknormal,tailrl,0.6504802445245382,0.9587500549997477,0.0038845525948910395,0.6504802445245382,0.9587500549997477,0.04124994500025225,0,1
left,independent,binary,ranknormal,pkpo,0.6504802445245382,0.7348963718064944,0.0010713774369585604,0.6504802445245382,0.7348963718064944,0.2651036281935057,0,0.9999999994040394
left,independent,binary,ranknormal,elite,0.6504802445245382,0.9279244580118648,0.005260946287652032,0.6504802445245382,0.9279244580118648,0.07207554198813525,0,0.9999999999999994
left,independent,binary,reciprocal,rloo,0.6504802445245382,0.138128428568258,0.0018337835211973397,0.6504802445245382,0.138128428568258,0.8618715714317419,0,0.9072663697668008
left,independent,binary,reciprocal,grpo,0.6504802445245382,0.024192668906211235,0.0013728959907376415,0.6504802445245382,0.024192668906211235,0.9758073310937888,0,0.32408162267418117
left,independent,binary,reciprocal,maxrl,0.6504802445245382,0.9336079016721404,0.0021951687833493337,0.6504802445245382,0.9336079016721404,0.06639209832785974,0,1
left,independent,binary,reciprocal,tailrl,0.6504802445245382,0.08205190035867739,0.003635548382644302,0.6504802445245382,0.08205190035867739,0.9179480996413227,0,0.7455276807150671
left,independent,binary,reciprocal,pkpo,0.6504802445245382,0.35725338649623434,0.0018509772064499298,0.6504802445245382,0.35725338649623434,0.6427466135037656,0,0.9991509707516171
left,independent,binary,reciprocal,elite,0.6504802445245382,0.0807068964522719,0.009019321735269066,0.6504802445245382,0.0807068964522719,0.9192931035477282,0,0.7378600355070515
left,independent,code,identity,rloo,0.759781507579548,0.9094323246784222,0.000991372726906916,0.2955017974788178,0.707553279587741,0.004289927252206726,0.28815679316005227,0.9999999996744459
left,independent,code,identity,grpo,0.759781507579548,0.9941305531812871,0.00013062276866776138,0.2955017974788178,0.9837177834550745,0.0003749476387573055,0.01590726890616827,1
left,independent,code,identity,maxrl,0.759781507579548,0.9826649968089488,0.00034123695498765956,0.2955017974788178,0.9565766583657922,0.0010141009268125184,0.04240924070739525,0.9999999999999994
left,independent,code,identity,tailrl,0.759781507579548,0.9419356247106393,0.0005955084137659681,0.2955017974788178,0.8196991245151753,0.002952909870145732,0.17734796561467894,0.9999999999998591
left,independent,code,identity,pkpo,0.759781507579548,0.8212322659620425,0.0011458811504373105,0.2955017974788178,0.48191010058864964,0.007978536215659872,0.5101113631956905,0.999996943211047
left,independent,code,identity,elite,0.759781507579548,0.9787645111445659,0.00031029566964326167,0.2955017974788178,0.946331015131331,0.001215307710734021,0.05245367715793486,0.9999999999999994
left,independent,code,log,rloo,0.759781507579548,0.8435850307621539,0.0011642238554749862,0.2955017974788178,0.49234722126619984,0.006691747452799805,0.5009610312810003,0.9999978030233985
left,independent,code,log,grpo,0.759781507579548,0.9938247254333806,0.00018099721505994684,0.2955017974788178,0.9822832097955237,0.00038937432871004855,0.01732741587576623,0.9999999999999994
left,independent,code,log,maxrl,0.759781507579548,0.9826649968089488,0.00034123695498765956,0.2955017974788178,0.9565766583657922,0.0010141009268125184,0.04240924070739525,0.9999999999999994
left,independent,code,log,tailrl,0.759781507579548,0.8894281588674636,0.0008278718874060307,0.2955017974788178,0.6487773098636493,0.005048134663400389,0.3461745554729503,0.9999999939261418
left,independent,code,log,pkpo,0.759781507579548,0.7908854534048043,0.00046317542604976374,0.2955017974788178,0.3875991788388027,0.008999668605127176,0.6034011525560702,0.9999557990718196
left,independent,code,log,elite,0.759781507579548,0.9787645111445659,0.00031029566964326167,0.2955017974788178,0.946331015131331,0.001215307710734021,0.05245367715793486,0.9999999999999994
left,independent,code,square,rloo,0.759781507579548,0.9475021374281773,0.00028611241348917556,0.2955017974788178,0.8367907721935354,0.002716871781136504,0.16049235602532821,0.9999999999999706
left,independent,code,square,grpo,0.759781507579548,0.9942537448446617,0.00033654634320072767,0.2955017974788178,0.9844336216094728,0.00037005602941311556,0.0151963223611141,0.9999999999999994
left,independent,code,square,maxrl,0.759781507579548,0.9826649968089488,0.00034123695498765956,0.2955017974788178,0.9565766583657922,0.0010141009268125184,0.04240924070739525,0.9999999999999994
left,independent,code,square,tailrl,0.759781507579548,0.9658005211530399,0.0003980289509161911,0.2955017974788178,0.8977808311706296,0.0018663411114384855,0.10035282771793201,1
left,independent,code,square,pkpo,0.759781507579548,0.8484502038216961,0.0014563697400607615,0.2955017974788178,0.5678149794513913,0.006980327987012644,0.42520469256159615,0.9999998308728316
left,independent,code,square,elite,0.759781507579548,0.9787645111445659,0.00031029566964326167,0.2955017974788178,0.946331015131331,0.001215307710734021,0.05245367715793486,0.9999999999999994
left,independent,code,ranknormal,rloo,0.759781507579548,0.9888747454169721,0.00022800061977622103,0.2955017974788178,0.9700441306069795,0.0006782847053455176,0.029277584687675166,1
left,independent,code,ranknormal,grpo,0.759781507579548,0.9942293715718457,0.0003208288185518902,0.2955017974788178,0.9852885045564586,0.0003682007560782963,0.014343294687463275,1
left,independent,code,ranknormal,maxrl,0.759781507579548,0.9826649968089488,0.00034123695498765956,0.2955017974788178,0.9565766583657922,0.0010141009268125184,0.04240924070739525,0.9999999999999994
left,independent,code,ranknormal,tailrl,0.759781507579548,0.9909140471758123,0.00032020763329196084,0.2955017974788178,0.9765382716818566,0.0005590485535435781,0.022902679764599847,1
left,independent,code,ranknormal,pkpo,0.759781507579548,0.8978216290876032,0.0019083474364571945,0.2955017974788178,0.7177870021277477,0.004987611566452447,0.2772253863057998,0.9999999998115375
left,independent,code,ranknormal,elite,0.759781507579548,0.9787645111445659,0.00031029566964326167,0.2955017974788178,0.946331015131331,0.001215307710734021,0.05245367715793486,0.9999999999999994
left,independent,code,reciprocal,rloo,0.759781507579548,0.7280371873041954,0.00013129416940985215,0.2955017974788178,0.24507356214809803,0.011555238761549307,0.7433711990903525,0.9987377371610492
left,independent,code,reciprocal,grpo,0.759781507579548,0.3715972228814241,0.007549304126692705,0.2955017974788178,0.009300018866787855,0.004259262038891288,0.986440719094321,0.6153695851015804
left,independent,code,reciprocal,maxrl,0.759781507579548,0.9826649968089488,0.00034123695498765956,0.2955017974788178,0.9565766583657922,0.0010141009268125184,0.04240924070739525,0.9999999999999994
left,independent,code,reciprocal,tailrl,0.759781507579548,0.370936950974152,0.16435423048951314,0.2955017974788178,0.08576706908315333,0.4071990578503551,0.5070338730664915,0.9452410293606442
left,independent,code,reciprocal,pkpo,0.759781507579548,0.7072404441352202,0.0018206412962531696,0.2955017974788178,0.2303601713977307,0.014820194331840687,0.7548196342704285,0.9982720638519806
left,independent,code,reciprocal,elite,0.759781507579548,0.3851878336167532,0.0008988010767435648,0.2955017974788178,0.018525131508595544,0.004308451937132787,0.9771664165542716,0.7218282738785193
left,shared,quality,identity,rloo,0.8813626484107707,0.948065402562598,0.0004489811346857458,0.6504802445245382,0.880219498690682,0.002278431284098385,0.11750207002521966,0.9999992574279174
left,shared,quality,identity,grpo,0.8813626484107707,0.992653991750385,0.00018119643530041922,0.6504802445245382,0.9971469397070559,0.000935297384040243,0.0019177629089038159,0.9999999999999988
left,shared,quality,identity,maxrl,0.8813626484107707,0.9736103435228918,0.0003398699437089145,0.6504802445245382,0.9642207135261639,0.0017819065970556608,0.03399737987678051,0.9999999989633773
left,shared,quality,identity,tailrl,0.8813626484107707,0.9567093552308332,0.00041804356612427896,0.6504802445245382,0.9110670149547233,0.0022172432910488754,0.0867157417542278,0.9999998678527184
left,shared,quality,identity,pkpo,0.8813626484107707,0.9106556123463795,0.00008468890416412583,0.6504802445245382,0.7535879139140028,0.004407210551045842,0.24200487553495129,0.9999750973806908
left,shared,quality,identity,elite,0.8813626484107707,0.9873304334397824,0.00011488326709374694,0.6504802445245382,0.991129012962792,0.0021301522601247947,0.006740834777083207,0.9999999999999734
left,shared,quality,log,rloo,0.8813626484107707,0.9286706263851342,0.00030368418286778274,0.6504802445245382,0.8089722695025369,0.002703736000481599,0.18832399449698176,0.999991195269948
left,shared,quality,log,grpo,0.8813626484107707,0.9926320203846246,0.00015422222674183833,0.6504802445245382,0.997163987263829,0.000906985257788611,0.0019290274783821063,0.9999999999999988
left,shared,quality,log,maxrl,0.8813626484107707,0.9736103435228918,0.0003398699437089145,0.6504802445245382,0.9642207135261639,0.0017819065970556608,0.03399737987678051,0.9999999989633773
left,shared,quality,log,tailrl,0.8813626484107707,0.9382051184023487,0.00027674844350725935,0.6504802445245382,0.8449140917663817,0.0026359207298649687,0.1524499875037534,0.9999972910054534
left,shared,quality,log,pkpo,0.8813626484107707,0.8966799098322161,0.00012278576757443005,0.6504802445245382,0.7039054072220513,0.004516563826401771,0.29157802895154705,0.9999284381281038
left,shared,quality,log,elite,0.8813626484107707,0.9873304334397824,0.00011488326709374694,0.6504802445245382,0.991129012962792,0.0021301522601247947,0.006740834777083207,0.9999999999999734
left,shared,quality,square,rloo,0.8813626484107707,0.9607575526845475,0.0002644641444854766,0.6504802445245382,0.9247934825763519,0.0020922828297698765,0.07311423459387838,0.9999999433736654
left,shared,quality,square,grpo,0.8813626484107707,0.9926865732555527,0.00022797473321236234,0.6504802445245382,0.9971278109946969,0.0009797275603839024,0.00189246144491922,1
left,shared,quality,square,maxrl,0.8813626484107707,0.9736103435228918,0.0003398699437089145,0.6504802445245382,0.9642207135261639,0.0017819065970556608,0.03399737987678051,0.9999999989633773
left,shared,quality,square,tailrl,0.8813626484107707,0.9677628083141147,0.000496305544998024,0.6504802445245382,0.947052291770394,0.00206221009934185,0.05088549813026413,0.9999999930992881
left,shared,quality,square,pkpo,0.8813626484107707,0.9239868661303139,0.00022946677731327568,0.6504802445245382,0.8013506879550637,0.0042696465276195915,0.19437966551731667,0.9999928231915192
left,shared,quality,square,elite,0.8813626484107707,0.9873304334397824,0.00011488326709374694,0.6504802445245382,0.991129012962792,0.0021301522601247947,0.006740834777083207,0.9999999999999734
left,shared,quality,ranknormal,rloo,0.8813626484107707,0.9897667946519055,0.00020419460819867303,0.6504802445245382,0.9943629596571734,0.0014928845841163673,0.004144155758710288,0.9999999999999973
left,shared,quality,ranknormal,grpo,0.8813626484107707,0.9924669196898339,0.00019457367516571437,0.6504802445245382,0.9967027623279234,0.0013023361851472934,0.0019949014869293487,0.9999999999999994
left,shared,quality,ranknormal,maxrl,0.8813626484107707,0.9736103435228918,0.0003398699437089145,0.6504802445245382,0.9642207135261639,0.0017819065970556608,0.03399737987678051,0.9999999989633773
left,shared,quality,ranknormal,tailrl,0.8813626484107707,0.9916968190720129,0.00010365563281861378,0.6504802445245382,0.9960729949236047,0.0013832662264512878,0.0025437388499440685,0.9999999999999999
left,shared,quality,ranknormal,pkpo,0.8813626484107707,0.9646950909372226,0.0006953283654349473,0.6504802445245382,0.9395892140424875,0.003443723831549759,0.05696706212596261,0.9999999933797609
left,shared,quality,ranknormal,elite,0.8813626484107707,0.9873304334397824,0.00011488326709374694,0.6504802445245382,0.991129012962792,0.0021301522601247947,0.006740834777083207,0.9999999999999734
left,shared,quality,reciprocal,rloo,0.8813626484107707,0.8444224135849727,0.0006370470430181493,0.6504802445245382,0.5480118359783771,0.006702375529233566,0.44528578849238926,0.9993350939892998
left,shared,quality,reciprocal,grpo,0.8813626484107707,0.07436194509857477,0.006020543119055516,0.6504802445245382,0.01522382655685326,0.9794305195490137,0.005345653894132931,0.3688334829565911
left,shared,quality,reciprocal,maxrl,0.8813626484107707,0.9736103435228918,0.0003398699437089145,0.6504802445245382,0.9642207135261639,0.0017819065970556608,0.03399737987678051,0.9999999989633773
left,shared,quality,reciprocal,tailrl,0.8813626484107707,0.1770853631805994,0.013578546330185359,0.6504802445245382,0.0759351685817557,0.8643806461634505,0.059684185254793985,0.8183490172958349
left,shared,quality,reciprocal,pkpo,0.8813626484107707,0.7493471338660255,0.0044718710091971115,0.6504802445245382,0.3866003825498056,0.022514628957269227,0.5908849884929251,0.9973258667835948
left,shared,quality,reciprocal,elite,0.8813626484107707,0.04265659875114517,0.000781375600526735,0.6504802445245382,0.015810643669679183,0.9817556299066611,0.0024337264236597078,0.32690687272789815
left,shared,binary,identity,rloo,0.6504802445245382,0.9614020875321215,0.00030833175882661836,0.6504802445245382,0.9614020875321215,0.038597912467878644,0,1
left,shared,binary,identity,grpo,0.6504802445245382,0.9874352866107268,0.0009746348904802974,0.6504802445245382,0.9874352866107268,0.012564713389273246,0,0.9999999999999994
left,shared,binary,identity,maxrl,0.6504802445245382,0.9642207135261639,0.0008858618523468343,0.6504802445245382,0.9642207135261639,0.03577928647383617,0,1
left,shared,binary,identity,tailrl,0.6504802445245382,0.9642207135261639,0.0008858618523468343,0.6504802445245382,0.9642207135261639,0.035779286473836186,0,1
left,shared,binary,identity,pkpo,0.6504802445245382,0.7717117878010943,0.0014256838883798984,0.6504802445245382,0.7717117878010943,0.22828821219890583,0,0.9999999999454094
left,shared,binary,identity,elite,0.6504802445245382,0.9532517956314249,0.0015291750464574213,0.6504802445245382,0.9532517956314249,0.04674820436857519,0,1
left,shared,binary,log,rloo,0.6504802445245382,0.9614020875321215,0.00030833175882661836,0.6504802445245382,0.9614020875321215,0.038597912467878644,0,1
left,shared,binary,log,grpo,0.6504802445245382,0.9874352866107268,0.0009746348904802974,0.6504802445245382,0.9874352866107268,0.012564713389273246,0,0.9999999999999994
left,shared,binary,log,maxrl,0.6504802445245382,0.9642207135261639,0.0008858618523468343,0.6504802445245382,0.9642207135261639,0.03577928647383617,0,1
left,shared,binary,log,tailrl,0.6504802445245382,0.9642207135261639,0.0008858618523468343,0.6504802445245382,0.9642207135261639,0.035779286473836186,0,1
left,shared,binary,log,pkpo,0.6504802445245382,0.7717117878010943,0.0014256838883798984,0.6504802445245382,0.7717117878010943,0.22828821219890583,0,0.9999999999454094
left,shared,binary,log,elite,0.6504802445245382,0.9532517956314249,0.0015291750464574213,0.6504802445245382,0.9532517956314249,0.04674820436857519,0,1
left,shared,binary,square,rloo,0.6504802445245382,0.9614020875321215,0.00030833175882661836,0.6504802445245382,0.9614020875321215,0.038597912467878644,0,1
left,shared,binary,square,grpo,0.6504802445245382,0.9874352866107268,0.0009746348904802974,0.6504802445245382,0.9874352866107268,0.012564713389273246,0,0.9999999999999994
left,shared,binary,square,maxrl,0.6504802445245382,0.9642207135261639,0.0008858618523468343,0.6504802445245382,0.9642207135261639,0.03577928647383617,0,1
left,shared,binary,square,tailrl,0.6504802445245382,0.9642207135261639,0.0008858618523468343,0.6504802445245382,0.9642207135261639,0.035779286473836186,0,1
left,shared,binary,square,pkpo,0.6504802445245382,0.7717117878010943,0.0014256838883798984,0.6504802445245382,0.7717117878010943,0.22828821219890583,0,0.9999999999454094
left,shared,binary,square,elite,0.6504802445245382,0.9532517956314249,0.0015291750464574213,0.6504802445245382,0.9532517956314249,0.04674820436857519,0,1
left,shared,binary,ranknormal,rloo,0.6504802445245382,0.9777527837872896,0.0007797558902866428,0.6504802445245382,0.9777527837872896,0.022247216212710363,0,0.9999999999999994
left,shared,binary,ranknormal,grpo,0.6504802445245382,0.9874352872083226,0.0009746348335032247,0.6504802445245382,0.9874352872083226,0.012564712791677271,0,1
left,shared,binary,ranknormal,maxrl,0.6504802445245382,0.9642207135261639,0.0008858618523468343,0.6504802445245382,0.9642207135261639,0.03577928647383617,0,1
left,shared,binary,ranknormal,tailrl,0.6504802445245382,0.9789804874680507,0.0010889369615037653,0.6504802445245382,0.9789804874680507,0.021019512531949374,0,0.9999999999999994
left,shared,binary,ranknormal,pkpo,0.6504802445245382,0.7906633268126915,0.0013483537611792844,0.6504802445245382,0.7906633268126915,0.2093366731873085,0,0.999999999986355
left,shared,binary,ranknormal,elite,0.6504802445245382,0.9532517956314249,0.0015291750464574213,0.6504802445245382,0.9532517956314249,0.04674820436857519,0,1
left,shared,binary,reciprocal,rloo,0.6504802445245382,0.020548031949529342,0.0009275720294385031,0.6504802445245382,0.020548031949529342,0.9794519680504709,0,0.28259978518344014
left,shared,binary,reciprocal,grpo,0.6504802445245382,0.00324980975193195,0.001007877591511703,0.6504802445245382,0.00324980975193195,0.996750190248068,0,0.05067117434889571
left,shared,binary,reciprocal,maxrl,0.6504802445245382,0.9642207135261639,0.0008858618523468343,0.6504802445245382,0.9642207135261639,0.03577928647383617,0,1
left,shared,binary,reciprocal,tailrl,0.6504802445245382,0.016853144837905478,0.0006481853656309032,0.6504802445245382,0.016853144837905478,0.9831468551620944,0,0.2380798939362482
left,shared,binary,reciprocal,pkpo,0.6504802445245382,0.2405886527770786,0.002238920771532721,0.6504802445245382,0.2405886527770786,0.7594113472229215,0,0.9877556206140543
left,shared,binary,reciprocal,elite,0.6504802445245382,0.026409279454935528,0.002596239385549915,0.6504802445245382,0.026409279454935528,0.9735907205450646,0,0.34796528920086817
left,shared,code,identity,rloo,0.759781507579548,0.9239023982421811,0.0008004401745083599,0.2955017974788178,0.6038736728544,0.0030993549760660022,0.3930269721695341,0.999999958551709
left,shared,code,identity,grpo,0.759781507579548,0.9845763877953587,0.00034554262014026955,0.2955017974788178,0.8875293861418564,0.0012609476980719547,0.11120966616007173,0.9999999999999994
left,shared,code,identity,maxrl,0.759781507579548,0.974193268218143,0.000269981799834832,0.2955017974788178,0.8330942067389415,0.003232851833819732,0.16367294142723868,0.9999999999999586
left,shared,code,identity,tailrl,0.759781507579548,0.9366987501411659,0.0006257478934286674,0.2955017974788178,0.6501960776373682,0.002942287133782907,0.3468616352288489,0.9999999943358125
left,shared,code,identity,pkpo,0.759781507579548,0.849881897754614,0.0005841322085689355,0.2955017974788178,0.43797540877592467,0.00766051063040104,0.5543640805936743,0.9999888456529263
left,shared,code,identity,elite,0.759781507579548,0.973933504720572,0.0002212371239508156,0.2955017974788178,0.8293296402907719,0.002869635180204655,0.16780072452902342,0.9999999999999409
left,shared,code,log,rloo,0.759781507579548,0.8943753876114541,0.0013430690246866927,0.2955017974788178,0.5173538945154491,0.003535763179756029,0.4791103423047948,0.9999990235871609
left,shared,code,log,grpo,0.759781507579548,0.9843435893746165,0.00030340140330194893,0.2955017974788178,0.8851066989223305,0.001146407915782462,0.11374689316188717,0.9999999999999999
left,shared,code,log,maxrl,0.759781507579548,0.974193268218143,0.000269981799834832,0.2955017974788178,0.8330942067389415,0.003232851833819732,0.16367294142723868,0.9999999999999586
left,shared,code,log,tailrl,0.759781507579548,0.9108354255829845,0.000697835233832985,0.2955017974788178,0.5636253441534549,0.0032897120281058755,0.43308494381843926,0.9999998054781054
left,shared,code,log,pkpo,0.759781507579548,0.816065439840477,0.00013581107432144126,0.2955017974788178,0.3775035348523648,0.008500696087572228,0.6139957690600629,0.9999427747956299
left,shared,code,log,elite,0.759781507579548,0.973933504720572,0.0002212371239508156,0.2955017974788178,0.8293296402907719,0.002869635180204655,0.16780072452902342,0.9999999999999409
left,shared,code,square,rloo,0.759781507579548,0.9407276565009121,0.0006680581180562522,0.2955017974788178,0.6659556589509682,0.002998865844483117,0.33104547520454874,0.9999999972820465
left,shared,code,square,grpo,0.759781507579548,0.9846162388592915,0.0003174698470803978,0.2955017974788178,0.8885776549610404,0.0013769906673142351,0.11004535437164527,0.9999999999999992
left,shared,code,square,maxrl,0.759781507579548,0.974193268218143,0.000269981799834832,0.2955017974788178,0.8330942067389415,0.003232851833819732,0.16367294142723868,0.9999999999999586
left,shared,code,square,tailrl,0.759781507579548,0.9519313374319675,0.0005936687704666095,0.2955017974788178,0.7136622783830991,0.002847624958985188,0.28349009665791564,0.9999999997692987
left,shared,code,square,pkpo,0.759781507579548,0.8751988971985063,0.0005324205025924942,0.2955017974788178,0.4909974732982412,0.007008652191835635,0.5019938745099232,0.9999977149214433
left,shared,code,square,elite,0.759781507579548,0.973933504720572,0.0002212371239508156,0.2955017974788178,0.8293296402907719,0.002869635180204655,0.16780072452902342,0.9999999999999409
left,shared,code,ranknormal,rloo,0.759781507579548,0.9785333928045096,0.00022105587569142438,0.2955017974788178,0.851657226354444,0.0019525890891824952,0.14639018455637354,0.9999999999999938
left,shared,code,ranknormal,grpo,0.759781507579548,0.9844193107635921,0.00024852259062801106,0.2955017974788178,0.8890851299829304,0.0016542658421802876,0.10926060417488932,1
left,shared,code,ranknormal,maxrl,0.759781507579548,0.974193268218143,0.000269981799834832,0.2955017974788178,0.8330942067389415,0.003232851833819732,0.16367294142723868,0.9999999999999586
left,shared,code,ranknormal,tailrl,0.759781507579548,0.9827713350114413,0.00020235239851245734,0.2955017974788178,0.87862444736772,0.0017802904344662058,0.11959526219781368,0.9999999999999997
left,shared,code,ranknormal,pkpo,0.759781507579548,0.926395131286137,0.0014487848839585282,0.2955017974788178,0.628741952742687,0.005346106736182947,0.36591194052113013,0.9999999851524516
left,shared,code,ranknormal,elite,0.759781507579548,0.973933504720572,0.0002212371239508156,0.2955017974788178,0.8293296402907719,0.002869635180204655,0.16780072452902342,0.9999999999999409
left,shared,code,reciprocal,rloo,0.759781507579548,0.4892900926571106,0.006151211054659184,0.2955017974788178,0.0976995696486153,0.06879186028821856,0.8335085700631663,0.9709329456377471
left,shared,code,reciprocal,grpo,0.759781507579548,0.015102172754343205,0.0033258977441837966,0.2955017974788178,0.0038508275598138192,0.9663041495343759,0.029845022905810117,0.19719548158645386
left,shared,code,reciprocal,maxrl,0.759781507579548,0.974193268218143,0.000269981799834832,0.2955017974788178,0.8330942067389415,0.003232851833819732,0.16367294142723868,0.9999999999999586
left,shared,code,reciprocal,tailrl,0.759781507579548,0.033619439517026915,0.0027259626182712196,0.2955017974788178,0.008482925997315401,0.9255845401071895,0.0659325338954952,0.35897424107864073
left,shared,code,reciprocal,pkpo,0.759781507579548,0.18291708142551175,0.003981131453153232,0.2955017974788178,0.041324117194681924,0.6040116709506252,0.3546642118546928,0.7835125590391206
left,shared,code,reciprocal,elite,0.759781507579548,0.3074204484052964,0.037828359546245985,0.2955017974788178,0.0025176372285144557,0.13925702026537426,0.8582253425061112,0.4396268608529031
left,neural,quality,identity,rloo,0.8813626484107707,0.9144768375396165,0.003364093982513155,0.6504802445245382,0.7472470276471425,0.0008822026927027813,0.2518707696601549,0.9999639609168737
left,neural,quality,identity,grpo,0.8813626484107707,0.9903595871708909,0.0008688960158169202,0.6504802445245382,0.9960541092672498,3.507517928064777e-8,0.003945855657570962,0.9999999999999813
left,neural,quality,identity,maxrl,0.8813626484107707,0.9599126839620808,0.001118323898934671,0.6504802445245382,0.9142557334323026,0.000010971245539312836,0.08573329532215802,0.9999998386332636
left,neural,quality,identity,tailrl,0.8813626484107707,0.9247909019275756,0.0034806627308100846,0.6504802445245382,0.782320739498863,0.00043056788792439875,0.21724869261321253,0.999982899034679
left,neural,quality,identity,pkpo,0.8813626484107707,0.8906509972566784,0.0016854539141002431,0.6504802445245382,0.6754665305058275,0.00316833542534034,0.32136513406883216,0.9998735514941614
left,neural,quality,identity,elite,0.8813626484107707,0.9820669183529147,0.0012509361561524582,0.6504802445245382,0.9826046403083227,3.731121727309885e-7,0.017394986579504418,0.999999999960162
left,neural,quality,log,rloo,0.8813626484107707,0.9016725197406901,0.0026086375099083664,0.6504802445245382,0.7071041352801783,0.0018573574831871036,0.2910385072366343,0.9999246511601753
left,neural,quality,log,grpo,0.8813626484107707,0.9903600351576071,0.0008895856877931649,0.6504802445245382,0.9960567747094219,3.447905961804365e-8,0.003943190811518368,0.999999999999981
left,neural,quality,log,maxrl,0.8813626484107707,0.9599126839620808,0.001118323898934671,0.6504802445245382,0.9142557334323026,0.000010971245539312836,0.08573329532215802,0.9999998386332636
left,neural,quality,log,tailrl,0.8813626484107707,0.9075607478948711,0.002958019119893454,0.6504802445245382,0.7251370046526732,0.001347573900519367,0.27351542144680735,0.9999452854643525
left,neural,quality,log,pkpo,0.8813626484107707,0.8855184646578403,0.000818715298533288,0.6504802445245382,0.6614629524277059,0.003922238151768046,0.33461480942052607,0.9998431373323156
left,neural,quality,log,elite,0.8813626484107707,0.9820669183529147,0.0012509361561524582,0.6504802445245382,0.9826046403083227,3.731121727309885e-7,0.017394986579504418,0.999999999960162
left,neural,quality,square,rloo,0.8813626484107707,0.926852587048337,0.0035926896239974323,0.6504802445245382,0.7895805420842542,0.0003649201720687288,0.21005453774367713,0.9999854980805138
left,neural,quality,square,grpo,0.8813626484107707,0.9902965716533435,0.0008749625123322337,0.6504802445245382,0.9959861662333576,3.5914284657664535e-8,0.0040137978523579,0.9999999999999796
left,neural,quality,square,maxrl,0.8813626484107707,0.9599126839620808,0.001118323898934671,0.6504802445245382,0.9142557334323026,0.000010971245539312836,0.08573329532215802,0.9999998386332636
left,neural,quality,square,tailrl,0.8813626484107707,0.9412464490926541,0.002932801004252968,0.6504802445245382,0.8427420139672382,0.00010317469131214227,0.15715481134144968,0.9999966260861036
left,neural,quality,square,pkpo,0.8813626484107707,0.8973598395843837,0.0025998725148461454,0.6504802445245382,0.6945493727379292,0.0023347618656633083,0.30311586539640767,0.9999070113984345
left,neural,quality,square,elite,0.8813626484107707,0.9820669183529147,0.0012509361561524582,0.6504802445245382,0.9826046403083227,3.731121727309885e-7,0.017394986579504418,0.999999999960162
left,neural,quality,ranknormal,rloo,0.8813626484107707,0.984859843903533,0.0009989761295521793,0.6504802445245382,0.9883355092064762,1.7499580628477263e-7,0.011664315797717562,0.9999999999947082
left,neural,quality,ranknormal,grpo,0.8813626484107707,0.989541696653388,0.0008318631811994442,0.6504802445245382,0.9951499075881669,4.9503864090229365e-8,0.004850042907969126,0.9999999999999502
left,neural,quality,ranknormal,maxrl,0.8813626484107707,0.9599126839620808,0.001118323898934671,0.6504802445245382,0.9142557334323026,0.000010971245539312836,0.08573329532215802,0.9999998386332636
left,neural,quality,ranknormal,tailrl,0.8813626484107707,0.9918250613204879,0.00041066300883744794,0.6504802445245382,0.9973731269972964,2.2983682068851348e-8,0.002626850019021375,0.9999999999999973
left,neural,quality,ranknormal,pkpo,0.8813626484107707,0.9470940486903757,0.0027566124888971583,0.6504802445245382,0.8651362700832301,0.00006325264157004645,0.13480047727519992,0.9999984899356461
left,neural,quality,ranknormal,elite,0.8813626484107707,0.9820669183529147,0.0012509361561524582,0.6504802445245382,0.9826046403083227,3.731121727309885e-7,0.017394986579504418,0.999999999960162
left,neural,quality,reciprocal,rloo,0.8813626484107707,0.8687443122436971,0.0021839334664832326,0.6504802445245382,0.6190578218928804,0.007145216506644465,0.3737969616004751,0.9997118842203059
left,neural,quality,reciprocal,grpo,0.8813626484107707,0.004755981514033823,0.0005189409455111404,0.6504802445245382,0.0000029157600592221354,0.9999883194791167,0.000008764760823766795,0.04444834707710927
left,neural,quality,reciprocal,maxrl,0.8813626484107707,0.9599126839620808,0.001118323898934671,0.6504802445245382,0.9142557334323026,0.000010971245539312836,0.08573329532215802,0.9999998386332636
left,neural,quality,reciprocal,tailrl,0.8813626484107707,0.02728650581165486,0.0009161404421492854,0.6504802445245382,0.0002481198848253971,0.9975789222577832,0.002172957857391479,0.13824471758227885
left,neural,quality,reciprocal,pkpo,0.8813626484107707,0.7918714990023811,0.031890783514892974,0.6504802445245382,0.47268374471409064,0.037074837581726215,0.490241417704183,0.9983163920968458
left,neural,quality,reciprocal,elite,0.8813626484107707,0.008758665572129098,0.00028751568261142503,0.6504802445245382,0.0000195214371216268,0.9999097524146013,0.00007072614827683123,0.06429068207395179
left,neural,binary,identity,rloo,0.6504802445245382,0.8842118680191415,0.010023485363062596,0.6504802445245382,0.8842118680191415,0.11578813198085851,0,0.9999999999999977
left,neural,binary,identity,grpo,0.6504802445245382,0.9765127862106122,0.001201699905335611,0.6504802445245382,0.9765127862106122,0.023487213789387826,0,1
left,neural,binary,identity,maxrl,0.6504802445245382,0.9142557334323026,0.004462013363055477,0.6504802445245382,0.9142557334323026,0.08574426656769735,0,1
left,neural,binary,identity,tailrl,0.6504802445245382,0.9142557334323027,0.00446201336305548,0.6504802445245382,0.9142557334323027,0.08574426656769733,0,1
left,neural,binary,identity,pkpo,0.6504802445245382,0.6939699713738271,0.007360489411506769,0.6504802445245382,0.6939699713738271,0.30603002862617285,0,0.9999999938131188
left,neural,binary,identity,elite,0.6504802445245382,0.9053627004655945,0.0049601246728440485,0.6504802445245382,0.9053627004655945,0.09463729953440543,0,0.9999999999999988
left,neural,binary,log,rloo,0.6504802445245382,0.8842118680191415,0.010023485363062596,0.6504802445245382,0.8842118680191415,0.11578813198085851,0,0.9999999999999977
left,neural,binary,log,grpo,0.6504802445245382,0.9765127862106122,0.001201699905335611,0.6504802445245382,0.9765127862106122,0.023487213789387826,0,1
left,neural,binary,log,maxrl,0.6504802445245382,0.9142557334323026,0.004462013363055477,0.6504802445245382,0.9142557334323026,0.08574426656769735,0,1
left,neural,binary,log,tailrl,0.6504802445245382,0.9142557334323027,0.00446201336305548,0.6504802445245382,0.9142557334323027,0.08574426656769733,0,1
left,neural,binary,log,pkpo,0.6504802445245382,0.6939699713738271,0.007360489411506769,0.6504802445245382,0.6939699713738271,0.30603002862617285,0,0.9999999938131188
left,neural,binary,log,elite,0.6504802445245382,0.9053627004655945,0.0049601246728440485,0.6504802445245382,0.9053627004655945,0.09463729953440543,0,0.9999999999999988
left,neural,binary,square,rloo,0.6504802445245382,0.8842118680191415,0.010023485363062596,0.6504802445245382,0.8842118680191415,0.11578813198085851,0,0.9999999999999977
left,neural,binary,square,grpo,0.6504802445245382,0.9765127862106122,0.001201699905335611,0.6504802445245382,0.9765127862106122,0.023487213789387826,0,1
left,neural,binary,square,maxrl,0.6504802445245382,0.9142557334323026,0.004462013363055477,0.6504802445245382,0.9142557334323026,0.08574426656769735,0,1
left,neural,binary,square,tailrl,0.6504802445245382,0.9142557334323027,0.00446201336305548,0.6504802445245382,0.9142557334323027,0.08574426656769733,0,1
left,neural,binary,square,pkpo,0.6504802445245382,0.6939699713738271,0.007360489411506769,0.6504802445245382,0.6939699713738271,0.30603002862617285,0,0.9999999938131188
left,neural,binary,square,elite,0.6504802445245382,0.9053627004655945,0.0049601246728440485,0.6504802445245382,0.9053627004655945,0.09463729953440543,0,0.9999999999999988
left,neural,binary,ranknormal,rloo,0.6504802445245382,0.9410649925900721,0.005107985632069056,0.6504802445245382,0.9410649925900721,0.05893500740992789,0,1
left,neural,binary,ranknormal,grpo,0.6504802445245382,0.9765127881333502,0.0012016997774169417,0.6504802445245382,0.9765127881333502,0.023487211866649812,0,0.9999999999999994
left,neural,binary,ranknormal,maxrl,0.6504802445245382,0.9142557334323026,0.004462013363055477,0.6504802445245382,0.9142557334323026,0.08574426656769735,0,1
left,neural,binary,ranknormal,tailrl,0.6504802445245382,0.9547893579706855,0.0022412029052625727,0.6504802445245382,0.9547893579706855,0.045210642029314484,0,1
left,neural,binary,ranknormal,pkpo,0.6504802445245382,0.7061178028491223,0.008646684590414134,0.6504802445245382,0.7061178028491223,0.29388219715087777,0,0.9999999966932749
left,neural,binary,ranknormal,elite,0.6504802445245382,0.9053627004655945,0.0049601246728440485,0.6504802445245382,0.9053627004655945,0.09463729953440543,0,0.9999999999999988
left,neural,binary,reciprocal,rloo,0.6504802445245382,0.009093547391276187,0.001996186800091057,0.6504802445245382,0.009093547391276187,0.9909064526087238,0,0.13570347505200417
left,neural,binary,reciprocal,grpo,0.6504802445245382,0.0009981285076235806,0.000607812617901163,0.6504802445245382,0.0009981285076235806,0.9990018714923764,0,0.015821883546009958
left,neural,binary,reciprocal,maxrl,0.6504802445245382,0.9142557334323026,0.004462013363055477,0.6504802445245382,0.9142557334323026,0.08574426656769735,0,1
left,neural,binary,reciprocal,tailrl,0.6504802445245382,0.005552639582557909,0.0014341776203609438,0.6504802445245382,0.005552639582557909,0.9944473604174422,0,0.08508436160062989
left,neural,binary,reciprocal,pkpo,0.6504802445245382,0.2892760492445536,0.012685785721323624,0.6504802445245382,0.2892760492445536,0.7107239507554465,0,0.9956539646307787
left,neural,binary,reciprocal,elite,0.6504802445245382,0.013001443565569046,0.0016979705676300693,0.6504802445245382,0.013001443565569046,0.9869985564344309,0,0.18872652741819892
left,neural,code,identity,rloo,0.759781507579548,0.8491709452014097,0.007307121610047974,0.2955017974788178,0.4152824528529578,0.0007271820597495878,0.5839903650872925,0.9999782593610482
left,neural,code,identity,grpo,0.759781507579548,0.9779373444346767,0.0020251012580036103,0.2955017974788178,0.8348442787620206,1.0616509196694723e-7,0.16515561507288745,0.9999999999999464
left,neural,code,identity,maxrl,0.759781507579548,0.9602030636770099,0.0021697271991716585,0.2955017974788178,0.7362794499271393,0.0000011164365371332327,0.2637194336363234,0.999999999929377
left,neural,code,identity,tailrl,0.759781507579548,0.8813800285097259,0.0063154465834742895,0.2955017974788178,0.47776370041790955,0.000181796864756188,0.5220545027173342,0.9999963700309973
left,neural,code,identity,pkpo,0.759781507579548,0.7903846204467669,0.004990161771962985,0.2955017974788178,0.3303495079446018,0.004866260165515685,0.6647842318898826,0.9998145963351858
left,neural,code,identity,elite,0.759781507579548,0.9596053759238684,0.0028285074936391847,0.2955017974788178,0.7334427554630821,0.0000011199105198408115,0.26655612462639794,0.999999999910364
left,neural,code,log,rloo,0.759781507579548,0.8201351365708885,0.006283998483470219,0.2955017974788178,0.3695960161247873,0.0020238113906563973,0.6283801724845564,0.9999289035641744
left,neural,code,log,grpo,0.759781507579548,0.9779804420677364,0.0019714664002373514,0.2955017974788178,0.8350873061376615,1.046601838710158e-7,0.16491258920215474,0.9999999999999488
left,neural,code,log,maxrl,0.759781507579548,0.9602030636770099,0.0021697271991716585,0.2955017974788178,0.7362794499271393,0.0000011164365371332327,0.2637194336363234,0.999999999929377
left,neural,code,log,tailrl,0.759781507579548,0.8413194085709673,0.006240660538685077,0.2955017974788178,0.4020721816552619,0.000974650745708161,0.5969531675990299,0.9999693047900137
left,neural,code,log,pkpo,0.759781507579548,0.7751238291661737,0.0028518397270683475,0.2955017974788178,0.3123030519163741,0.007071949809044531,0.6806249982745814,0.9997173137277601
left,neural,code,log,elite,0.759781507579548,0.9596053759238684,0.0028285074936391847,0.2955017974788178,0.7334427554630821,0.0000011199105198408115,0.26655612462639794,0.999999999910364
left,neural,code,square,rloo,0.759781507579548,0.8724070703604375,0.007292531400667648,0.2955017974788178,0.45891159053541974,0.00027752200777397985,0.5408108874568062,0.9999935741393435
left,neural,code,square,grpo,0.759781507579548,0.977245937319723,0.0019159865860301352,0.2955017974788178,0.8305065616646813,1.233368699791587e-7,0.16949331499844864,0.9999999999999231
left,neural,code,square,maxrl,0.759781507579548,0.9602030636770099,0.0021697271991716585,0.2955017974788178,0.7362794499271393,0.0000011164365371332327,0.2637194336363234,0.999999999929377
left,neural,code,square,tailrl,0.759781507579548,0.9123443292602414,0.0037843237977750817,0.2955017974788178,0.555309207309628,0.000035061550781822394,0.4446557311395902,0.9999997241741991
left,neural,code,square,pkpo,0.759781507579548,0.8082573522310751,0.006559999985685343,0.2955017974788178,0.35341182932398435,0.0029880405974314875,0.6436001300785842,0.9998934356570857
left,neural,code,square,elite,0.759781507579548,0.9596053759238684,0.0028285074936391847,0.2955017974788178,0.7334427554630821,0.0000011199105198408115,0.26655612462639794,0.999999999910364
left,neural,code,ranknormal,rloo,0.759781507579548,0.9652945887293368,0.0026658920499201665,0.2955017974788178,0.7618403115258388,5.340495034896491e-7,0.23815915442465774,0.9999999999843667
left,neural,code,ranknormal,grpo,0.759781507579548,0.9763531641738573,0.001997738718172285,0.2955017974788178,0.8249807221064045,1.3167128608070325e-7,0.1750191462223094,0.999999999999876
left,neural,code,ranknormal,maxrl,0.759781507579548,0.9602030636770099,0.0021697271991716585,0.2955017974788178,0.7362794499271393,0.0000011164365371332327,0.2637194336363234,0.999999999929377
left,neural,code,ranknormal,tailrl,0.759781507579548,0.9815620884390572,0.000961695915541266,0.2955017974788178,0.858340406567661,6.339627069881628e-8,0.14165953003606832,0.9999999999999959
left,neural,code,ranknormal,pkpo,0.759781507579548,0.8819598151459909,0.005970381109263035,0.2955017974788178,0.48004259732355853,0.00019480919209060723,0.5197625934843509,0.9999966267585463
left,neural,code,ranknormal,elite,0.759781507579548,0.9596053759238684,0.0028285074936391847,0.2955017974788178,0.7334427554630821,0.0000011199105198408115,0.26655612462639794,0.999999999910364
left,neural,code,reciprocal,rloo,0.759781507579548,0.6466660166395437,0.03709103091689184,0.2955017974788178,0.2024677911634073,0.055264845654165874,0.7422673631824268,0.9966136771947806
left,neural,code,reciprocal,grpo,0.759781507579548,0.000686512547969584,0.00017259825445415465,0.2955017974788178,0.00002228072575635831,0.9981508881854376,0.001826831088805845,0.010835112818143608
left,neural,code,reciprocal,maxrl,0.759781507579548,0.9602030636770099,0.0021697271991716585,0.2955017974788178,0.7362794499271393,0.0000011164365371332327,0.2637194336363234,0.999999999929377
left,neural,code,reciprocal,tailrl,0.759781507579548,0.004030064859318807,0.00045523596131980204,0.2955017974788178,0.00013540407962932716,0.9892079179318114,0.010656677988559267,0.0597847704811886
left,neural,code,reciprocal,pkpo,0.759781507579548,0.10378667385521519,0.0064482690422734855,0.2955017974788178,0.010820493039400969,0.7626542803730767,0.22652522658752242,0.5985680268677553
left,neural,code,reciprocal,elite,0.759781507579548,0.006735345708610779,0.00017015925056246205,0.2955017974788178,0.00024521079744373013,0.982081255322537,0.01767353388001903,0.09529090183159757
bimodal,independent,quality,identity,rloo,0.4539620320831225,0.7112299667979266,0.003198046280547579,0.12438677205867232,0.1902401678291059,0.18348383365502316,0.6262759985158709,0.9183491796475222
bimodal,independent,quality,identity,grpo,0.4539620320831225,0.8770352962131751,0.006301674127172007,0.12438677205867232,0.8503849300952093,0.017940221326679814,0.13167484857811076,0.9058380734947606
bimodal,independent,quality,identity,maxrl,0.4539620320831225,0.8763846657541973,0.0003573313290920295,0.12438677205867232,0.9518533693630182,0.027119737372108266,0.021026893264873423,0.9036504967135475
bimodal,independent,quality,identity,tailrl,0.4539620320831225,0.778219097909085,0.0007232040192414486,0.12438677205867232,0.4383380823952579,0.11330382362493759,0.4483580939798044,0.9247402054935279
bimodal,independent,quality,identity,pkpo,0.4539620320831225,0.5990602110221925,0.0028871383784099935,0.12438677205867232,0.22004952453454463,0.3413420801325599,0.43860839533289564,0.926108939131769
bimodal,independent,quality,identity,elite,0.4539620320831225,0.8717464183055967,0.0007171718493739997,0.12438677205867232,0.9381581389312129,0.03220430014968189,0.02963756091910502,0.9053683069835325
bimodal,independent,quality,log,rloo,0.4539620320831225,0.6633582007522261,0.0021282683384285885,0.12438677205867232,0.1825593499389664,0.24653521342656617,0.5709054366344676,0.9196792317037156
bimodal,independent,quality,log,grpo,0.4539620320831225,0.8525398159464307,0.01795119213005707,0.12438677205867232,0.5171470776902733,0.026515185907623303,0.45633773640210346,0.907859630702898
bimodal,independent,quality,log,maxrl,0.4539620320831225,0.8763846657541973,0.0003573313290920295,0.12438677205867232,0.9518533693630182,0.027119737372108266,0.021026893264873423,0.9036504967135475
bimodal,independent,quality,log,tailrl,0.4539620320831225,0.7392287953178238,0.004259064065177981,0.12438677205867232,0.25088771672641946,0.151052233172308,0.5980600501012726,0.9208481608174809
bimodal,independent,quality,log,pkpo,0.4539620320831225,0.5666479928582066,0.001357414753087607,0.12438677205867232,0.1792649665421855,0.3839419692598515,0.436793064197963,0.9227434693917148
bimodal,independent,quality,log,elite,0.4539620320831225,0.8717464183055967,0.0007171718493739997,0.12438677205867232,0.9381581389312129,0.03220430014968189,0.02963756091910502,0.9053683069835325
bimodal,independent,quality,square,rloo,0.4539620320831225,0.7218684842170505,0.00259413635448917,0.12438677205867232,0.22399803351021275,0.17347504918118292,0.6025269173086043,0.9194588453359994
bimodal,independent,quality,square,grpo,0.4539620320831225,0.8862450319666239,0.0011561982589189416,0.12438677205867232,0.9358189909053328,0.01243388572519643,0.05174712336947072,0.9040991345823001
bimodal,independent,quality,square,maxrl,0.4539620320831225,0.8763846657541973,0.0003573313290920295,0.12438677205867232,0.9518533693630182,0.027119737372108266,0.021026893264873423,0.9036504967135475
bimodal,independent,quality,square,tailrl,0.4539620320831225,0.8022035134791777,0.0011039772090039362,0.12438677205867232,0.6122832437857116,0.09691243108126989,0.2908043251330185,0.9328487006584916
bimodal,independent,quality,square,pkpo,0.4539620320831225,0.6199848451564502,0.0034978251145039866,0.12438677205867232,0.28683854253259217,0.31792080006107537,0.39524065740633235,0.929609725380725
bimodal,independent,quality,square,elite,0.4539620320831225,0.8717464183055967,0.0007171718493739997,0.12438677205867232,0.9381581389312129,0.03220430014968189,0.02963756091910502,0.9053683069835325
bimodal,independent,quality,ranknormal,rloo,0.4539620320831225,0.878853486693124,0.00033665664753663093,0.12438677205867232,0.9441772564184006,0.022537101848960735,0.03328564173263869,0.9076973777094085
bimodal,independent,quality,ranknormal,grpo,0.4539620320831225,0.8871248815494877,0.0005952398389709564,0.12438677205867232,0.9660193031293902,0.013508855940672358,0.020471840929937538,0.9052864299959568
bimodal,independent,quality,ranknormal,maxrl,0.4539620320831225,0.8763846657541973,0.0003573313290920295,0.12438677205867232,0.9518533693630182,0.027119737372108266,0.021026893264873423,0.9036504967135475
bimodal,independent,quality,ranknormal,tailrl,0.4539620320831225,0.9327410677322822,0.010142618394296834,0.12438677205867232,0.9461991118573284,0.024397283307337342,0.029403604835334263,0.9668728406476047
bimodal,independent,quality,ranknormal,pkpo,0.4539620320831225,0.8071028513552189,0.005191162386540111,0.12438677205867232,0.7346244916187558,0.13865734718099407,0.12671816120025017,0.9526253879583777
bimodal,independent,quality,ranknormal,elite,0.4539620320831225,0.8717464183055967,0.0007171718493739997,0.12438677205867232,0.9381581389312129,0.03220430014968189,0.02963756091910502,0.9053683069835325
bimodal,independent,quality,reciprocal,rloo,0.4539620320831225,0.36404586631823815,0.0006237176454135077,0.12438677205867232,0.08888418709259416,0.6846106888655483,0.22650512404185744,0.9011293115756299
bimodal,independent,quality,reciprocal,grpo,0.4539620320831225,0.1582959995385035,0.008044809525537672,0.12438677205867232,0.008223398750884391,0.9695615423738609,0.022215058875254542,0.40092641144093033
bimodal,independent,quality,reciprocal,maxrl,0.4539620320831225,0.8763846657541973,0.0003573313290920295,0.12438677205867232,0.9518533693630182,0.027119737372108266,0.021026893264873423,0.9036504967135475
bimodal,independent,quality,reciprocal,tailrl,0.4539620320831225,0.28201002660478663,0.007350938246001614,0.12438677205867232,0.06528393131609178,0.7740675595275911,0.160648509156317,0.8710137451905773
bimodal,independent,quality,reciprocal,pkpo,0.4539620320831225,0.40360658060489163,0.0004579536948138665,0.12438677205867232,0.10872726574480723,0.6151197367518576,0.2761529975033351,0.9119593867684429
bimodal,independent,quality,reciprocal,elite,0.4539620320831225,0.17388946926709548,0.002608498135026365,0.12438677205867232,0.011188810701138273,0.9619341673393991,0.02687702195946246,0.45642183554196697
bimodal,independent,binary,identity,rloo,0.12438677205867232,0.8761019631743331,0.005466296548060576,0.12438677205867232,0.8761019631743331,0.12389803682566687,0,0.9999999999999964
bimodal,independent,binary,identity,grpo,0.12438677205867232,0.9812058121945828,0.0013027629405446578,0.12438677205867232,0.9812058121945828,0.018794187805417226,0,0.9999999999999994
bimodal,independent,binary,identity,maxrl,0.12438677205867232,0.9518533693630182,0.0008263434983224148,0.12438677205867232,0.9518533693630182,0.048146630636981685,0,0.9999999999999977
bimodal,independent,binary,identity,tailrl,0.12438677205867232,0.9518533693630182,0.0008263434983224148,0.12438677205867232,0.9518533693630182,0.048146630636981685,0,0.9999999999999977
bimodal,independent,binary,identity,pkpo,0.12438677205867232,0.6894865588693584,0.012156876542296304,0.12438677205867232,0.6894865588693584,0.31051344113064155,0,0.9999999915712366
bimodal,independent,binary,identity,elite,0.12438677205867232,0.9216687315685466,0.01899673109006568,0.12438677205867232,0.9216687315685466,0.07833126843145327,0,0.9999999999999977
bimodal,independent,binary,log,rloo,0.12438677205867232,0.8761019631743331,0.005466296548060576,0.12438677205867232,0.8761019631743331,0.12389803682566687,0,0.9999999999999964
bimodal,independent,binary,log,grpo,0.12438677205867232,0.9812058121945828,0.0013027629405446578,0.12438677205867232,0.9812058121945828,0.018794187805417226,0,0.9999999999999994
bimodal,independent,binary,log,maxrl,0.12438677205867232,0.9518533693630182,0.0008263434983224148,0.12438677205867232,0.9518533693630182,0.048146630636981685,0,0.9999999999999977
bimodal,independent,binary,log,tailrl,0.12438677205867232,0.9518533693630182,0.0008263434983224148,0.12438677205867232,0.9518533693630182,0.048146630636981685,0,0.9999999999999977
bimodal,independent,binary,log,pkpo,0.12438677205867232,0.6894865588693584,0.012156876542296304,0.12438677205867232,0.6894865588693584,0.31051344113064155,0,0.9999999915712366
bimodal,independent,binary,log,elite,0.12438677205867232,0.9216687315685466,0.01899673109006568,0.12438677205867232,0.9216687315685466,0.07833126843145327,0,0.9999999999999977
bimodal,independent,binary,square,rloo,0.12438677205867232,0.8761019631743331,0.005466296548060576,0.12438677205867232,0.8761019631743331,0.12389803682566687,0,0.9999999999999964
bimodal,independent,binary,square,grpo,0.12438677205867232,0.9812058121945828,0.0013027629405446578,0.12438677205867232,0.9812058121945828,0.018794187805417226,0,0.9999999999999994
bimodal,independent,binary,square,maxrl,0.12438677205867232,0.9518533693630182,0.0008263434983224148,0.12438677205867232,0.9518533693630182,0.048146630636981685,0,0.9999999999999977
bimodal,independent,binary,square,tailrl,0.12438677205867232,0.9518533693630182,0.0008263434983224148,0.12438677205867232,0.9518533693630182,0.048146630636981685,0,0.9999999999999977
bimodal,independent,binary,square,pkpo,0.12438677205867232,0.6894865588693584,0.012156876542296304,0.12438677205867232,0.6894865588693584,0.31051344113064155,0,0.9999999915712366
bimodal,independent,binary,square,elite,0.12438677205867232,0.9216687315685466,0.01899673109006568,0.12438677205867232,0.9216687315685466,0.07833126843145327,0,0.9999999999999977
bimodal,independent,binary,ranknormal,rloo,0.12438677205867232,0.9513259185096777,0.0013787821745366543,0.12438677205867232,0.9513259185096777,0.048674081490322284,0,0.9999999999999994
bimodal,independent,binary,ranknormal,grpo,0.12438677205867232,0.9812058133872766,0.0013027628402699214,0.12438677205867232,0.9812058133872766,0.018794186612723515,0,1
bimodal,independent,binary,ranknormal,maxrl,0.12438677205867232,0.9518533693630182,0.0008263434983224148,0.12438677205867232,0.9518533693630182,0.048146630636981685,0,0.9999999999999977
bimodal,independent,binary,ranknormal,tailrl,0.12438677205867232,0.9742646870091317,0.0005467443910614887,0.12438677205867232,0.9742646870091317,0.025735312990868172,0,0.9999999999999994
bimodal,independent,binary,ranknormal,pkpo,0.12438677205867232,0.7323232440813965,0.005059726672307794,0.12438677205867232,0.7323232440813965,0.26767675591860357,0,0.999999999286236
bimodal,independent,binary,ranknormal,elite,0.12438677205867232,0.9216687315685466,0.01899673109006568,0.12438677205867232,0.9216687315685466,0.07833126843145327,0,0.9999999999999977
bimodal,independent,binary,reciprocal,rloo,0.12438677205867232,0.050948215297022474,0.0013625735036773582,0.12438677205867232,0.050948215297022474,0.9490517847029777,0,0.5667781968287434
bimodal,independent,binary,reciprocal,grpo,0.12438677205867232,0.018532801341186945,0.0009549942964993659,0.12438677205867232,0.018532801341186945,0.9814671986588132,0,0.25861212392785
bimodal,independent,binary,reciprocal,maxrl,0.12438677205867232,0.9518533693630182,0.0008263434983224148,0.12438677205867232,0.9518533693630182,0.048146630636981685,0,0.9999999999999977
bimodal,independent,binary,reciprocal,tailrl,0.12438677205867232,0.047980289666922055,0.0019352786063733466,0.12438677205867232,0.047980289666922055,0.952019710333078,0,0.5445106595061494
bimodal,independent,binary,reciprocal,pkpo,0.12438677205867232,0.12284670402765722,0.00007904708047183803,0.12438677205867232,0.12284670402765722,0.8771532959723425,0,0.8771971980770928
bimodal,independent,binary,reciprocal,elite,0.12438677205867232,0.05422231694404078,0.0010643570443741753,0.12438677205867232,0.05422231694404078,0.945777683055959,0,0.5901084503634526
bimodal,independent,code,identity,rloo,0.2568125127654996,0.5388406895275645,0.002927246631491757,0.0034395150142272307,0.002556839038656473,0.20852040046326537,0.7889227604980782,0.8207484959309065
bimodal,independent,code,identity,grpo,0.2568125127654996,0.7597254186344212,0.0006388750690597052,0.0034395150142272307,0.0002906825455357804,0.013756785702010707,0.9859525317524535,0.78306201879944
bimodal,independent,code,identity,maxrl,0.2568125127654996,0.7928540625395613,0.02045146932277271,0.0034395150142272307,0.7155573993737976,0.164968474221409,0.1194741264047934,0.9999999994014797
bimodal,independent,code,identity,tailrl,0.2568125127654996,0.6667019359241401,0.0038291386452650655,0.0034395150142272307,0.0024818689237771055,0.11238234174463672,0.8851357893315862,0.8682148946279503
bimodal,independent,code,identity,pkpo,0.2568125127654996,0.4559411106046977,0.004947265855136911,0.0034395150142272307,0.0036937629230441664,0.34767094189359926,0.6486352951833566,0.8437915033815773
bimodal,independent,code,identity,elite,0.2568125127654996,0.7417196514222052,0.0007880597308390726,0.0034395150142272307,0.00048709867244585756,0.03800285301064982,0.9615100483169042,0.7870576290436704
bimodal,independent,code,log,rloo,0.2568125127654996,0.5700608927699659,0.004357817054790981,0.0034395150142272307,0.0020022384305007357,0.14978897946315653,0.8482087821063429,0.806162356645021
bimodal,independent,code,log,grpo,0.2568125127654996,0.7354302091677459,0.017509687264620717,0.0034395150142272307,0.0005361649404174749,0.02437769791217037,0.9750861371474122,0.7886309555700554
bimodal,independent,code,log,maxrl,0.2568125127654996,0.7928540625395613,0.02045146932277271,0.0034395150142272307,0.7155573993737976,0.164968474221409,0.1194741264047934,0.9999999994014797
bimodal,independent,code,log,tailrl,0.2568125127654996,0.6419744232759654,0.00288581356660617,0.0034395150142272307,0.0019501183930081295,0.10097055410805722,0.8970793274989347,0.8227092298276045
bimodal,independent,code,log,pkpo,0.2568125127654996,0.4404939578864599,0.004004751908041669,0.0034395150142272307,0.0034790450163541473,0.35065391544224683,0.6458670395413989,0.8340095773531719
bimodal,independent,code,log,elite,0.2568125127654996,0.7417196514222052,0.0007880597308390726,0.0034395150142272307,0.00048709867244585756,0.03800285301064982,0.9615100483169042,0.7870576290436704
bimodal,independent,code,square,rloo,0.2568125127654996,0.481141895079118,0.00615245547680665,0.0034395150142272307,0.003201407648080733,0.3039676790830768,0.6928309132688423,0.8325642701404137
bimodal,independent,code,square,grpo,0.2568125127654996,0.7610106762439196,0.0004181576662851292,0.0034395150142272307,0.00028710900050267426,0.014581030169967632,0.9851318608295297,0.7845019573927416
bimodal,independent,code,square,maxrl,0.2568125127654996,0.7928540625395613,0.02045146932277271,0.0034395150142272307,0.7155573993737976,0.164968474221409,0.1194741264047934,0.9999999994014797
bimodal,independent,code,square,tailrl,0.2568125127654996,0.7222241983615372,0.019701256764591776,0.0034395150142272307,0.002975553388148289,0.11584504059962525,0.8811794060122264,0.8927259436799572
bimodal,independent,code,square,pkpo,0.2568125127654996,0.46114236088316246,0.0025641124263791524,0.0034395150142272307,0.004009976036427919,0.3542804427783348,0.6417095811852372,0.8568674259215822
bimodal,independent,code,square,elite,0.2568125127654996,0.7417196514222052,0.0007880597308390726,0.0034395150142272307,0.00048709867244585756,0.03800285301064982,0.9615100483169042,0.7870576290436704
bimodal,independent,code,ranknormal,rloo,0.2568125127654996,0.7470898375006736,0.0006272969624620897,0.0034395150142272307,0.0005226450109262741,0.030820014425452597,0.9686573405636213,0.7952825196012642
bimodal,independent,code,ranknormal,grpo,0.2568125127654996,0.7598980065384172,0.0004239755719530049,0.0034395150142272307,0.00030939479108323944,0.016663752469502528,0.9830268527394143,0.7873058287181912
bimodal,independent,code,ranknormal,maxrl,0.2568125127654996,0.7928540625395613,0.02045146932277271,0.0034395150142272307,0.7155573993737976,0.164968474221409,0.1194741264047934,0.9999999994014797
bimodal,independent,code,ranknormal,tailrl,0.2568125127654996,0.8777054148305163,0.00965973426380828,0.0034395150142272307,0.22437115300806718,0.029217980873956485,0.7464108661179764,0.925456954996612
bimodal,independent,code,ranknormal,pkpo,0.2568125127654996,0.7034858397859637,0.007442821486981788,0.0034395150142272307,0.003295503687600785,0.15652927783632112,0.8401752184760781,0.8932793753915321
bimodal,independent,code,ranknormal,elite,0.2568125127654996,0.7417196514222052,0.0007880597308390726,0.0034395150142272307,0.00048709867244585756,0.03800285301064982,0.9615100483169042,0.7870576290436704
bimodal,independent,code,reciprocal,rloo,0.2568125127654996,0.0760307354491155,0.002489432537201047,0.0034395150142272307,0.0020094654296886135,0.8830255362361252,0.11496499833418618,0.6275535418929775
bimodal,independent,code,reciprocal,grpo,0.2568125127654996,0.0185791994269217,0.002121848708760143,0.0034395150142272307,0.0007634539500334462,0.971091916218875,0.02814462983109137,0.24839118796491788
bimodal,independent,code,reciprocal,maxrl,0.2568125127654996,0.7928540625395613,0.02045146932277271,0.0034395150142272307,0.7155573993737976,0.164968474221409,0.1194741264047934,0.9999999994014797
bimodal,independent,code,reciprocal,tailrl,0.2568125127654996,0.06171380106898111,0.0021645702107382643,0.0034395150142272307,0.0017712390761761819,0.9051008612452697,0.0931278996785541,0.5690786688172945
bimodal,independent,code,reciprocal,pkpo,0.2568125127654996,0.20420169158519122,0.0008247392395742964,0.0034395150142272307,0.0032419657375113834,0.688100837307569,0.3086571969549197,0.7970063532196129
bimodal,independent,code,reciprocal,elite,0.2568125127654996,0.05588340174404018,0.0035839426495910542,0.0034395150142272307,0.0016398535711218052,0.914187577213822,0.08417256921505628,0.5405032075466752
bimodal,shared,quality,identity,rloo,0.4539620320831225,0.8404437866710023,0.00024124217567874647,0.12438677205867232,0.31306454179770055,0.015989636790593814,0.6709458214117056,0.9381032895907561
bimodal,shared,quality,identity,grpo,0.4539620320831225,0.9397601614431922,0.00047459310046586576,0.12438677205867232,0.9353721875605298,0.006265290188142533,0.05836252225132774,0.9996127304476392
bimodal,shared,quality,identity,maxrl,0.4539620320831225,0.9152958221359059,0.0008565652854701009,0.12438677205867232,0.8550888151852738,0.013978867002988485,0.1309323178117377,0.9959753383124909
bimodal,shared,quality,identity,tailrl,0.4539620320831225,0.8573596825264499,0.0007344152283036303,0.12438677205867232,0.4502139638197727,0.016855091848774224,0.5329309443314533,0.955484269140134
bimodal,shared,quality,identity,pkpo,0.4539620320831225,0.7543496459074236,0.0014368074284109708,0.12438677205867232,0.3020755584653067,0.14051011846292846,0.5574143230717648,0.9417380291957721
bimodal,shared,quality,identity,elite,0.4539620320831225,0.945951278472099,0.00268736056466604,0.12438677205867232,0.9580354350534765,0.020894329432446568,0.021070235514076868,0.9999922537192775
bimodal,shared,quality,log,rloo,0.4539620320831225,0.8328800151080958,0.0005362853495937871,0.12438677205867232,0.28437460045797086,0.020902138911146367,0.6947232606308829,0.9345393632160787
bimodal,shared,quality,log,grpo,0.4539620320831225,0.9375151678271969,0.0006999780499036557,0.12438677205867232,0.9279689842280003,0.005860538528396486,0.06617047724360313,0.999403888573223
bimodal,shared,quality,log,maxrl,0.4539620320831225,0.9152958221359059,0.0008565652854701009,0.12438677205867232,0.8550888151852738,0.013978867002988485,0.1309323178117377,0.9959753383124909
bimodal,shared,quality,log,tailrl,0.4539620320831225,0.8419168423730022,0.0010225763094982357,0.12438677205867232,0.3416312544645759,0.019286297831586825,0.6390824477038373,0.9423955805217584
bimodal,shared,quality,log,pkpo,0.4539620320831225,0.7217406028866528,0.00178835122717942,0.12438677205867232,0.26133782914632353,0.17977096437241666,0.5588912064812598,0.9364939741818543
bimodal,shared,quality,log,elite,0.4539620320831225,0.945951278472099,0.00268736056466604,0.12438677205867232,0.9580354350534765,0.020894329432446568,0.021070235514076868,0.9999922537192775
bimodal,shared,quality,square,rloo,0.4539620320831225,0.8455556207674212,0.0001251287422689982,0.12438677205867232,0.3507790385096943,0.015931086072099438,0.6332898754182062,0.9430426945311158
bimodal,shared,quality,square,grpo,0.4539620320831225,0.9418635456220542,0.0006891470947435868,0.12438677205867232,0.9417104506455387,0.006477336563958065,0.051812212790503215,0.9997378164792471
bimodal,shared,quality,square,maxrl,0.4539620320831225,0.9152958221359059,0.0008565652854701009,0.12438677205867232,0.8550888151852738,0.013978867002988485,0.1309323178117377,0.9959753383124909
bimodal,shared,quality,square,tailrl,0.4539620320831225,0.8757199329487361,0.00020664685849894522,0.12438677205867232,0.6052338729109515,0.017908782081310692,0.37685734500773777,0.9722063866786383
bimodal,shared,quality,square,pkpo,0.4539620320831225,0.7778532088765567,0.0005974451556677405,0.12438677205867232,0.3533243450869272,0.11637156444159387,0.5303040904714789,0.9483379127340127
bimodal,shared,quality,square,elite,0.4539620320831225,0.945951278472099,0.00268736056466604,0.12438677205867232,0.9580354350534765,0.020894329432446568,0.021070235514076868,0.9999922537192775
bimodal,shared,quality,ranknormal,rloo,0.4539620320831225,0.9400945841991107,0.0015162855259368982,0.12438677205867232,0.9406744259381495,0.010747494394259557,0.04857807966759098,0.9998120688152378
bimodal,shared,quality,ranknormal,grpo,0.4539620320831225,0.9462345116833047,0.000809820534872858,0.12438677205867232,0.9547532502093405,0.00992331684400725,0.03532343294665232,0.9999393809520858
bimodal,shared,quality,ranknormal,maxrl,0.4539620320831225,0.9152958221359059,0.0008565652854701009,0.12438677205867232,0.8550888151852738,0.013978867002988485,0.1309323178117377,0.9959753383124909
bimodal,shared,quality,ranknormal,tailrl,0.4539620320831225,0.9819913802266416,0.001160979053111003,0.12438677205867232,0.9927825104788432,0.005975063579010617,0.0012424259421461763,0.9999999999935918
bimodal,shared,quality,ranknormal,pkpo,0.4539620320831225,0.9191406024575849,0.0004628689868112175,0.12438677205867232,0.9097618821651977,0.03676954148316218,0.05346857635164013,0.9998011648564136
bimodal,shared,quality,ranknormal,elite,0.4539620320831225,0.945951278472099,0.00268736056466604,0.12438677205867232,0.9580354350534765,0.020894329432446568,0.021070235514076868,0.9999922537192775
bimodal,shared,quality,reciprocal,rloo,0.4539620320831225,0.22600855550909102,0.0010771737480020228,0.12438677205867232,0.01939043009148925,0.8863092711205539,0.09430029878795687,0.6191173847085093
bimodal,shared,quality,reciprocal,grpo,0.4539620320831225,0.08295634960795108,0.0009030947000750146,0.12438677205867232,0.0060659436323137845,0.9886909308841175,0.005243125483568461,0.28166581669026475
bimodal,shared,quality,reciprocal,maxrl,0.4539620320831225,0.9152958221359059,0.0008565652854701009,0.12438677205867232,0.8550888151852738,0.013978867002988485,0.1309323178117377,0.9959753383124909
bimodal,shared,quality,reciprocal,tailrl,0.4539620320831225,0.1650414606633457,0.0017680392037617326,0.12438677205867232,0.022922204355388248,0.945497065053163,0.03158073059144879,0.5904654677402096
bimodal,shared,quality,reciprocal,pkpo,0.4539620320831225,0.2801002629490257,0.0005532206115361029,0.12438677205867232,0.05568036949421193,0.8116196167012047,0.1327000138045831,0.8423634198762929
bimodal,shared,quality,reciprocal,elite,0.4539620320831225,0.07600536343898369,0.000847939924399773,0.12438677205867232,0.013700663204583444,0.9727440347515369,0.013555302043879626,0.403307335167255
bimodal,shared,binary,identity,rloo,0.12438677205867232,0.6549856136313136,0.0040805430674173415,0.12438677205867232,0.6549856136313136,0.34501438636868625,0,0.999999959253981
bimodal,shared,binary,identity,grpo,0.12438677205867232,0.9066563914141629,0.004279201963774702,0.12438677205867232,0.9066563914141629,0.09334360858583718,0,1
bimodal,shared,binary,identity,maxrl,0.12438677205867232,0.8550888151852738,0.00717202144056058,0.12438677205867232,0.8550888151852738,0.14491118481472617,0,0.9999999999999533
bimodal,shared,binary,identity,tailrl,0.12438677205867232,0.8550888151852738,0.007172021440560518,0.12438677205867232,0.8550888151852738,0.14491118481472628,0,0.9999999999999533
bimodal,shared,binary,identity,pkpo,0.12438677205867232,0.5723865379953558,0.00703373767946669,0.12438677205867232,0.5723865379953558,0.42761346200464434,0,0.9999987240205569
bimodal,shared,binary,identity,elite,0.12438677205867232,0.8275726537749843,0.009990119177071209,0.12438677205867232,0.8275726537749843,0.17242734622501563,0,0.9999999999992092
bimodal,shared,binary,log,rloo,0.12438677205867232,0.6549856136313136,0.0040805430674173415,0.12438677205867232,0.6549856136313136,0.34501438636868625,0,0.999999959253981
bimodal,shared,binary,log,grpo,0.12438677205867232,0.9066563914141629,0.004279201963774702,0.12438677205867232,0.9066563914141629,0.09334360858583718,0,1
bimodal,shared,binary,log,maxrl,0.12438677205867232,0.8550888151852738,0.00717202144056058,0.12438677205867232,0.8550888151852738,0.14491118481472617,0,0.9999999999999533
bimodal,shared,binary,log,tailrl,0.12438677205867232,0.8550888151852738,0.007172021440560518,0.12438677205867232,0.8550888151852738,0.14491118481472628,0,0.9999999999999533
bimodal,shared,binary,log,pkpo,0.12438677205867232,0.5723865379953558,0.00703373767946669,0.12438677205867232,0.5723865379953558,0.42761346200464434,0,0.9999987240205569
bimodal,shared,binary,log,elite,0.12438677205867232,0.8275726537749843,0.009990119177071209,0.12438677205867232,0.8275726537749843,0.17242734622501563,0,0.9999999999992092
bimodal,shared,binary,square,rloo,0.12438677205867232,0.6549856136313136,0.0040805430674173415,0.12438677205867232,0.6549856136313136,0.34501438636868625,0,0.999999959253981
bimodal,shared,binary,square,grpo,0.12438677205867232,0.9066563914141629,0.004279201963774702,0.12438677205867232,0.9066563914141629,0.09334360858583718,0,1
bimodal,shared,binary,square,maxrl,0.12438677205867232,0.8550888151852738,0.00717202144056058,0.12438677205867232,0.8550888151852738,0.14491118481472617,0,0.9999999999999533
bimodal,shared,binary,square,tailrl,0.12438677205867232,0.8550888151852738,0.007172021440560518,0.12438677205867232,0.8550888151852738,0.14491118481472628,0,0.9999999999999533
bimodal,shared,binary,square,pkpo,0.12438677205867232,0.5723865379953558,0.00703373767946669,0.12438677205867232,0.5723865379953558,0.42761346200464434,0,0.9999987240205569
bimodal,shared,binary,square,elite,0.12438677205867232,0.8275726537749843,0.009990119177071209,0.12438677205867232,0.8275726537749843,0.17242734622501563,0,0.9999999999992092
bimodal,shared,binary,ranknormal,rloo,0.12438677205867232,0.7910266046717642,0.004432761966872567,0.12438677205867232,0.7910266046717642,0.20897339532823575,0,0.9999999999862664
bimodal,shared,binary,ranknormal,grpo,0.12438677205867232,0.906656393867963,0.004279201958245201,0.12438677205867232,0.906656393867963,0.09334360613203695,0,1
bimodal,shared,binary,ranknormal,maxrl,0.12438677205867232,0.8550888151852738,0.00717202144056058,0.12438677205867232,0.8550888151852738,0.14491118481472617,0,0.9999999999999533
bimodal,shared,binary,ranknormal,tailrl,0.12438677205867232,0.9145942121459987,0.005610582289782191,0.12438677205867232,0.9145942121459987,0.08540578785400121,0,1
bimodal,shared,binary,ranknormal,pkpo,0.12438677205867232,0.6189216013451473,0.006993584603780362,0.12438677205867232,0.6189216013451473,0.38107839865485255,0,0.9999997966907594
bimodal,shared,binary,ranknormal,elite,0.12438677205867232,0.8275726537749843,0.009990119177071209,0.12438677205867232,0.8275726537749843,0.17242734622501563,0,0.9999999999992092
bimodal,shared,binary,reciprocal,rloo,0.12438677205867232,0.011783393304421672,0.0006193130288868649,0.12438677205867232,0.011783393304421672,0.9882166066955783,0,0.1727285562054108
bimodal,shared,binary,reciprocal,grpo,0.12438677205867232,0.0023375124758364257,0.0005020708271810998,0.12438677205867232,0.0023375124758364257,0.9976624875241638,0,0.036732095339971016
bimodal,shared,binary,reciprocal,maxrl,0.12438677205867232,0.8550888151852738,0.00717202144056058,0.12438677205867232,0.8550888151852738,0.14491118481472617,0,0.9999999999999533
bimodal,shared,binary,reciprocal,tailrl,0.12438677205867232,0.011217825113230502,0.0003041118102636698,0.12438677205867232,0.011217825113230502,0.9887821748867692,0,0.16514059633476597
bimodal,shared,binary,reciprocal,pkpo,0.12438677205867232,0.1201514588469666,0.0010031444737325184,0.12438677205867232,0.1201514588469666,0.8798485411530335,0,0.871005299686491
bimodal,shared,binary,reciprocal,elite,0.12438677205867232,0.02403443068054789,0.004044325910452747,0.12438677205867232,0.02403443068054789,0.9759655693194521,0,0.32150556898263555
bimodal,shared,code,identity,rloo,0.2568125127654996,0.673784237601481,0.0007773945077536361,0.0034395150142272307,0.010111637215208339,0.018255439781755433,0.9716329230030363,0.8822312481950934
bimodal,shared,code,identity,grpo,0.2568125127654996,0.8779332897166325,0.0005290788096119704,0.0034395150142272307,0.2896094153044187,0.006420343883615963,0.7039702408119654,0.9995261466684462
bimodal,shared,code,identity,maxrl,0.2568125127654996,0.8314836401240703,0.006926210263801823,0.0034395150142272307,0.27786411381377923,0.05389095241410483,0.6682449337721158,0.9993403182424417
bimodal,shared,code,identity,tailrl,0.2568125127654996,0.7594844537847919,0.003254943031365803,0.0034395150142272307,0.05863940905687371,0.01910079646268052,0.9222597944804457,0.9567980379907158
bimodal,shared,code,identity,pkpo,0.2568125127654996,0.6181265137328689,0.0011650919737719748,0.0034395150142272307,0.013574781076205342,0.11168396028097007,0.8747412586428247,0.8918636691330676
bimodal,shared,code,identity,elite,0.2568125127654996,0.897031987828132,0.00596342513717119,0.0034395150142272307,0.42915273214807,0.021102784617138732,0.5497444832347913,0.9999825708683744
bimodal,shared,code,log,rloo,0.2568125127654996,0.6614736721257738,0.000710040187453296,0.0034395150142272307,0.00696778735746939,0.013570580777527147,0.9794616318650036,0.8669098836724164
bimodal,shared,code,log,grpo,0.2568125127654996,0.8675103956867888,0.000777169941007346,0.0034395150142272307,0.2506955067948869,0.005860338522326945,0.7434441546827862,0.9988834259941181
bimodal,shared,code,log,maxrl,0.2568125127654996,0.8314836401240703,0.006926210263801823,0.0034395150142272307,0.27786411381377923,0.05389095241410483,0.6682449337721158,0.9993403182424417
bimodal,shared,code,log,tailrl,0.2568125127654996,0.7037346923695673,0.0015776161090247202,0.0034395150142272307,0.01831358810534017,0.014613983922368984,0.9670724279722909,0.9071685726559653
bimodal,shared,code,log,pkpo,0.2568125127654996,0.5842923213500147,0.0011565685527192152,0.0034395150142272307,0.008722480073003589,0.1339954967090218,0.8572820232179746,0.8718916143820028
bimodal,shared,code,log,elite,0.2568125127654996,0.897031987828132,0.00596342513717119,0.0034395150142272307,0.42915273214807,0.021102784617138732,0.5497444832347913,0.9999825708683744
bimodal,shared,code,square,rloo,0.2568125127654996,0.6784390271169753,0.0007516490368539931,0.0034395150142272307,0.013936997693416475,0.030267900697881916,0.9557951016087017,0.8952238634405445
bimodal,shared,code,square,grpo,0.2568125127654996,0.8877400454675216,0.0005391771766134625,0.0034395150142272307,0.3325248223972041,0.007420127966169609,0.6600550496366263,0.9998243239398206
bimodal,shared,code,square,maxrl,0.2568125127654996,0.8314836401240703,0.006926210263801823,0.0034395150142272307,0.27786411381377923,0.05389095241410483,0.6682449337721158,0.9993403182424417
bimodal,shared,code,square,tailrl,0.2568125127654996,0.8174749518532717,0.003748692074251488,0.0034395150142272307,0.15659591103704992,0.021986836549135202,0.8214172524138149,0.9925429573867172
bimodal,shared,code,square,pkpo,0.2568125127654996,0.6495551272412103,0.0025140700181270187,0.0034395150142272307,0.02195572518578549,0.09759877978383284,0.8804454950303816,0.913110166231891
bimodal,shared,code,square,elite,0.2568125127654996,0.897031987828132,0.00596342513717119,0.0034395150142272307,0.42915273214807,0.021102784617138732,0.5497444832347913,0.9999825708683744
bimodal,shared,code,ranknormal,rloo,0.2568125127654996,0.8744004321961633,0.0019191282484571062,0.0034395150142272307,0.29169671062333913,0.01077876048529654,0.6975245288913642,0.999547934274417
bimodal,shared,code,ranknormal,grpo,0.2568125127654996,0.8894104710019795,0.0005352218596602496,0.0034395150142272307,0.3489133714704551,0.010033558356299554,0.6410530701732453,0.9998819579531787
bimodal,shared,code,ranknormal,maxrl,0.2568125127654996,0.8314836401240703,0.006926210263801823,0.0034395150142272307,0.27786411381377923,0.05389095241410483,0.6682449337721158,0.9993403182424417
bimodal,shared,code,ranknormal,tailrl,0.2568125127654996,0.9646553651704153,0.001269866979042397,0.0034395150142272307,0.758431244942428,0.006003674069208303,0.23556508098836373,0.999999999984806
bimodal,shared,code,ranknormal,pkpo,0.2568125127654996,0.8512705574977559,0.0016905318194734467,0.0034395150142272307,0.29381558393557616,0.037159661016344804,0.6690247550480791,0.9995667518322048
bimodal,shared,code,ranknormal,elite,0.2568125127654996,0.897031987828132,0.00596342513717119,0.0034395150142272307,0.42915273214807,0.021102784617138732,0.5497444832347913,0.9999825708683744
bimodal,shared,code,reciprocal,rloo,0.2568125127654996,0.007787978649117326,0.0002613328954082756,0.0034395150142272307,0.0001761504300903423,0.9879338407434698,0.011890008826440002,0.11532823978614724
bimodal,shared,code,reciprocal,grpo,0.2568125127654996,0.0017323321471855013,0.0002509954464107155,0.0034395150142272307,0.00004819759740502122,0.9971846518053836,0.00276715059721133,0.02722786252626318
bimodal,shared,code,reciprocal,maxrl,0.2568125127654996,0.8314836401240703,0.006926210263801823,0.0034395150142272307,0.27786411381377923,0.05389095241410483,0.6682449337721158,0.9993403182424417
bimodal,shared,code,reciprocal,tailrl,0.2568125127654996,0.0076092234644238805,0.00014776452171002616,0.0034395150142272307,0.00017171842901500414,0.9882046287195686,0.011623652851416645,0.11288059550369771
bimodal,shared,code,reciprocal,pkpo,0.2568125127654996,0.12370730702923517,0.000651796823622951,0.0034395150142272307,0.0019190634194287389,0.8117044509925132,0.1863764855880582,0.7285252541063078
bimodal,shared,code,reciprocal,elite,0.2568125127654996,0.01406398106211172,0.0008015377560270348,0.0034395150142272307,0.0003106636234050881,0.9785846519415197,0.02110468443507529,0.1960696555703655
bimodal,neural,quality,identity,rloo,0.4539620320831225,0.8632288766045143,0.002208735498146936,0.12438677205867232,0.44877759862149813,0.006844573422346886,0.544377827956155,0.9585740269833013
bimodal,neural,quality,identity,grpo,0.4539620320831225,0.9834910364034628,0.0008497607103635548,0.12438677205867232,0.997296539142417,3.366698357654292e-7,0.0027031241877470986,0.9999999998554027
bimodal,neural,quality,identity,maxrl,0.4539620320831225,0.9302939847902869,0.002109820833998416,0.12438677205867232,0.8804979267711638,0.000016621335362409784,0.11948545189347397,0.9978056694087803
bimodal,neural,quality,identity,tailrl,0.4539620320831225,0.8740353475760275,0.0009900744228103096,0.12438677205867232,0.5109983038731808,0.0029256215079460596,0.48607607461887303,0.9651513706289033
bimodal,neural,quality,identity,pkpo,0.4539620320831225,0.7840557722996522,0.0051080843396883015,0.12438677205867232,0.34057243275955423,0.1002262818755013,0.5592012853649444,0.9484180181058441
bimodal,neural,quality,identity,elite,0.4539620320831225,0.9796536602763029,0.0013433910945834652,0.12438677205867232,0.9948949465666014,0.0000011860876893924997,0.0051038673457092865,0.9999999974974894
bimodal,neural,quality,log,rloo,0.4539620320831225,0.8577476717511684,0.0020297183106259345,0.12438677205867232,0.4296823001469799,0.011003089152852391,0.5593146107001676,0.9566375326293376
bimodal,neural,quality,log,grpo,0.4539620320831225,0.9833785917519933,0.0007463478567079995,0.12438677205867232,0.9972685268841678,3.4079191715161084e-7,0.0027311323239150582,0.9999999998460485
bimodal,neural,quality,log,maxrl,0.4539620320831225,0.9302939847902869,0.002109820833998416,0.12438677205867232,0.8804979267711638,0.000016621335362409784,0.11948545189347397,0.9978056694087803
bimodal,neural,quality,log,tailrl,0.4539620320831225,0.8634063934475691,0.0023355111080464097,0.12438677205867232,0.45287071290629727,0.007338388698373842,0.5397908983953288,0.9591023780567114
bimodal,neural,quality,log,pkpo,0.4539620320831225,0.7352783980358021,0.0073843797170599496,0.12438677205867232,0.3000105622461198,0.16374585248227133,0.5362435852716089,0.9442655840113376
bimodal,neural,quality,log,elite,0.4539620320831225,0.9796536602763029,0.0013433910945834652,0.12438677205867232,0.9948949465666014,0.0000011860876893924997,0.0051038673457092865,0.9999999974974894
bimodal,neural,quality,square,rloo,0.4539620320831225,0.8667118806248499,0.0023133992624624587,0.12438677205867232,0.46614232331631306,0.005137729366863029,0.5287199473168238,0.960397158497848
bimodal,neural,quality,square,grpo,0.4539620320831225,0.9834906257315619,0.0008638730678792323,0.12438677205867232,0.9972978108632522,3.5401758672568173e-7,0.0027018351191610145,0.9999999998547272
bimodal,neural,quality,square,maxrl,0.4539620320831225,0.9302939847902869,0.002109820833998416,0.12438677205867232,0.8804979267711638,0.000016621335362409784,0.11948545189347397,0.9978056694087803
bimodal,neural,quality,square,tailrl,0.4539620320831225,0.8882506552425581,0.0015241604681262978,0.12438677205867232,0.6108526483901038,0.000952092768950587,0.38819525884094563,0.9753814279962568
bimodal,neural,quality,square,pkpo,0.4539620320831225,0.8194766108184229,0.0041496215318297,0.12438677205867232,0.37823049498136746,0.05609767662654901,0.5656718283920835,0.9521386490061272
bimodal,neural,quality,square,elite,0.4539620320831225,0.9796536602763029,0.0013433910945834652,0.12438677205867232,0.9948949465666014,0.0000011860876893924997,0.0051038673457092865,0.9999999974974894
bimodal,neural,quality,ranknormal,rloo,0.4539620320831225,0.9735859271297856,0.0025616916318736693,0.12438677205867232,0.9909396701591691,8.598847821430715e-7,0.00905946995604892,0.9999998968737618
bimodal,neural,quality,ranknormal,grpo,0.4539620320831225,0.9819270434846851,0.001906804219401688,0.12438677205867232,0.996534512237646,4.473594075743154e-7,0.0034650404029464843,0.9999999992430251
bimodal,neural,quality,ranknormal,maxrl,0.4539620320831225,0.9302939847902869,0.002109820833998416,0.12438677205867232,0.8804979267711638,0.000016621335362409784,0.11948545189347397,0.9978056694087803
bimodal,neural,quality,ranknormal,tailrl,0.4539620320831225,0.9964349383027565,0.00015130410081502836,0.12438677205867232,0.9999376792820218,1.561531273620481e-8,0.00006230510266556063,0.9999999999999994
bimodal,neural,quality,ranknormal,pkpo,0.4539620320831225,0.9514992133491861,0.0026486121539916483,0.12438677205867232,0.9510844167436628,0.000012818698461087527,0.048902764557875976,0.9999200662645403
bimodal,neural,quality,ranknormal,elite,0.4539620320831225,0.9796536602763029,0.0013433910945834652,0.12438677205867232,0.9948949465666014,0.0000011860876893924997,0.0051038673457092865,0.9999999974974894
bimodal,neural,quality,reciprocal,rloo,0.4539620320831225,0.2067137662130237,0.0033568502225360774,0.12438677205867232,0.008124815541582025,0.9091754016357839,0.0826997828226343,0.5158947320196182
bimodal,neural,quality,reciprocal,grpo,0.4539620320831225,0.020845702092520912,0.004195868186164774,0.12438677205867232,5.114582436274641e-8,0.9999957685304789,0.0000041803236967109385,0.08828796665738459
bimodal,neural,quality,reciprocal,maxrl,0.4539620320831225,0.9302939847902869,0.002109820833998416,0.12438677205867232,0.8804979267711638,0.000016621335362409784,0.11948545189347397,0.9978056694087803
bimodal,neural,quality,reciprocal,tailrl,0.4539620320831225,0.15537300870588044,0.007678846388530172,0.12438677205867232,0.0002233046423089452,0.9808510317814964,0.018925663576194858,0.2643747061709821
bimodal,neural,quality,reciprocal,pkpo,0.4539620320831225,0.24500114834954212,0.010372760703051273,0.12438677205867232,0.0228847501253176,0.8505492229612207,0.12656602691346194,0.7201162861560199
bimodal,neural,quality,reciprocal,elite,0.4539620320831225,0.023377545312943476,0.002683116874702815,0.12438677205867232,8.657761023903947e-8,0.9999932350065394,0.000006678415850500451,0.09459340770478993
bimodal,neural,binary,identity,rloo,0.12438677205867232,0.5683309828308432,0.02615215067258554,0.12438677205867232,0.5683309828308432,0.4316690171691569,0,0.9999980873186592
bimodal,neural,binary,identity,grpo,0.12438677205867232,0.9347412783104376,0.01087568802154357,0.12438677205867232,0.9347412783104376,0.0652587216895623,0,1
bimodal,neural,binary,identity,maxrl,0.12438677205867232,0.8804979267711638,0.010320023482331466,0.12438677205867232,0.8804979267711638,0.11950207322883637,0,0.9999999999999972
bimodal,neural,binary,identity,tailrl,0.12438677205867232,0.8804979267711638,0.010320023482331579,0.12438677205867232,0.8804979267711638,0.11950207322883634,0,0.9999999999999972
bimodal,neural,binary,identity,pkpo,0.12438677205867232,0.5265598815895549,0.013342572545061673,0.12438677205867232,0.5265598815895549,0.47344011841044503,0,0.9999932400517131
bimodal,neural,binary,identity,elite,0.12438677205867232,0.8264666972853901,0.036547883432873164,0.12438677205867232,0.8264666972853901,0.1735333027146099,0,0.9999999999953691
bimodal,neural,binary,log,rloo,0.12438677205867232,0.5683309828308432,0.02615215067258554,0.12438677205867232,0.5683309828308432,0.4316690171691569,0,0.9999980873186592
bimodal,neural,binary,log,grpo,0.12438677205867232,0.9347412783104376,0.01087568802154357,0.12438677205867232,0.9347412783104376,0.0652587216895623,0,1
bimodal,neural,binary,log,maxrl,0.12438677205867232,0.8804979267711638,0.010320023482331466,0.12438677205867232,0.8804979267711638,0.11950207322883637,0,0.9999999999999972
bimodal,neural,binary,log,tailrl,0.12438677205867232,0.8804979267711638,0.010320023482331579,0.12438677205867232,0.8804979267711638,0.11950207322883634,0,0.9999999999999972
bimodal,neural,binary,log,pkpo,0.12438677205867232,0.5265598815895549,0.013342572545061673,0.12438677205867232,0.5265598815895549,0.47344011841044503,0,0.9999932400517131
bimodal,neural,binary,log,elite,0.12438677205867232,0.8264666972853901,0.036547883432873164,0.12438677205867232,0.8264666972853901,0.1735333027146099,0,0.9999999999953691
bimodal,neural,binary,square,rloo,0.12438677205867232,0.5683309828308432,0.02615215067258554,0.12438677205867232,0.5683309828308432,0.4316690171691569,0,0.9999980873186592
bimodal,neural,binary,square,grpo,0.12438677205867232,0.9347412783104376,0.01087568802154357,0.12438677205867232,0.9347412783104376,0.0652587216895623,0,1
bimodal,neural,binary,square,maxrl,0.12438677205867232,0.8804979267711638,0.010320023482331466,0.12438677205867232,0.8804979267711638,0.11950207322883637,0,0.9999999999999972
bimodal,neural,binary,square,tailrl,0.12438677205867232,0.8804979267711638,0.010320023482331579,0.12438677205867232,0.8804979267711638,0.11950207322883634,0,0.9999999999999972
bimodal,neural,binary,square,pkpo,0.12438677205867232,0.5265598815895549,0.013342572545061673,0.12438677205867232,0.5265598815895549,0.47344011841044503,0,0.9999932400517131
bimodal,neural,binary,square,elite,0.12438677205867232,0.8264666972853901,0.036547883432873164,0.12438677205867232,0.8264666972853901,0.1735333027146099,0,0.9999999999953691
bimodal,neural,binary,ranknormal,rloo,0.12438677205867232,0.7503895812543194,0.02193909321318012,0.12438677205867232,0.7503895812543194,0.24961041874568057,0,0.9999999996138237
bimodal,neural,binary,ranknormal,grpo,0.12438677205867232,0.934741284803724,0.010875687003394658,0.12438677205867232,0.934741284803724,0.06525871519627595,0,0.9999999999999988
bimodal,neural,binary,ranknormal,maxrl,0.12438677205867232,0.8804979267711638,0.010320023482331466,0.12438677205867232,0.8804979267711638,0.11950207322883637,0,0.9999999999999972
bimodal,neural,binary,ranknormal,tailrl,0.12438677205867232,0.9516556290690555,0.0017395712339294477,0.12438677205867232,0.9516556290690555,0.04834437093094443,0,1
bimodal,neural,binary,ranknormal,pkpo,0.12438677205867232,0.5798432057374284,0.014174748965278889,0.12438677205867232,0.5798432057374284,0.42015679426257163,0,0.999998977068329
bimodal,neural,binary,ranknormal,elite,0.12438677205867232,0.8264666972853901,0.036547883432873164,0.12438677205867232,0.8264666972853901,0.1735333027146099,0,0.9999999999953691
bimodal,neural,binary,reciprocal,rloo,0.12438677205867232,0.010634813549760992,0.0009273271969085884,0.12438677205867232,0.010634813549760992,0.9893651864502387,0,0.15717677232615354
bimodal,neural,binary,reciprocal,grpo,0.12438677205867232,0.001636894082571235,0.0005361904815619217,0.12438677205867232,0.001636894082571235,0.9983631059174289,0,0.025848739186570713
bimodal,neural,binary,reciprocal,maxrl,0.12438677205867232,0.8804979267711638,0.010320023482331466,0.12438677205867232,0.8804979267711638,0.11950207322883637,0,0.9999999999999972
bimodal,neural,binary,reciprocal,tailrl,0.12438677205867232,0.009971546380963127,0.0006799719549227437,0.12438677205867232,0.009971546380963127,0.9900284536190368,0,0.14811843794297094
bimodal,neural,binary,reciprocal,pkpo,0.12438677205867232,0.12083924085537497,0.0012717161541858674,0.12438677205867232,0.12083924085537497,0.8791607591446251,0,0.8726012588066571
bimodal,neural,binary,reciprocal,elite,0.12438677205867232,0.020857310271664847,0.0027322228293638158,0.12438677205867232,0.020857310271664847,0.9791426897283352,0,0.2858191657759797
bimodal,neural,code,identity,rloo,0.2568125127654996,0.7063209387089614,0.002521293346085676,0.0034395150142272307,0.022292560354578037,0.005493450473870056,0.9722139891715521,0.9137090532099316
bimodal,neural,code,identity,grpo,0.2568125127654996,0.9628019036846721,0.002351230672677914,0.0034395150142272307,0.710153172635363,4.090053039235784e-7,0.28984641835933295,0.9999999996407524
bimodal,neural,code,identity,maxrl,0.2568125127654996,0.7539006107648181,0.043242673810400034,0.0034395150142272307,0.05794584838657182,0.003906437537131866,0.9381477140762963,0.9502004485228505
bimodal,neural,code,identity,tailrl,0.2568125127654996,0.7663309386022306,0.005511798351935883,0.0034395150142272307,0.06010245187794194,0.0005662551142431846,0.9393312930078149,0.9576811268724175
bimodal,neural,code,identity,pkpo,0.2568125127654996,0.6571995123032509,0.004683018626043779,0.0034395150142272307,0.015361384028506293,0.04762256923901784,0.9370160467324758,0.896381980301702
bimodal,neural,code,identity,elite,0.2568125127654996,0.9542207654649658,0.0030227949503956186,0.0034395150142272307,0.6551855238905856,0.0000013614713226368055,0.3448131146380917,0.999999994369351
bimodal,neural,code,log,rloo,0.2568125127654996,0.7024818295657241,0.0028720749242934903,0.0034395150142272307,0.020717755824264213,0.005584086331703976,0.9736981578440318,0.9104801772174053
bimodal,neural,code,log,grpo,0.2568125127654996,0.9625727834076407,0.00171410255383793,0.0034395150142272307,0.7085174259163857,3.994322668924069e-7,0.29148217465134746,0.9999999996476029
bimodal,neural,code,log,maxrl,0.2568125127654996,0.7539006107648181,0.043242673810400034,0.0034395150142272307,0.05794584838657182,0.003906437537131866,0.9381477140762963,0.9502004485228505
bimodal,neural,code,log,tailrl,0.2568125127654996,0.7263525691503538,0.0019465007176583072,0.0034395150142272307,0.03066078115029254,0.0022398284395974185,0.9670993904101101,0.9278256376070638
bimodal,neural,code,log,pkpo,0.2568125127654996,0.6187550236123166,0.00424797906314535,0.0034395150142272307,0.012734704199721308,0.09298998572952048,0.894275310070758,0.887289489045623
bimodal,neural,code,log,elite,0.2568125127654996,0.9542207654649658,0.0030227949503956186,0.0034395150142272307,0.6551855238905856,0.0000013614713226368055,0.3448131146380917,0.999999994369351
bimodal,neural,code,square,rloo,0.2568125127654996,0.7056507514385119,0.0018317803228008397,0.0034395150142272307,0.02251687301900682,0.006723013707953131,0.9707601132730401,0.9141010331683193
bimodal,neural,code,square,grpo,0.2568125127654996,0.961005521143622,0.003230859996181023,0.0034395150142272307,0.6982106617222833,4.7042683588042073e-7,0.3017888678508809,0.9999999992106435
bimodal,neural,code,square,maxrl,0.2568125127654996,0.7539006107648181,0.043242673810400034,0.0034395150142272307,0.05794584838657182,0.003906437537131866,0.9381477140762963,0.9502004485228505
bimodal,neural,code,square,tailrl,0.2568125127654996,0.8273629037109145,0.012540371739939691,0.0034395150142272307,0.15050159950109945,0.0000701324198517341,0.8494282680790487,0.9910566016256112
bimodal,neural,code,square,pkpo,0.2568125127654996,0.6825981166557867,0.0046740763174140405,0.0034395150142272307,0.01853352717777543,0.023782935815088474,0.9576835370071363,0.9050927487321441
bimodal,neural,code,square,elite,0.2568125127654996,0.9542207654649658,0.0030227949503956186,0.0034395150142272307,0.6551855238905856,0.0000013614713226368055,0.3448131146380917,0.999999994369351
bimodal,neural,code,ranknormal,rloo,0.2568125127654996,0.9390135148389666,0.006590728957484685,0.0034395150142272307,0.5607632355860684,0.0000011118886833324602,0.4392356525252483,0.9999996472727068
bimodal,neural,code,ranknormal,grpo,0.2568125127654996,0.959989642903791,0.003614487992663012,0.0034395150142272307,0.6916273215288055,5.581774557874617e-7,0.3083721202937387,0.9999999988087298
bimodal,neural,code,ranknormal,maxrl,0.2568125127654996,0.7539006107648181,0.043242673810400034,0.0034395150142272307,0.05794584838657182,0.003906437537131866,0.9381477140762963,0.9502004485228505
bimodal,neural,code,ranknormal,tailrl,0.2568125127654996,0.992010857422358,0.0002717779307560401,0.0034395150142272307,0.9313048118645154,1.8183532848033375e-8,0.0686951699519518,0.9999999999999994
bimodal,neural,code,ranknormal,pkpo,0.2568125127654996,0.8917709026209065,0.0054483913389420414,0.0034395150142272307,0.3391148289602132,0.000014580248710127274,0.6608705907910767,0.9998367223446586
bimodal,neural,code,ranknormal,elite,0.2568125127654996,0.9542207654649658,0.0030227949503956186,0.0034395150142272307,0.6551855238905856,0.0000013614713226368055,0.3448131146380917,0.999999994369351
bimodal,neural,code,reciprocal,rloo,0.2568125127654996,0.005263190294816265,0.00023711185683080035,0.0034395150142272307,0.00003643051044630917,0.9913256117564714,0.008637957733082308,0.07962601249137384
bimodal,neural,code,reciprocal,grpo,0.2568125127654996,0.0009432097081470761,0.0003934428117208657,0.0034395150142272307,0.000005226287584150114,0.9983576541431232,0.0016371195692928542,0.014917261102271371
bimodal,neural,code,reciprocal,maxrl,0.2568125127654996,0.7539006107648181,0.043242673810400034,0.0034395150142272307,0.05794584838657182,0.003906437537131866,0.9381477140762963,0.9502004485228505
bimodal,neural,code,reciprocal,tailrl,0.2568125127654996,0.00494216222131721,0.0002007375186627798,0.0034395150142272307,0.000033886268434265295,0.9918413336569157,0.008124780074650041,0.07501980844018898
bimodal,neural,code,reciprocal,pkpo,0.2568125127654996,0.1362048297084043,0.005050780617069816,0.0034395150142272307,0.0015645421286056462,0.7893488641208268,0.20908659375056735,0.73549476158867
bimodal,neural,code,reciprocal,elite,0.2568125127654996,0.010271536912173475,0.00023690046104322761,0.0034395150142272307,0.0000780234975073508,0.9833304396522428,0.01659153685024989,0.14763489163675747
valley,independent,quality,identity,rloo,0.45999999999999996,0.9651068963042707,0.0005728013725880851,0.3,0.9481447875467884,0.03537754678611168,0.016477665667099847,0.9999999999999994
valley,independent,quality,identity,grpo,0.45999999999999996,0.9937703297962015,0.000979727154039277,0.3,0.9904580741418526,0.00603224965134884,0.0035096762067984965,0.9999999999999994
valley,independent,quality,identity,maxrl,0.45999999999999996,0.9806401254218408,0.0005131126950747118,0.3,0.9714222945656545,0.019821981011052314,0.0087557244232932,0.9999999999999994
valley,independent,quality,identity,tailrl,0.45999999999999996,0.9721294451358972,0.0003276868231021087,0.3,0.9579575162325162,0.027633903392773194,0.01440858037471062,0.9999999999999994
valley,independent,quality,identity,pkpo,0.45999999999999996,0.794074305209493,0.004378866820994807,0.3,0.719811770364304,0.23462600734057168,0.045562222295124244,0.9999999993704414
valley,independent,quality,identity,elite,0.45999999999999996,0.9720668074703251,0.0006846132814514833,0.3,0.9596517842712401,0.029484765595427082,0.010863450133332791,1
valley,independent,quality,log,rloo,0.45999999999999996,0.9439675513200579,0.00042941447054396466,0.3,0.917717671049672,0.05779879274952676,0.024483536200801206,0.9999999999999988
valley,independent,quality,log,grpo,0.45999999999999996,0.9936465288359306,0.001022838428764315,0.3,0.9901453631737719,0.006029041083945551,0.0038255957422826136,1
valley,independent,quality,log,maxrl,0.45999999999999996,0.9806401254218408,0.0005131126950747118,0.3,0.9714222945656545,0.019821981011052314,0.0087557244232932,0.9999999999999994
valley,independent,quality,log,tailrl,0.45999999999999996,0.9572111403760354,0.00028692907988835494,0.3,0.9362431409528265,0.04321529001273774,0.020541569034435755,1
valley,independent,quality,log,pkpo,0.45999999999999996,0.7631428244421348,0.00486496978802521,0.3,0.6796106127686056,0.27175355166326876,0.04863583556812551,0.9999999945461863
valley,independent,quality,log,elite,0.45999999999999996,0.9720668074703251,0.0006846132814514833,0.3,0.9596517842712401,0.029484765595427082,0.010863450133332791,1
valley,independent,quality,square,rloo,0.45999999999999996,0.9729123879282907,0.000537315090465473,0.3,0.9597795472783014,0.027498577457574707,0.012721875264124,0.9999999999999994
valley,independent,quality,square,grpo,0.45999999999999996,0.9938739865205092,0.0008906152729026503,0.3,0.9906948408615381,0.006009874560265273,0.00329528457819658,1
valley,independent,quality,square,maxrl,0.45999999999999996,0.9806401254218408,0.0005131126950747118,0.3,0.9714222945656545,0.019821981011052314,0.0087557244232932,0.9999999999999994
valley,independent,quality,square,tailrl,0.45999999999999996,0.9782536903265938,0.000579174494764295,0.3,0.9672370507497514,0.021602824933266557,0.011160124316982122,0.9999999999999994
valley,independent,quality,square,pkpo,0.45999999999999996,0.8125128406657979,0.004378956817155164,0.3,0.7449429166541149,0.21366081498962033,0.041396268356264754,0.999999999858713
valley,independent,quality,square,elite,0.45999999999999996,0.9720668074703251,0.0006846132814514833,0.3,0.9596517842712401,0.029484765595427082,0.010863450133332791,1
valley,independent,quality,ranknormal,rloo,0.45999999999999996,0.9881760895112475,0.00032110165898857043,0.3,0.982246779308328,0.011806555530209194,0.005946665161462808,0.9999999999999994
valley,independent,quality,ranknormal,grpo,0.45999999999999996,0.993866873947031,0.0009234394843304543,0.3,0.9906374542554479,0.005970269387870504,0.003392276356681503,1
valley,independent,quality,ranknormal,maxrl,0.45999999999999996,0.9806401254218408,0.0005131126950747118,0.3,0.9714222945656545,0.019821981011052314,0.0087557244232932,0.9999999999999994
valley,independent,quality,ranknormal,tailrl,0.45999999999999996,0.9893522433158761,0.0005384567086186687,0.3,0.9840739007128604,0.010693292423170173,0.005232806863969388,0.9999999999999994
valley,independent,quality,ranknormal,pkpo,0.45999999999999996,0.8348469568287659,0.0030155488848415983,0.3,0.7727786219115579,0.18566122983964325,0.041560148248798945,0.9999999999786148
valley,independent,quality,ranknormal,elite,0.45999999999999996,0.9720668074703251,0.0006846132814514833,0.3,0.9596517842712401,0.029484765595427082,0.010863450133332791,1
valley,independent,quality,reciprocal,rloo,0.45999999999999996,0.2789767894478898,0.0016935032473351477,0.3,0.08586671542938996,0.8884247418096657,0.025708542760944388,0.8445720782763932
valley,independent,quality,reciprocal,grpo,0.45999999999999996,0.20517392221715158,0.0003170400635784716,0.3,0.0045900785898789764,0.9916552730470002,0.0037546483631209285,0.27856292672222527
valley,independent,quality,reciprocal,maxrl,0.45999999999999996,0.9806401254218408,0.0005131126950747118,0.3,0.9714222945656545,0.019821981011052314,0.0087557244232932,0.9999999999999994
valley,independent,quality,reciprocal,tailrl,0.45999999999999996,0.2671601020605678,0.001101780878823235,0.3,0.07244701954855444,0.9045467643971351,0.023006216054310576,0.799537416504425
valley,independent,quality,reciprocal,pkpo,0.45999999999999996,0.4165525282458273,0.0010146983893495397,0.3,0.24763191586681346,0.7062505952522455,0.04611748888094112,0.9942497552336967
valley,independent,quality,reciprocal,elite,0.45999999999999996,0.22702707358255106,0.0009259624979596294,0.3,0.02811910323947665,0.9605514192830991,0.01132947747742432,0.5364284503439142
valley,independent,binary,identity,rloo,0.3,0.965620781670501,0.0006016265431857807,0.3,0.965620781670501,0.03437921832949895,0,0.9999999999999994
valley,independent,binary,identity,grpo,0.3,0.9908345415900698,0.0013674446570041906,0.3,0.9908345415900698,0.00916545840993027,0,0.9999999999999994
valley,independent,binary,identity,maxrl,0.3,0.9714222945656545,0.0006657622010128872,0.3,0.9714222945656545,0.028577705434345516,0,0.9999999999999994
valley,independent,binary,identity,tailrl,0.3,0.9714222945656545,0.0006657622010128872,0.3,0.9714222945656545,0.028577705434345523,0,0.9999999999999994
valley,independent,binary,identity,pkpo,0.3,0.7584430146532634,0.004423680131679432,0.3,0.7584430146532634,0.24155698534673656,0,0.999999999861907
valley,independent,binary,identity,elite,0.3,0.9596517842712401,0.000956231512630926,0.3,0.9596517842712401,0.04034821572875987,0,1
valley,independent,binary,log,rloo,0.3,0.965620781670501,0.0006016265431857807,0.3,0.965620781670501,0.03437921832949895,0,0.9999999999999994
valley,independent,binary,log,grpo,0.3,0.9908345415900698,0.0013674446570041906,0.3,0.9908345415900698,0.00916545840993027,0,0.9999999999999994
valley,independent,binary,log,maxrl,0.3,0.9714222945656545,0.0006657622010128872,0.3,0.9714222945656545,0.028577705434345516,0,0.9999999999999994
valley,independent,binary,log,tailrl,0.3,0.9714222945656545,0.0006657622010128872,0.3,0.9714222945656545,0.028577705434345523,0,0.9999999999999994
valley,independent,binary,log,pkpo,0.3,0.7584430146532634,0.004423680131679432,0.3,0.7584430146532634,0.24155698534673656,0,0.999999999861907
valley,independent,binary,log,elite,0.3,0.9596517842712401,0.000956231512630926,0.3,0.9596517842712401,0.04034821572875987,0,1
valley,independent,binary,square,rloo,0.3,0.965620781670501,0.0006016265431857807,0.3,0.965620781670501,0.03437921832949895,0,0.9999999999999994
valley,independent,binary,square,grpo,0.3,0.9908345415900698,0.0013674446570041906,0.3,0.9908345415900698,0.00916545840993027,0,0.9999999999999994
valley,independent,binary,square,maxrl,0.3,0.9714222945656545,0.0006657622010128872,0.3,0.9714222945656545,0.028577705434345516,0,0.9999999999999994
valley,independent,binary,square,tailrl,0.3,0.9714222945656545,0.0006657622010128872,0.3,0.9714222945656545,0.028577705434345523,0,0.9999999999999994
valley,independent,binary,square,pkpo,0.3,0.7584430146532634,0.004423680131679432,0.3,0.7584430146532634,0.24155698534673656,0,0.999999999861907
valley,independent,binary,square,elite,0.3,0.9596517842712401,0.000956231512630926,0.3,0.9596517842712401,0.04034821572875987,0,1
valley,independent,binary,ranknormal,rloo,0.3,0.9822099439142042,0.0009394071035402104,0.3,0.9822099439142042,0.017790056085795803,0,1
valley,independent,binary,ranknormal,grpo,0.3,0.990834542166671,0.0013674445702444979,0.3,0.990834542166671,0.009165457833329017,0,0.9999999999999994
valley,independent,binary,ranknormal,maxrl,0.3,0.9714222945656545,0.0006657622010128872,0.3,0.9714222945656545,0.028577705434345516,0,0.9999999999999994
valley,independent,binary,ranknormal,tailrl,0.3,0.9841283657266869,0.0006040746126603007,0.3,0.9841283657266869,0.01587163427331292,0,0.9999999999999994
valley,independent,binary,ranknormal,pkpo,0.3,0.784737999483926,0.004574653340964448,0.3,0.784737999483926,0.215262000516074,0,0.9999999999779646
valley,independent,binary,ranknormal,elite,0.3,0.9596517842712401,0.000956231512630926,0.3,0.9596517842712401,0.04034821572875987,0,1
valley,independent,binary,reciprocal,rloo,0.3,0.027664112582838477,0.001740122597110687,0.3,0.027664112582838477,0.9723358874171616,0,0.3614838646456883
valley,independent,binary,reciprocal,grpo,0.3,0.0058945371524417095,0.0010614435326600656,0.3,0.0058945371524417095,0.9941054628475582,0,0.09017291678186994
valley,independent,binary,reciprocal,maxrl,0.3,0.9714222945656545,0.0006657622010128872,0.3,0.9714222945656545,0.028577705434345516,0,0.9999999999999994
valley,independent,binary,reciprocal,tailrl,0.3,0.02513021135700931,0.0010628223497190772,0.3,0.02513021135700931,0.9748697886429906,0,0.334440174748946
valley,independent,binary,reciprocal,pkpo,0.3,0.2153037728706284,0.0005813589498626484,0.3,0.2153037728706284,0.7846962271293716,0,0.9793345881913575
valley,independent,binary,reciprocal,elite,0.3,0.03493694890040191,0.0019343990255612285,0.3,0.03493694890040191,0.9650630510995981,0,0.43372144569109866
valley,independent,code,identity,rloo,0.3175,0.966279270526476,0.0006513489409981729,0.3,0.9619138190724786,0.025613462487528885,0.012472718439992462,0.9999999999999994
valley,independent,code,identity,grpo,0.3175,0.9918409161482521,0.0011164060104018158,0.3,0.9906755294833577,0.005994794331229844,0.0033296761854122946,1
valley,independent,code,identity,maxrl,0.3175,0.9744867981138071,0.000635272812565495,0.3,0.9714222945656545,0.019821981011052314,0.0087557244232932,0.9999999999999994
valley,independent,code,identity,tailrl,0.3175,0.9723593790551429,0.0007027903913538634,0.3,0.968553220478591,0.0205720407312608,0.010874738790148114,0.9999999999999994
valley,independent,code,identity,pkpo,0.3175,0.7619753064578457,0.00503113588624552,0.3,0.7476371372785713,0.2113966650663589,0.040966197655069855,0.9999999998125838
valley,independent,code,identity,elite,0.3175,0.9634539918179067,0.0008859060696816325,0.3,0.9596517842712401,0.029484765595427082,0.010863450133332791,1
valley,independent,code,log,rloo,0.3175,0.9631611109636434,0.0006574937831873032,0.3,0.9577355776851239,0.026762898661963342,0.015501523652912722,0.9999999999999994
valley,independent,code,log,grpo,0.3175,0.9915666161614628,0.001275270243437792,0.3,0.9902595306080407,0.00600593923932501,0.0037345301526342596,0.9999999999999994
valley,independent,code,log,maxrl,0.3175,0.9744867981138071,0.000635272812565495,0.3,0.9714222945656545,0.019821981011052314,0.0087557244232932,0.9999999999999994
valley,independent,code,log,tailrl,0.3175,0.9697650081782534,0.0009450446217018004,0.3,0.9650094898890647,0.021403314998967343,0.013587195111968065,1
valley,independent,code,log,pkpo,0.3175,0.7513795509169073,0.0049060818163095855,0.3,0.7355309038292068,0.21918724734879158,0.0452818488220016,0.999999999607347
valley,independent,code,log,elite,0.3175,0.9634539918179067,0.0008859060696816325,0.3,0.9596517842712401,0.029484765595427082,0.010863450133332791,1
valley,independent,code,square,rloo,0.3175,0.9679623610831148,0.0002978839404703087,0.3,0.9642233265266708,0.025093717597774807,0.010682955875554357,0.9999999999999988
valley,independent,code,square,grpo,0.3175,0.9919199580871707,0.0011664425800579962,0.3,0.990800947012315,0.006001878488097576,0.0031971744995873907,0.9999999999999994
valley,independent,code,square,maxrl,0.3175,0.9744867981138071,0.000635272812565495,0.3,0.9714222945656545,0.019821981011052314,0.0087557244232932,0.9999999999999994
valley,independent,code,square,tailrl,0.3175,0.9736378186940002,0.0006925943642488771,0.3,0.9703067369196824,0.020175886582266635,0.009517376498051051,0.9999999999999994
valley,independent,code,square,pkpo,0.3175,0.7688474996696799,0.005232747361499557,0.3,0.7554214494250142,0.2062184070187981,0.03836014355618778,0.9999999998853153
valley,independent,code,square,elite,0.3175,0.9634539918179067,0.0008859060696816325,0.3,0.9596517842712401,0.029484765595427082,0.010863450133332791,1
valley,independent,code,ranknormal,rloo,0.3175,0.9843281121148401,0.00048169263456537164,0.3,0.982246779308328,0.011806555530209194,0.005946665161462808,0.9999999999999994
valley,independent,code,ranknormal,grpo,0.3175,0.9918247509802866,0.0011680962212071953,0.3,0.9906374542554479,0.005970269387870504,0.003392276356681503,1
valley,independent,code,ranknormal,maxrl,0.3175,0.9744867981138071,0.000635272812565495,0.3,0.9714222945656545,0.019821981011052314,0.0087557244232932,0.9999999999999994
valley,independent,code,ranknormal,tailrl,0.3175,0.9859053831152496,0.0006030297696276395,0.3,0.9840739007128604,0.010693292423170173,0.005232806863969388,0.9999999999999994
valley,independent,code,ranknormal,pkpo,0.3175,0.7873246737986376,0.0036379531812379792,0.3,0.7727786219115579,0.18566122983964325,0.041560148248798945,0.9999999999658741
valley,independent,code,ranknormal,elite,0.3175,0.9634539918179067,0.0008859060696816325,0.3,0.9596517842712401,0.029484765595427082,0.010863450133332791,1
valley,independent,code,reciprocal,rloo,0.3175,0.02797121568093262,0.0016473763786042205,0.3,0.024175152473311857,0.9649789526477718,0.01084589487891645,0.36258697000806944
valley,independent,code,reciprocal,grpo,0.3175,0.005897541683609592,0.0004234098103686771,0.3,0.004595890439824884,0.9916851060065044,0.0037190035536705944,0.08993557557126992
valley,independent,code,reciprocal,maxrl,0.3175,0.9744867981138071,0.000635272812565495,0.3,0.9714222945656545,0.019821981011052314,0.0087557244232932,0.9999999999999994
valley,independent,code,reciprocal,tailrl,0.3175,0.025198980884320456,0.0020319089056495473,0.3,0.021566175138800547,0.9680543798739998,0.010379444987199735,0.3329910679522094
valley,independent,code,reciprocal,pkpo,0.3175,0.2078359299511059,0.0020028244749990096,0.3,0.19358087800073379,0.7656904021410602,0.040728719858206,0.9743102242418352
valley,independent,code,reciprocal,elite,0.3175,0.03208442035657516,0.0011123986947223926,0.3,0.02811910323947665,0.9605514192830991,0.01132947747742432,0.40428140895798426
valley,shared,quality,identity,rloo,0.45999999999999996,0.9872763282574318,0.0004503918997706618,0.3,0.9812152673213749,0.013024446677795301,0.005760286000829843,0.9999999999999994
valley,shared,quality,identity,grpo,0.45999999999999996,0.9972488118344325,0.0007228645539332315,0.3,0.9960823920524465,0.0029603624663651815,0.0009572454811883072,1
valley,shared,quality,identity,maxrl,0.45999999999999996,0.9914421918690973,0.0011309039023653959,0.3,0.9878792222869267,0.009273742614183194,0.0028470350988901894,1
valley,shared,quality,identity,tailrl,0.45999999999999996,0.9883570709047592,0.0008533701593221351,0.3,0.982969547662775,0.012076870400876785,0.004953581936348172,0.9999999999999994
valley,shared,quality,identity,pkpo,0.45999999999999996,0.8435682620251123,0.0025038366335551608,0.3,0.7882809924192969,0.17936033735651633,0.0323586702241868,0.999999999992888
valley,shared,quality,identity,elite,0.45999999999999996,0.9839393126242665,0.0006092349784339506,0.3,0.9773575321207989,0.01750925056013248,0.005133217319068594,0.9999999999999988
valley,shared,quality,log,rloo,0.45999999999999996,0.9793870620607782,0.00010490224000213693,0.3,0.9695854725476641,0.02111781739571891,0.00929671005661699,1
valley,shared,quality,log,grpo,0.45999999999999996,0.9971889525954228,0.0007665459391044502,0.3,0.9959816834339464,0.0030093019453896635,0.0010090146206638941,1
valley,shared,quality,log,maxrl,0.45999999999999996,0.9914421918690973,0.0011309039023653959,0.3,0.9878792222869267,0.009273742614183194,0.0028470350988901894,1
valley,shared,quality,log,tailrl,0.45999999999999996,0.9826303863365343,0.00043617884749121193,0.3,0.974255526913654,0.017679561072317773,0.008064912014028173,0.9999999999999994
valley,shared,quality,log,pkpo,0.45999999999999996,0.8184680004686083,0.003021701784799243,0.3,0.7547457724349685,0.20857577126344792,0.03667845630158361,0.9999999999251276
valley,shared,quality,log,elite,0.45999999999999996,0.9839393126242665,0.0006092349784339506,0.3,0.9773575321207989,0.01750925056013248,0.005133217319068594,0.9999999999999988
valley,shared,quality,square,rloo,0.45999999999999996,0.9895538572559753,0.001057016982034355,0.3,0.9848705529765792,0.010985909836640944,0.0041435371867797124,0.9999999999999988
valley,shared,quality,square,grpo,0.45999999999999996,0.9971659102870767,0.0008560109917793935,0.3,0.9959804768250895,0.0030657011073976907,0.0009538220675129064,0.9999999999999994
valley,shared,quality,square,maxrl,0.45999999999999996,0.9914421918690973,0.0011309039023653959,0.3,0.9878792222869267,0.009273742614183194,0.0028470350988901894,1
valley,shared,quality,square,tailrl,0.45999999999999996,0.9904701907236805,0.001377017770834941,0.3,0.9862456515133743,0.010070174704172923,0.0036841737824527226,0.9999999999999988
valley,shared,quality,square,pkpo,0.45999999999999996,0.8566424334078692,0.0031241911550545496,0.3,0.8061649852534729,0.16455890173379997,0.029276113012727256,0.9999999999982281
valley,shared,quality,square,elite,0.45999999999999996,0.9839393126242665,0.0006092349784339506,0.3,0.9773575321207989,0.01750925056013248,0.005133217319068594,0.9999999999999988
valley,shared,quality,ranknormal,rloo,0.45999999999999996,0.9949091882450495,0.0011548536818279409,0.3,0.9925769234654339,0.00530395285281033,0.002119123681755781,1
valley,shared,quality,ranknormal,grpo,0.45999999999999996,0.9971896951271347,0.0008198193017674751,0.3,0.9960215650443125,0.0030473272264758817,0.0009311077292115952,0.9999999999999988
valley,shared,quality,ranknormal,maxrl,0.45999999999999996,0.9914421918690973,0.0011309039023653959,0.3,0.9878792222869267,0.009273742614183194,0.0028470350988901894,1
valley,shared,quality,ranknormal,tailrl,0.45999999999999996,0.995138259305261,0.001038696809480758,0.3,0.9928970914697318,0.0050514432065793735,0.002051465323688916,0.9999999999999994
valley,shared,quality,ranknormal,pkpo,0.45999999999999996,0.8730823920641876,0.003640869184935894,0.3,0.82762964413621,0.14492366397574066,0.027446691888049293,0.9999999999997242
valley,shared,quality,ranknormal,elite,0.45999999999999996,0.9839393126242665,0.0006092349784339506,0.3,0.9773575321207989,0.01750925056013248,0.005133217319068594,0.9999999999999988
valley,shared,quality,reciprocal,rloo,0.45999999999999996,0.24016986848720082,0.0019066150219012896,0.3,0.04079353110405534,0.9403688598860533,0.018837609009891385,0.6448242536191136
valley,shared,quality,reciprocal,grpo,0.45999999999999996,0.20208075294960656,0.00021412273388133688,0.3,0.0019594972705439654,0.9967576148965277,0.0012828878329283388,0.23260732846811527
valley,shared,quality,reciprocal,maxrl,0.45999999999999996,0.9914421918690973,0.0011309039023653959,0.3,0.9878792222869267,0.009273742614183194,0.0028470350988901894,1
valley,shared,quality,reciprocal,tailrl,0.45999999999999996,0.23533219726728719,0.001786310675456301,0.3,0.03560481298951889,0.9472743198213011,0.01712086718918015,0.6077357338284236
valley,shared,quality,reciprocal,pkpo,0.45999999999999996,0.39023896614459247,0.00203292113619106,0.3,0.21543599150196,0.7398385761404788,0.04472543235756127,0.9885237234734174
valley,shared,quality,reciprocal,elite,0.45999999999999996,0.21671036790325035,0.0005324485931316715,0.3,0.016496315687153776,0.9747203959290279,0.008783288383818299,0.4278999845932096
valley,shared,binary,identity,rloo,0.3,0.987074740979431,0.0013605675453034777,0.3,0.987074740979431,0.01292525902056886,0,1
valley,shared,binary,identity,grpo,0.3,0.995876248002732,0.0011752697970276221,0.3,0.995876248002732,0.004123751997268026,0,0.9999999999999994
valley,shared,binary,identity,maxrl,0.3,0.9878792222869267,0.001374533373821559,0.3,0.9878792222869267,0.012120777713073384,0,1
valley,shared,binary,identity,tailrl,0.3,0.9878792222869267,0.001374533373821559,0.3,0.9878792222869267,0.012120777713073383,0,1
valley,shared,binary,identity,pkpo,0.3,0.816504113551301,0.003920803327473691,0.3,0.816504113551301,0.18349588644869896,0,0.9999999999982875
valley,shared,binary,identity,elite,0.3,0.9773575321207989,0.0008411599722700023,0.3,0.9773575321207989,0.022642467879201073,0,0.9999999999999988
valley,shared,binary,log,rloo,0.3,0.987074740979431,0.0013605675453034777,0.3,0.987074740979431,0.01292525902056886,0,1
valley,shared,binary,log,grpo,0.3,0.995876248002732,0.0011752697970276221,0.3,0.995876248002732,0.004123751997268026,0,0.9999999999999994
valley,shared,binary,log,maxrl,0.3,0.9878792222869267,0.001374533373821559,0.3,0.9878792222869267,0.012120777713073384,0,1
valley,shared,binary,log,tailrl,0.3,0.9878792222869267,0.001374533373821559,0.3,0.9878792222869267,0.012120777713073383,0,1
valley,shared,binary,log,pkpo,0.3,0.816504113551301,0.003920803327473691,0.3,0.816504113551301,0.18349588644869896,0,0.9999999999982875
valley,shared,binary,log,elite,0.3,0.9773575321207989,0.0008411599722700023,0.3,0.9773575321207989,0.022642467879201073,0,0.9999999999999988
valley,shared,binary,square,rloo,0.3,0.987074740979431,0.0013605675453034777,0.3,0.987074740979431,0.01292525902056886,0,1
valley,shared,binary,square,grpo,0.3,0.995876248002732,0.0011752697970276221,0.3,0.995876248002732,0.004123751997268026,0,0.9999999999999994
valley,shared,binary,square,maxrl,0.3,0.9878792222869267,0.001374533373821559,0.3,0.9878792222869267,0.012120777713073384,0,1
valley,shared,binary,square,tailrl,0.3,0.9878792222869267,0.001374533373821559,0.3,0.9878792222869267,0.012120777713073383,0,1
valley,shared,binary,square,pkpo,0.3,0.816504113551301,0.003920803327473691,0.3,0.816504113551301,0.18349588644869896,0,0.9999999999982875
valley,shared,binary,square,elite,0.3,0.9773575321207989,0.0008411599722700023,0.3,0.9773575321207989,0.022642467879201073,0,0.9999999999999988
valley,shared,binary,ranknormal,rloo,0.3,0.9925913917278398,0.0016765817566193066,0.3,0.9925913917278398,0.0074086082721601275,0,1
valley,shared,binary,ranknormal,grpo,0.3,0.9958762483221033,0.0011752697230996497,0.3,0.9958762483221033,0.004123751677896724,0,0.9999999999999988
valley,shared,binary,ranknormal,maxrl,0.3,0.9878792222869267,0.001374533373821559,0.3,0.9878792222869267,0.012120777713073384,0,1
valley,shared,binary,ranknormal,tailrl,0.3,0.9928760947901584,0.00147735278356279,0.3,0.9928760947901584,0.0071239052098416794,0,1
valley,shared,binary,ranknormal,pkpo,0.3,0.8337031945281543,0.005188068856309194,0.3,0.8337031945281543,0.16629680547184575,0,0.999999999999628
valley,shared,binary,ranknormal,elite,0.3,0.9773575321207989,0.0008411599722700023,0.3,0.9773575321207989,0.022642467879201073,0,0.9999999999999988
valley,shared,binary,reciprocal,rloo,0.3,0.011295522835606545,0.00025179617846836214,0.3,0.011295522835606545,0.9887044771643936,0,0.16619159774513956
valley,shared,binary,reciprocal,grpo,0.3,0.0024698334947763725,0.000530922919439176,0.3,0.0024698334947763725,0.9975301665052236,0,0.03877192454090861
valley,shared,binary,reciprocal,maxrl,0.3,0.9878792222869267,0.001374533373821559,0.3,0.9878792222869267,0.012120777713073384,0,1
valley,shared,binary,reciprocal,tailrl,0.3,0.010963174793940192,0.0002722298451601174,0.3,0.010963174793940192,0.9890368252060598,0,0.16169505580910315
valley,shared,binary,reciprocal,pkpo,0.3,0.18243401086252273,0.0024643383969187565,0.3,0.18243401086252273,0.8175659891374772,0,0.9601269863683229
valley,shared,binary,reciprocal,elite,0.3,0.02062187281271129,0.0003300799723629286,0.3,0.02062187281271129,0.9793781271872887,0,0.28350963842745147
valley,shared,code,identity,rloo,0.3175,0.9870056432773128,0.001148383634758534,0.3,0.985566076239541,0.010320875081111002,0.004113048679347985,0.9999999999999988
valley,shared,code,identity,grpo,0.3175,0.9963048394603388,0.0010910784112992313,0.3,0.9959672378150831,0.0030681860556152287,0.0009645761293016185,1
valley,shared,code,identity,maxrl,0.3175,0.9888756845715383,0.001401880659226057,0.3,0.9878792222869267,0.009273742614183194,0.0028470350988901894,1
valley,shared,code,identity,tailrl,0.3175,0.9879906547450629,0.0016034765330142403,0.3,0.98671235025533,0.00963535120257645,0.0036522985420935432,1
valley,shared,code,identity,pkpo,0.3175,0.8182448914262374,0.00401986908474615,0.3,0.8080687192080753,0.16285650302574725,0.029074777766177406,0.9999999999976183
valley,shared,code,identity,elite,0.3175,0.9791541581824729,0.0007854285978107828,0.3,0.9773575321207989,0.01750925056013248,0.005133217319068594,0.9999999999999988
valley,shared,code,log,rloo,0.3175,0.9857289824906488,0.0013789376932011811,0.3,0.9838593226341832,0.010798792061629611,0.005341885304187086,0.9999999999999994
valley,shared,code,log,grpo,0.3175,0.9963449107986518,0.0009251462028534462,0.3,0.9959840899502866,0.0029849933400986077,0.0010309167096147684,0.9999999999999994
valley,shared,code,log,maxrl,0.3175,0.9888756845715383,0.001401880659226057,0.3,0.9878792222869267,0.009273742614183194,0.0028470350988901894,1
valley,shared,code,log,tailrl,0.3175,0.9868675766290012,0.0018537759628103761,0.3,0.9851756242781824,0.00999022614804956,0.004834149573768092,0.9999999999999994
valley,shared,code,log,pkpo,0.3175,0.8096064189421229,0.004950173444250877,0.3,0.7980858180119429,0.1689981793303996,0.03291600265765757,0.9999999999945786
valley,shared,code,log,elite,0.3175,0.9791541581824729,0.0007854285978107828,0.3,0.9773575321207989,0.01750925056013248,0.005133217319068594,0.9999999999999988
valley,shared,code,square,rloo,0.3175,0.9879159711134653,0.0014507244233650412,0.3,0.9867275716647667,0.009877001338951577,0.0033954269962818188,1
valley,shared,code,square,grpo,0.3175,0.9961422582015679,0.0009669943840225526,0.3,0.9957738718200586,0.00317359566134331,0.0010525325185981314,0.9999999999999994
valley,shared,code,square,maxrl,0.3175,0.9888756845715383,0.001401880659226057,0.3,0.9878792222869267,0.009273742614183194,0.0028470350988901894,1
valley,shared,code,square,tailrl,0.3175,0.9884505883134128,0.0015163471720181431,0.3,0.9873585932912626,0.009521420931165585,0.0031199857775717505,0.9999999999999994
valley,shared,code,square,pkpo,0.3175,0.8240719039112081,0.0038294630121838767,0.3,0.814668308343569,0.15846427574889074,0.026867415907540295,0.9999999999986368
valley,shared,code,square,elite,0.3175,0.9791541581824729,0.0007854285978107828,0.3,0.9773575321207989,0.01750925056013248,0.005133217319068594,0.9999999999999988
valley,shared,code,ranknormal,rloo,0.3175,0.9933186167540483,0.001527803726660829,0.3,0.9925769234654339,0.00530395285281033,0.002119123681755781,1
valley,shared,code,ranknormal,grpo,0.3175,0.9963474527495366,0.0010373938689312216,0.3,0.9960215650443125,0.0030473272264758817,0.0009311077292115952,0.9999999999999988
valley,shared,code,ranknormal,maxrl,0.3175,0.9888756845715383,0.001401880659226057,0.3,0.9878792222869267,0.009273742614183194,0.0028470350988901894,1
valley,shared,code,ranknormal,tailrl,0.3175,0.9936151043330228,0.001384512446814247,0.3,0.9928970914697318,0.0050514432065793735,0.002051465323688916,0.9999999999999994
valley,shared,code,ranknormal,pkpo,0.3175,0.8372359862970272,0.004594322515198562,0.3,0.82762964413621,0.14492366397574066,0.027446691888049293,0.9999999999995649
valley,shared,code,ranknormal,elite,0.3175,0.9791541581824729,0.0007854285978107828,0.3,0.9773575321207989,0.01750925056013248,0.005133217319068594,0.9999999999999988
valley,shared,code,reciprocal,rloo,0.3175,0.012283244699404783,0.0002636825391271816,0.3,0.009927788726817426,0.9833423370657902,0.006729874207392452,0.17838812134591475
valley,shared,code,reciprocal,grpo,0.3175,0.002422845146069764,0.00024038807898361784,0.3,0.0019824767998113525,0.9967593279251648,0.0012581952750240328,0.0380222072906948
valley,shared,code,reciprocal,maxrl,0.3175,0.9888756845715383,0.001401880659226057,0.3,0.9878792222869267,0.009273742614183194,0.0028470350988901894,1
valley,shared,code,reciprocal,tailrl,0.3175,0.011648354980160633,0.00026523351016117256,0.3,0.009379739498619774,0.984138501982692,0.006481758518688174,0.16997064779298446
valley,shared,code,reciprocal,pkpo,0.3175,0.1711091786779273,0.0020766872978331442,0.3,0.15755422130437058,0.8037173290568961,0.03872844963873338,0.9475250774530836
valley,shared,code,reciprocal,elite,0.3175,0.019570466621490177,0.000631638612822371,0.3,0.016496315687153776,0.9747203959290279,0.008783288383818299,0.2695076587982551
valley,neural,quality,identity,rloo,0.45999999999999996,0.9926478926371907,0.001614640191997866,0.3,0.9864140156314329,0.004794284038456177,0.008791700330110905,1
valley,neural,quality,identity,grpo,0.45999999999999996,0.9983528189004075,0.0008370773320560482,0.3,0.9965748729969367,0.0006928257459179872,0.002732301257145388,1
valley,neural,quality,identity,maxrl,0.45999999999999996,0.9954812202500435,0.0012902272772550953,0.3,0.9913649768610785,0.0026619262359694335,0.005973096902952199,0.9999999999999988
valley,neural,quality,identity,tailrl,0.45999999999999996,0.9928476950057205,0.0015918126936475584,0.3,0.9867613584321698,0.004642120917868724,0.008596520649961385,1
valley,neural,quality,identity,pkpo,0.45999999999999996,0.8578532649249615,0.004249245138900248,0.3,0.8008902145552615,0.15625705224285785,0.042852733201880606,0.9999999999973087
valley,neural,quality,identity,elite,0.45999999999999996,0.9897472607511243,0.0005270875141575942,0.3,0.9817991223817706,0.007430970503959818,0.010769907114269605,1
valley,neural,quality,log,rloo,0.45999999999999996,0.9881508007200134,0.0018262895426313802,0.3,0.9791134295636504,0.008736427763617055,0.012150142672732532,0.9999999999999994
valley,neural,quality,log,grpo,0.45999999999999996,0.9983695746572651,0.0008943527964124556,0.3,0.996604821482725,0.0006808848395624115,0.0027142936777126265,0.9999999999999994
valley,neural,quality,log,maxrl,0.45999999999999996,0.9954812202500435,0.0012902272772550953,0.3,0.9913649768610785,0.0026619262359694335,0.005973096902952199,0.9999999999999988
valley,neural,quality,log,tailrl,0.45999999999999996,0.9896507972624442,0.001854823633308651,0.3,0.9814903787457685,0.007363385589657788,0.01114623566457368,0.9999999999999994
valley,neural,quality,log,pkpo,0.45999999999999996,0.8326378023578601,0.006386112163997472,0.3,0.7680161364894728,0.18642163059482267,0.045562232915704486,0.9999999999675323
valley,neural,quality,log,elite,0.45999999999999996,0.9897472607511243,0.0005270875141575942,0.3,0.9817991223817706,0.007430970503959818,0.010769907114269605,1
valley,neural,quality,square,rloo,0.45999999999999996,0.9939792397470911,0.001421679410186478,0.3,0.9887280408795779,0.0037799415118499554,0.007492017608572256,1
valley,neural,quality,square,grpo,0.45999999999999996,0.9983686663956304,0.00090911442541157,0.3,0.9966149374168444,0.000693271427768906,0.0026917911553866595,1
valley,neural,quality,square,maxrl,0.45999999999999996,0.9954812202500435,0.0012902272772550953,0.3,0.9913649768610785,0.0026619262359694335,0.005973096902952199,0.9999999999999988
valley,neural,quality,square,tailrl,0.45999999999999996,0.9943194543257635,0.001205268184007408,0.3,0.9892648505935533,0.003466214779144359,0.007268934627302292,0.9999999999999988
valley,neural,quality,square,pkpo,0.45999999999999996,0.8714479950398569,0.0025304144369487983,0.3,0.8187272113162584,0.14010722371661616,0.041165564967125486,0.9999999999994236
valley,neural,quality,square,elite,0.45999999999999996,0.9897472607511243,0.0005270875141575942,0.3,0.9817991223817706,0.007430970503959818,0.010769907114269605,1
valley,neural,quality,ranknormal,rloo,0.45999999999999996,0.9975045331583193,0.000914958698038734,0.3,0.9949991488360279,0.0012378159402296012,0.0037630352237424166,0.9999999999999994
valley,neural,quality,ranknormal,grpo,0.45999999999999996,0.998373591887174,0.0009077340309994136,0.3,0.9966241359405815,0.0006901562226463623,0.0026857078367721905,0.9999999999999994
valley,neural,quality,ranknormal,maxrl,0.45999999999999996,0.9954812202500435,0.0012902272772550953,0.3,0.9913649768610785,0.0026619262359694335,0.005973096902952199,0.9999999999999988
valley,neural,quality,ranknormal,tailrl,0.45999999999999996,0.997748979493292,0.0008334343707897037,0.3,0.995443207177079,0.0010707584438488882,0.0034860343790720284,0.9999999999999994
valley,neural,quality,ranknormal,pkpo,0.45999999999999996,0.8870857165952662,0.002077951483455329,0.3,0.839314629323194,0.12160033783502833,0.03908503284177769,0.9999999999999165
valley,neural,quality,ranknormal,elite,0.45999999999999996,0.9897472607511243,0.0005270875141575942,0.3,0.9817991223817706,0.007430970503959818,0.010769907114269605,1
valley,neural,quality,reciprocal,rloo,0.45999999999999996,0.2321275016695661,0.002181600870196928,0.3,0.031223855222288554,0.9509051010483732,0.01787104372933822,0.5801845466589349
valley,neural,quality,reciprocal,grpo,0.45999999999999996,0.20101227510126055,0.0002626576190002218,0.3,0.0005039924498417613,0.9979733046966905,0.0015227028534677749,0.21598078018463182
valley,neural,quality,reciprocal,maxrl,0.45999999999999996,0.9954812202500435,0.0012902272772550953,0.3,0.9913649768610785,0.0026619262359694335,0.005973096902952199,0.9999999999999988
valley,neural,quality,reciprocal,tailrl,0.45999999999999996,0.22727698371088312,0.0012327372302863842,0.3,0.025997645195532174,0.9578051859183244,0.016197168886143382,0.5367916195595311
valley,neural,quality,reciprocal,pkpo,0.45999999999999996,0.3925059557079695,0.006916399930786623,0.3,0.21818693759673904,0.7369220483268156,0.04489101407644547,0.9890774530163212
valley,neural,quality,reciprocal,elite,0.45999999999999996,0.21176658791438116,0.00017269605753823263,0.3,0.009943111012378167,0.9805266412264254,0.009530247761196509,0.3670788327198877
valley,neural,binary,identity,rloo,0.3,0.990802047181242,0.0018903993075895624,0.3,0.990802047181242,0.009197952818757996,0,1
valley,neural,binary,identity,grpo,0.3,0.9966762668933815,0.0016020300360725134,0.3,0.9966762668933815,0.003323733106618497,0,0.9999999999999994
valley,neural,binary,identity,maxrl,0.3,0.9913649768610785,0.0020033279924142364,0.3,0.9913649768610785,0.008635023138921631,0,0.9999999999999988
valley,neural,binary,identity,tailrl,0.3,0.9913649768610785,0.0020033279924142364,0.3,0.9913649768610785,0.008635023138921631,0,0.9999999999999988
valley,neural,binary,identity,pkpo,0.3,0.8303749216307624,0.005623786193783455,0.3,0.8303749216307624,0.16962507836923765,0,0.9999999999994905
valley,neural,binary,identity,elite,0.3,0.9817991223817706,0.00032861097924167566,0.3,0.9817991223817706,0.018200877618229427,0,1
valley,neural,binary,log,rloo,0.3,0.990802047181242,0.0018903993075895624,0.3,0.990802047181242,0.009197952818757996,0,1
valley,neural,binary,log,grpo,0.3,0.9966762668933815,0.0016020300360725134,0.3,0.9966762668933815,0.003323733106618497,0,0.9999999999999994
valley,neural,binary,log,maxrl,0.3,0.9913649768610785,0.0020033279924142364,0.3,0.9913649768610785,0.008635023138921631,0,0.9999999999999988
valley,neural,binary,log,tailrl,0.3,0.9913649768610785,0.0020033279924142364,0.3,0.9913649768610785,0.008635023138921631,0,0.9999999999999988
valley,neural,binary,log,pkpo,0.3,0.8303749216307624,0.005623786193783455,0.3,0.8303749216307624,0.16962507836923765,0,0.9999999999994905
valley,neural,binary,log,elite,0.3,0.9817991223817706,0.00032861097924167566,0.3,0.9817991223817706,0.018200877618229427,0,1
valley,neural,binary,square,rloo,0.3,0.990802047181242,0.0018903993075895624,0.3,0.990802047181242,0.009197952818757996,0,1
valley,neural,binary,square,grpo,0.3,0.9966762668933815,0.0016020300360725134,0.3,0.9966762668933815,0.003323733106618497,0,0.9999999999999994
valley,neural,binary,square,maxrl,0.3,0.9913649768610785,0.0020033279924142364,0.3,0.9913649768610785,0.008635023138921631,0,0.9999999999999988
valley,neural,binary,square,tailrl,0.3,0.9913649768610785,0.0020033279924142364,0.3,0.9913649768610785,0.008635023138921631,0,0.9999999999999988
valley,neural,binary,square,pkpo,0.3,0.8303749216307624,0.005623786193783455,0.3,0.8303749216307624,0.16962507836923765,0,0.9999999999994905
valley,neural,binary,square,elite,0.3,0.9817991223817706,0.00032861097924167566,0.3,0.9817991223817706,0.018200877618229427,0,1
valley,neural,binary,ranknormal,rloo,0.3,0.994887799527317,0.0015892599405881542,0.3,0.994887799527317,0.005112200472683085,0,0.9999999999999994
valley,neural,binary,ranknormal,grpo,0.3,0.9966762672380036,0.0016020299124378473,0.3,0.9966762672380036,0.0033237327619964623,0,1
valley,neural,binary,ranknormal,maxrl,0.3,0.9913649768610785,0.0020033279924142364,0.3,0.9913649768610785,0.008635023138921631,0,0.9999999999999988
valley,neural,binary,ranknormal,tailrl,0.3,0.995221872077035,0.0015631363372475273,0.3,0.995221872077035,0.004778127922964845,0,0.9999999999999994
valley,neural,binary,ranknormal,pkpo,0.3,0.8473595276799162,0.004339753191945395,0.3,0.8473595276799162,0.15264047232008382,0,0.9999999999999064
valley,neural,binary,ranknormal,elite,0.3,0.9817991223817706,0.00032861097924167566,0.3,0.9817991223817706,0.018200877618229427,0,1
valley,neural,binary,reciprocal,rloo,0.3,0.006891755005730776,0.0006600449337520649,0.3,0.006891755005730776,0.9931082449942692,0,0.10471614996529226
valley,neural,binary,reciprocal,grpo,0.3,0.001365317525930678,0.0007455620781448237,0.3,0.001365317525930678,0.9986346824740693,0,0.021579186909523835
valley,neural,binary,reciprocal,maxrl,0.3,0.9913649768610785,0.0020033279924142364,0.3,0.9913649768610785,0.008635023138921631,0,0.9999999999999988
valley,neural,binary,reciprocal,tailrl,0.3,0.005786355885888941,0.001440862327074167,0.3,0.005786355885888941,0.9942136441141111,0,0.08851693667461662
valley,neural,binary,reciprocal,pkpo,0.3,0.1841471773556459,0.007242028664393913,0.3,0.1841471773556459,0.815852822644354,0,0.9612329987429026
valley,neural,binary,reciprocal,elite,0.3,0.015736862796344873,0.001366877545782965,0.3,0.015736862796344873,0.9842631372036551,0,0.22402670528373914
valley,neural,code,identity,rloo,0.3175,0.9915934493508415,0.0017719164637669755,0.3,0.9890219844586955,0.0036309729923156525,0.007347042548988947,1
valley,neural,code,identity,grpo,0.3175,0.9975677626558171,0.0013312857532142756,0.3,0.9966289034362941,0.0006886416507828728,0.0026824549129230157,0.9999999999999994
valley,neural,code,identity,maxrl,0.3175,0.9934555607771115,0.0017285983905742646,0.3,0.9913649768610785,0.0026619262359694335,0.005973096902952199,0.9999999999999988
valley,neural,code,identity,tailrl,0.3175,0.9919334885556798,0.0017643927612322181,0.3,0.9894300637214236,0.003417293894987411,0.007152642383589113,1
valley,neural,code,identity,pkpo,0.3175,0.8349951028184787,0.003228679104148496,0.3,0.8206515581820245,0.13836688571382091,0.04098155610415452,0.999999999999219
valley,neural,code,identity,elite,0.3175,0.985568589871765,0.0005592281871388146,0.3,0.9817991223817706,0.007430970503959818,0.010769907114269605,1
valley,neural,code,log,rloo,0.3175,0.9907163213614102,0.0020850876511812623,0.3,0.9878702028991375,0.003998030065797947,0.008131767035064444,0.9999999999999994
valley,neural,code,log,grpo,0.3175,0.9975519346786093,0.0013313936363096757,0.3,0.9966014613223185,0.0006829005168507866,0.0027156381608307374,0.9999999999999994
valley,neural,code,log,maxrl,0.3175,0.9934555607771115,0.0017285983905742646,0.3,0.9913649768610785,0.0026619262359694335,0.005973096902952199,0.9999999999999988
valley,neural,code,log,tailrl,0.3175,0.9908629909418121,0.00174155298743739,0.3,0.9880410694663179,0.003896297746555705,0.008062632787126494,1
valley,neural,code,log,pkpo,0.3175,0.8252360822423531,0.005147120073218969,0.3,0.8105300231514847,0.14745266516031988,0.04201731168819537,0.999999999998049
valley,neural,code,log,elite,0.3175,0.985568589871765,0.0005592281871388146,0.3,0.9817991223817706,0.007430970503959818,0.010769907114269605,1
valley,neural,code,square,rloo,0.3175,0.9926299315777114,0.0016114603280214122,0.3,0.9903386880370393,0.0031149018467547898,0.006546410116205894,0.9999999999999988
valley,neural,code,square,grpo,0.3175,0.9977080934679874,0.0010714023860471202,0.3,0.9968298684827027,0.0006609172736265803,0.0025092142436704892,0.9999999999999982
valley,neural,code,square,maxrl,0.3175,0.9934555607771115,0.0017285983905742646,0.3,0.9913649768610785,0.0026619262359694335,0.005973096902952199,0.9999999999999988
valley,neural,code,square,tailrl,0.3175,0.9930696821683682,0.0015863976526997148,0.3,0.9908647188207543,0.0028353859003491673,0.006299895278896424,0.9999999999999994
valley,neural,code,square,pkpo,0.3175,0.8411834025783298,0.004580616284381441,0.3,0.8270853930743277,0.1326345797713804,0.040280027154291805,0.9999999999995494
valley,neural,code,square,elite,0.3175,0.985568589871765,0.0005592281871388146,0.3,0.9817991223817706,0.007430970503959818,0.010769907114269605,1
valley,neural,code,ranknormal,rloo,0.3175,0.9963162111643378,0.0012585484906471418,0.3,0.9949991488360279,0.0012378159402296012,0.0037630352237424166,0.9999999999999994
valley,neural,code,ranknormal,grpo,0.3175,0.9975641336834516,0.0013344876445496269,0.3,0.9966241359405815,0.0006901562226463623,0.0026857078367721905,0.9999999999999994
valley,neural,code,ranknormal,maxrl,0.3175,0.9934555607771115,0.0017285983905742646,0.3,0.9913649768610785,0.0026619262359694335,0.005973096902952199,0.9999999999999988
valley,neural,code,ranknormal,tailrl,0.3175,0.9966633192097542,0.0011601444111789465,0.3,0.995443207177079,0.0010707584438488882,0.0034860343790720284,0.9999999999999994
valley,neural,code,ranknormal,pkpo,0.3175,0.8529943908178163,0.0029295167023925275,0.3,0.839314629323194,0.12160033783502833,0.03908503284177769,0.999999999999865
valley,neural,code,ranknormal,elite,0.3175,0.985568589871765,0.0005592281871388146,0.3,0.9817991223817706,0.007430970503959818,0.010769907114269605,1
valley,neural,code,reciprocal,rloo,0.3175,0.006203001451336687,0.0009621136946609904,0.3,0.004148562460558616,0.989981611851504,0.005869825687937348,0.0938309992842659
valley,neural,code,reciprocal,grpo,0.3175,0.0010406781277322308,0.00027135666789996726,0.3,0.0005054580597331204,0.9979653417459837,0.0015292001942831725,0.016451486952014493
valley,neural,code,reciprocal,maxrl,0.3175,0.9934555607771115,0.0017285983905742646,0.3,0.9913649768610785,0.0026619262359694335,0.005973096902952199,0.9999999999999988
valley,neural,code,reciprocal,tailrl,0.3175,0.0057167478646976055,0.0008622976974286612,0.3,0.003768880892224047,0.9906657849007087,0.00556533420706731,0.08681147217803808
valley,neural,code,reciprocal,pkpo,0.3175,0.17083997231828596,0.005141637736717842,0.3,0.1570730749545328,0.803592932577601,0.03933399246786623,0.9470371437669455
valley,neural,code,reciprocal,elite,0.3175,0.013278697728796945,0.00014317839516490106,0.3,0.009943111012378167,0.9805266412264254,0.009530247761196509,0.190521343470188
rare,independent,quality,identity,rloo,0.2008,0.20083288562229482,0.00002615044794125051,0.001,0.001041107027868505,0.9989588929721315,0,0.2132225516414045
rare,independent,quality,identity,grpo,0.2008,0.20099984124356754,0.00012979135462355028,0.001,0.0012498015544594474,0.9987501984455406,0,0.21584672394322202
rare,independent,quality,identity,maxrl,0.2008,0.3599026332206825,0.2741358352696997,0.001,0.19987829152585315,0.8001217084741468,0,0.48378798830848607
rare,independent,quality,identity,tailrl,0.2008,0.20685229781537887,0.009424497756777655,0.001,0.008565372269223567,0.9914346277307765,0,0.2952285479132144
rare,independent,quality,identity,pkpo,0.2008,0.200960895230568,0.00010240606447918489,0.001,0.0012011190382099784,0.99879888096179,0,0.21523556818570103
rare,independent,quality,identity,elite,0.2008,0.20084069799593127,0.000032487297107016164,0.001,0.001050872494914043,0.998949127505086,0,0.21334556611396868
rare,independent,quality,log,rloo,0.2008,0.20082252674357115,0.000017811382729371785,0.001,0.0010281584294639353,0.9989718415705361,0,0.21305939938858665
rare,independent,quality,log,grpo,0.2008,0.20099984123898595,0.00012979135097432797,0.001,0.0012498015487324044,0.9987501984512676,0,0.21584672387136994
rare,independent,quality,log,maxrl,0.2008,0.3599026332206825,0.2741358352696997,0.001,0.19987829152585315,0.8001217084741468,0,0.48378798830848607
rare,independent,quality,log,tailrl,0.2008,0.20146550903551894,0.0004977282825185145,0.001,0.0018318862943986786,0.9981681137056014,0,0.22310461359488362
rare,independent,quality,log,pkpo,0.2008,0.20089555569444428,0.0000784656686206164,0.001,0.0011194446180553767,0.9988805553819446,0,0.21420860832018274
rare,independent,quality,log,elite,0.2008,0.20084069799593127,0.000032487297107016164,0.001,0.001050872494914043,0.998949127505086,0,0.21334556611396868
rare,independent,quality,square,rloo,0.2008,0.2008396889553522,0.000031676754815206994,0.001,0.0010496111941902216,0.9989503888058099,0,0.21332967906256642
rare,independent,quality,square,grpo,0.2008,0.2009998412454642,0.00012979135601631208,0.001,0.0012498015568302302,0.9987501984431697,0,0.21584672397296786
rare,independent,quality,square,maxrl,0.2008,0.3599026332206825,0.2741358352696997,0.001,0.19987829152585315,0.8001217084741468,0,0.48378798830848607
rare,independent,quality,square,tailrl,0.2008,0.3347389833868382,0.23063137348279325,0.001,0.16842372923354776,0.8315762707664524,0,0.48330531142167327
rare,independent,quality,square,pkpo,0.2008,0.20099764720524302,0.00012820779023101097,0.001,0.0012470590065537706,0.9987529409934462,0,0.21581231105953272
rare,independent,quality,square,elite,0.2008,0.20084069799593127,0.000032487297107016164,0.001,0.001050872494914043,0.998949127505086,0,0.21334556611396868
rare,independent,quality,ranknormal,rloo,0.2008,0.20088314896273296,0.00006786790070225741,0.001,0.001103936203416212,0.9988960637965837,0,0.21401353768860687
rare,independent,quality,ranknormal,grpo,0.2008,0.200999841250363,0.00012979135955426698,0.001,0.0012498015629537234,0.9987501984370463,0,0.21584672404980224
rare,independent,quality,ranknormal,maxrl,0.2008,0.3599026332206825,0.2741358352696997,0.001,0.19987829152585315,0.8001217084741468,0,0.48378798830848607
rare,independent,quality,ranknormal,tailrl,0.2008,0.7350375725573789,0.40126034986915415,0.001,0.6687969656967235,0.3312030343032764,0,0.9412872013334286
rare,independent,quality,ranknormal,pkpo,0.2008,0.2014058829947805,0.00044545071491111583,0.001,0.001757353743475569,0.9982426462565245,0,0.22218073391432427
rare,independent,quality,ranknormal,elite,0.2008,0.20084069799593127,0.000032487297107016164,0.001,0.001050872494914043,0.998949127505086,0,0.21334556611396868
rare,independent,quality,reciprocal,rloo,0.2008,0.20079107353466133,0.000005813668377661438,0.001,0.0009888419183266342,0.9990111580816734,0,0.2125637354020269
rare,independent,quality,reciprocal,grpo,0.2008,0.2006955038098702,0.00008402661933206102,0.001,0.000869379762337722,0.9991306202376622,0,0.2110550979744834
rare,independent,quality,reciprocal,maxrl,0.2008,0.3599026332206825,0.2741358352696997,0.001,0.19987829152585315,0.8001217084741468,0,0.48378798830848607
rare,independent,quality,reciprocal,tailrl,0.2008,0.20079107353466133,0.000005813668377661438,0.001,0.0009888419183266342,0.9990111580816734,0,0.2125637354020269
rare,independent,quality,reciprocal,pkpo,0.2008,0.20079999999999998,0,0.001,0.0010000000000000002,0.999,0,0.21270444654748763
rare,independent,quality,reciprocal,elite,0.2008,0.20079936126167833,4.982446491760931e-7,0.001,0.0009992015770978948,0.9990007984229021,0,0.21269437887826684
rare,independent,binary,identity,rloo,0.001,0.0010517523775186615,0.000041342846170868805,0.001,0.0010517523775186615,0.9989482476224815,0,0.01669581064508548
rare,independent,binary,identity,grpo,0.001,0.0012498015572352528,0.00016223919535673857,0.001,0.0012498015572352528,0.9987501984427647,0,0.019808404972561127
rare,independent,binary,identity,maxrl,0.001,0.19987829152585315,0.3426697940871246,0.001,0.19987829152585315,0.8001217084741468,0,0.3547349853856079
rare,independent,binary,identity,tailrl,0.001,0.19987829152585315,0.3426697940871246,0.001,0.19987829152585315,0.8001217084741468,0,0.3547349853856079
rare,independent,binary,identity,pkpo,0.001,0.0012588749016801267,0.00016871811114394148,0.001,0.0012588749016801267,0.99874112509832,0,0.0199507027216345
rare,independent,binary,identity,elite,0.001,0.001050872494914043,0.00004060912138375672,0.001,0.001050872494914043,0.998949127505086,0,0.016681957642460832
rare,independent,binary,log,rloo,0.001,0.0010517523775186615,0.000041342846170868805,0.001,0.0010517523775186615,0.9989482476224815,0,0.01669581064508548
rare,independent,binary,log,grpo,0.001,0.0012498015572352528,0.00016223919535673857,0.001,0.0012498015572352528,0.9987501984427647,0,0.019808404972561127
rare,independent,binary,log,maxrl,0.001,0.19987829152585315,0.3426697940871246,0.001,0.19987829152585315,0.8001217084741468,0,0.3547349853856079
rare,independent,binary,log,tailrl,0.001,0.19987829152585315,0.3426697940871246,0.001,0.19987829152585315,0.8001217084741468,0,0.3547349853856079
rare,independent,binary,log,pkpo,0.001,0.0012588749016801267,0.00016871811114394148,0.001,0.0012588749016801267,0.99874112509832,0,0.0199507027216345
rare,independent,binary,log,elite,0.001,0.001050872494914043,0.00004060912138375672,0.001,0.001050872494914043,0.998949127505086,0,0.016681957642460832
rare,independent,binary,square,rloo,0.001,0.0010517523775186615,0.000041342846170868805,0.001,0.0010517523775186615,0.9989482476224815,0,0.01669581064508548
rare,independent,binary,square,grpo,0.001,0.0012498015572352528,0.00016223919535673857,0.001,0.0012498015572352528,0.9987501984427647,0,0.019808404972561127
rare,independent,binary,square,maxrl,0.001,0.19987829152585315,0.3426697940871246,0.001,0.19987829152585315,0.8001217084741468,0,0.3547349853856079
rare,independent,binary,square,tailrl,0.001,0.19987829152585315,0.3426697940871246,0.001,0.19987829152585315,0.8001217084741468,0,0.3547349853856079
rare,independent,binary,square,pkpo,0.001,0.0012588749016801267,0.00016871811114394148,0.001,0.0012588749016801267,0.99874112509832,0,0.0199507027216345
rare,independent,binary,square,elite,0.001,0.001050872494914043,0.00004060912138375672,0.001,0.001050872494914043,0.998949127505086,0,0.016681957642460832
rare,independent,binary,ranknormal,rloo,0.001,0.001103936203416212,0.0000848348758778421,0.001,0.001103936203416212,0.9988960637965837,0,0.01751692211075902
rare,independent,binary,ranknormal,grpo,0.001,0.0012498015629537234,0.00016223919944285877,0.001,0.0012498015629537234,0.9987501984370463,0,0.019808405062252787
rare,independent,binary,ranknormal,maxrl,0.001,0.19987829152585315,0.3426697940871246,0.001,0.19987829152585315,0.8001217084741468,0,0.3547349853856079
rare,independent,binary,ranknormal,tailrl,0.001,0.6687969656967235,0.5015754373364427,0.001,0.6687969656967235,0.3312030343032764,0,0.9266090016667862
rare,independent,binary,ranknormal,pkpo,0.001,0.001757353743475569,0.0005568133936388923,0.001,0.001757353743475569,0.9982426462565245,0,0.027725917392905346
rare,independent,binary,ranknormal,elite,0.001,0.001050872494914043,0.00004060912138375672,0.001,0.001050872494914043,0.998949127505086,0,0.016681957642460832
rare,independent,binary,reciprocal,rloo,0.001,0.0009616390132035311,0.000024662788415288786,0.001,0.0009616390132035311,0.9990383609867964,0,0.015275702690708215
rare,independent,binary,reciprocal,grpo,0.001,0.0008693797492617542,0.00010503328415143382,0.001,0.0008693797492617542,0.9991306202507383,0,0.013818872261434412
rare,independent,binary,reciprocal,maxrl,0.001,0.19987829152585315,0.3426697940871246,0.001,0.19987829152585315,0.8001217084741468,0,0.3547349853856079
rare,independent,binary,reciprocal,tailrl,0.001,0.0009616390132035311,0.000024662788415288786,0.001,0.0009616390132035311,0.9990383609867964,0,0.015275702690708215
rare,independent,binary,reciprocal,pkpo,0.001,0.0010000000000000002,0,0.001,0.0010000000000000002,0.999,0,0.01588055818435996
rare,independent,binary,reciprocal,elite,0.001,0.0009992015770978948,6.228058114760938e-7,0.001,0.0009992015770978948,0.9990007984229021,0,0.01586797359783369
rare,independent,code,identity,rloo,0.001,0.0010517523775186615,0.000041342846170868805,0.001,0.0010517523775186615,0.9989482476224815,0,0.01669581064508548
rare,independent,code,identity,grpo,0.001,0.0012498015572352528,0.00016223919535673857,0.001,0.0012498015572352528,0.9987501984427647,0,0.019808404972561127
rare,independent,code,identity,maxrl,0.001,0.19987829152585315,0.3426697940871246,0.001,0.19987829152585315,0.8001217084741468,0,0.3547349853856079
rare,independent,code,identity,tailrl,0.001,0.19987829152585315,0.3426697940871246,0.001,0.19987829152585315,0.8001217084741468,0,0.3547349853856079
rare,independent,code,identity,pkpo,0.001,0.0012588749016801267,0.00016871811114394148,0.001,0.0012588749016801267,0.99874112509832,0,0.0199507027216345
rare,independent,code,identity,elite,0.001,0.001050872494914043,0.00004060912138375672,0.001,0.001050872494914043,0.998949127505086,0,0.016681957642460832
rare,independent,code,log,rloo,0.001,0.0010517523775186615,0.000041342846170868805,0.001,0.0010517523775186615,0.9989482476224815,0,0.01669581064508548
rare,independent,code,log,grpo,0.001,0.0012498015572352528,0.00016223919535673857,0.001,0.0012498015572352528,0.9987501984427647,0,0.019808404972561127
rare,independent,code,log,maxrl,0.001,0.19987829152585315,0.3426697940871246,0.001,0.19987829152585315,0.8001217084741468,0,0.3547349853856079
rare,independent,code,log,tailrl,0.001,0.19987829152585315,0.3426697940871246,0.001,0.19987829152585315,0.8001217084741468,0,0.3547349853856079
rare,independent,code,log,pkpo,0.001,0.0012588749016801267,0.00016871811114394148,0.001,0.0012588749016801267,0.99874112509832,0,0.0199507027216345
rare,independent,code,log,elite,0.001,0.001050872494914043,0.00004060912138375672,0.001,0.001050872494914043,0.998949127505086,0,0.016681957642460832
rare,independent,code,square,rloo,0.001,0.0010517523775186615,0.000041342846170868805,0.001,0.0010517523775186615,0.9989482476224815,0,0.01669581064508548
rare,independent,code,square,grpo,0.001,0.0012498015572352528,0.00016223919535673857,0.001,0.0012498015572352528,0.9987501984427647,0,0.019808404972561127
rare,independent,code,square,maxrl,0.001,0.19987829152585315,0.3426697940871246,0.001,0.19987829152585315,0.8001217084741468,0,0.3547349853856079
rare,independent,code,square,tailrl,0.001,0.19987829152585315,0.3426697940871246,0.001,0.19987829152585315,0.8001217084741468,0,0.3547349853856079
rare,independent,code,square,pkpo,0.001,0.0012588749016801267,0.00016871811114394148,0.001,0.0012588749016801267,0.99874112509832,0,0.0199507027216345
rare,independent,code,square,elite,0.001,0.001050872494914043,0.00004060912138375672,0.001,0.001050872494914043,0.998949127505086,0,0.016681957642460832
rare,independent,code,ranknormal,rloo,0.001,0.001103936203416212,0.0000848348758778421,0.001,0.001103936203416212,0.9988960637965837,0,0.01751692211075902
rare,independent,code,ranknormal,grpo,0.001,0.0012498015629537234,0.00016223919944285877,0.001,0.0012498015629537234,0.9987501984370463,0,0.019808405062252787
rare,independent,code,ranknormal,maxrl,0.001,0.19987829152585315,0.3426697940871246,0.001,0.19987829152585315,0.8001217084741468,0,0.3547349853856079
rare,independent,code,ranknormal,tailrl,0.001,0.6687969656967235,0.5015754373364427,0.001,0.6687969656967235,0.3312030343032764,0,0.9266090016667862
rare,independent,code,ranknormal,pkpo,0.001,0.001757353743475569,0.0005568133936388923,0.001,0.001757353743475569,0.9982426462565245,0,0.027725917392905346
rare,independent,code,ranknormal,elite,0.001,0.001050872494914043,0.00004060912138375672,0.001,0.001050872494914043,0.998949127505086,0,0.016681957642460832
rare,independent,code,reciprocal,rloo,0.001,0.0009616390132035311,0.000024662788415288786,0.001,0.0009616390132035311,0.9990383609867964,0,0.015275702690708215
rare,independent,code,reciprocal,grpo,0.001,0.0008693797492617542,0.00010503328415143382,0.001,0.0008693797492617542,0.9991306202507383,0,0.013818872261434412
rare,independent,code,reciprocal,maxrl,0.001,0.19987829152585315,0.3426697940871246,0.001,0.19987829152585315,0.8001217084741468,0,0.3547349853856079
rare,independent,code,reciprocal,tailrl,0.001,0.0009616390132035311,0.000024662788415288786,0.001,0.0009616390132035311,0.9990383609867964,0,0.015275702690708215
rare,independent,code,reciprocal,pkpo,0.001,0.0010000000000000002,0,0.001,0.0010000000000000002,0.999,0,0.01588055818435996
rare,independent,code,reciprocal,elite,0.001,0.0009992015770978948,6.228058114760938e-7,0.001,0.0009992015770978948,0.9990007984229021,0,0.01586797359783369
rare,shared,quality,identity,rloo,0.2008,0.2008740171048327,0.00006013934222851659,0.001,0.001092521381040836,0.9989074786189591,0,0.21386991380640033
rare,shared,quality,identity,grpo,0.2008,0.20148081872564205,0.0005112899717684164,0.001,0.001851023407052535,0.9981489765929474,0,0.22334156510242711
rare,shared,quality,identity,maxrl,0.2008,0.7928497858016555,0.32600017641739004,0.001,0.7410622322520695,0.25893776774793054,0,0.9982900736668032
rare,shared,quality,identity,tailrl,0.2008,0.7085599145583683,0.4361521682129392,0.001,0.6356998931979604,0.36430010680203956,0,0.7618499065518503
rare,shared,quality,identity,pkpo,0.2008,0.2012514683635698,0.00025501633169985573,0.001,0.0015643354544622329,0.9984356645455378,0,0.21978391539767453
rare,shared,quality,identity,elite,0.2008,0.2008922831295141,0.0000755974830097574,0.001,0.0011153539118925826,0.9988846460881075,0,0.21415716152765332
rare,shared,quality,log,rloo,0.2008,0.2008501647354438,0.00004026147725902938,0.001,0.0010627059193047284,0.9989372940806952,0,0.21349459488807898
rare,shared,quality,log,grpo,0.2008,0.20148081870600812,0.0005112899531629351,0.001,0.0018510233825101323,0.9981489766174899,0,0.22334156479873443
rare,shared,quality,log,maxrl,0.2008,0.7928497858016555,0.32600017641739004,0.001,0.7410622322520695,0.25893776774793054,0,0.9982900736668032
rare,shared,quality,log,tailrl,0.2008,0.44497792348110704,0.4210445025955928,0.001,0.30622240435138376,0.6937775956486162,0,0.4864414384929625
rare,shared,quality,log,pkpo,0.2008,0.2010567436427874,0.00017134895712672644,0.001,0.0013209295534842341,0.9986790704465157,0,0.21673853981039062
rare,shared,quality,log,elite,0.2008,0.2008922831295141,0.0000755974830097574,0.001,0.0011153539118925826,0.9988846460881075,0,0.21415716152765332
rare,shared,quality,square,rloo,0.2008,0.2008899558624645,0.00007367028458268916,0.001,0.0011124448280806093,0.9988875551719194,0,0.21412057087973999
rare,shared,quality,square,grpo,0.2008,0.20148081873369972,0.000511289979041821,0.001,0.0018510234171246322,0.9981489765828754,0,0.22334156522709622
rare,shared,quality,square,maxrl,0.2008,0.7928497858016555,0.32600017641739004,0.001,0.7410622322520695,0.25893776774793054,0,0.9982900736668032
rare,shared,quality,square,tailrl,0.2008,0.7803636042032394,0.3457511792882193,0.001,0.7254545052540492,0.27454549474595086,0,0.9956248980181325
rare,shared,quality,square,pkpo,0.2008,0.2014712678061401,0.0005026157017134419,0.001,0.0018390847576751628,0.9981609152423249,0,0.2231937764242374
rare,shared,quality,square,elite,0.2008,0.2008922831295141,0.0000755974830097574,0.001,0.0011153539118925826,0.9988846460881075,0,0.21415716152765332
rare,shared,quality,ranknormal,rloo,0.2008,0.2010207743238234,0.00014487671624419693,0.001,0.0012759679047792177,0.9987240320952209,0,0.2161749582386893
rare,shared,quality,ranknormal,grpo,0.2008,0.20148081875447657,0.0005112899976121701,0.001,0.0018510234430957253,0.9981489765569043,0,0.22334156554857823
rare,shared,quality,ranknormal,maxrl,0.2008,0.7928497858016555,0.32600017641739004,0.001,0.7410622322520695,0.25893776774793054,0,0.9982900736668032
rare,shared,quality,ranknormal,tailrl,0.2008,0.9930597296110738,0.002534408490802543,0.001,0.9913246620138422,0.008675337986157813,0,0.9999999999999994
rare,shared,quality,ranknormal,pkpo,0.2008,0.3960742911129235,0.3365207288313889,0.001,0.24509286389115437,0.7549071361088456,0,0.48537372618114105
rare,shared,quality,ranknormal,elite,0.2008,0.2008922831295141,0.0000755974830097574,0.001,0.0011153539118925826,0.9988846460881075,0,0.21415716152765332
rare,shared,quality,reciprocal,rloo,0.2008,0.20078074106248367,0.00001246704491264573,0.001,0.0009759263281045216,0.9990240736718956,0,0.21240082327664492
rare,shared,quality,reciprocal,grpo,0.2008,0.20059725828236255,0.00014881792143821933,0.001,0.0007465728529532026,0.9992534271470467,0,0.20950061812686369
rare,shared,quality,reciprocal,maxrl,0.2008,0.7928497858016555,0.32600017641739004,0.001,0.7410622322520695,0.25893776774793054,0,0.9982900736668032
rare,shared,quality,reciprocal,tailrl,0.2008,0.20078074106248367,0.00001246704491264573,0.001,0.0009759263281045216,0.9990240736718956,0,0.21240082327664492
rare,shared,quality,reciprocal,pkpo,0.2008,0.20079999999999998,0,0.001,0.0010000000000000002,0.999,0,0.21270444654748763
rare,shared,quality,reciprocal,elite,0.2008,0.20079861183045467,0.0000010818898271240135,0.001,0.0009982647880683313,0.9990017352119317,0,0.21268256627294682
rare,shared,binary,identity,rloo,0.001,0.0011175041987260981,0.00009642133253377935,0.001,0.0011175041987260981,0.9988824958012739,0,0.017730255918752807
rare,shared,binary,identity,grpo,0.001,0.0018510234188684627,0.0006391124754969783,0.001,0.0018510234188684627,0.9981489765811316,0,0.029176956560839257
rare,shared,binary,identity,maxrl,0.001,0.7410622322520695,0.40750022052173757,0.001,0.7410622322520695,0.25893776774793054,0,0.997862592083504
rare,shared,binary,identity,tailrl,0.001,0.7410622322520695,0.40750022052173757,0.001,0.7410622322520695,0.25893776774793054,0,0.997862592083504
rare,shared,binary,identity,pkpo,0.001,0.0018893691842281765,0.0006730589727816395,0.001,0.0018893691842281765,0.9981106308157718,0,0.02977005560747666
rare,shared,binary,identity,elite,0.001,0.0011153539118925826,0.0000944968537621873,0.001,0.0011153539118925826,0.9988846460881075,0,0.017696451909566664
rare,shared,binary,log,rloo,0.001,0.0011175041987260981,0.00009642133253377935,0.001,0.0011175041987260981,0.9988824958012739,0,0.017730255918752807
rare,shared,binary,log,grpo,0.001,0.0018510234188684627,0.0006391124754969783,0.001,0.0018510234188684627,0.9981489765811316,0,0.029176956560839257
rare,shared,binary,log,maxrl,0.001,0.7410622322520695,0.40750022052173757,0.001,0.7410622322520695,0.25893776774793054,0,0.997862592083504
rare,shared,binary,log,tailrl,0.001,0.7410622322520695,0.40750022052173757,0.001,0.7410622322520695,0.25893776774793054,0,0.997862592083504
rare,shared,binary,log,pkpo,0.001,0.0018893691842281765,0.0006730589727816395,0.001,0.0018893691842281765,0.9981106308157718,0,0.02977005560747666
rare,shared,binary,log,elite,0.001,0.0011153539118925826,0.0000944968537621873,0.001,0.0011153539118925826,0.9988846460881075,0,0.017696451909566664
rare,shared,binary,square,rloo,0.001,0.0011175041987260981,0.00009642133253377935,0.001,0.0011175041987260981,0.9988824958012739,0,0.017730255918752807
rare,shared,binary,square,grpo,0.001,0.0018510234188684627,0.0006391124754969783,0.001,0.0018510234188684627,0.9981489765811316,0,0.029176956560839257
rare,shared,binary,square,maxrl,0.001,0.7410622322520695,0.40750022052173757,0.001,0.7410622322520695,0.25893776774793054,0,0.997862592083504
rare,shared,binary,square,tailrl,0.001,0.7410622322520695,0.40750022052173757,0.001,0.7410622322520695,0.25893776774793054,0,0.997862592083504
rare,shared,binary,square,pkpo,0.001,0.0018893691842281765,0.0006730589727816395,0.001,0.0018893691842281765,0.9981106308157718,0,0.02977005560747666
rare,shared,binary,square,elite,0.001,0.0011153539118925826,0.0000944968537621873,0.001,0.0011153539118925826,0.9988846460881075,0,0.017696451909566664
rare,shared,binary,ranknormal,rloo,0.001,0.0012759679047792177,0.00018109589530522185,0.001,0.0012759679047792177,0.9987240320952209,0,0.020218697798361607
rare,shared,binary,ranknormal,grpo,0.001,0.0018510234430957253,0.0006391124970152142,0.001,0.0018510234430957253,0.9981489765569043,0,0.02917695693572279
rare,shared,binary,ranknormal,maxrl,0.001,0.7410622322520695,0.40750022052173757,0.001,0.7410622322520695,0.25893776774793054,0,0.997862592083504
rare,shared,binary,ranknormal,tailrl,0.001,0.9913246620138422,0.00316801061350321,0.001,0.9913246620138422,0.008675337986157813,0,0.9999999999999994
rare,shared,binary,ranknormal,pkpo,0.001,0.24509286389115437,0.4206509110392361,0.001,0.24509286389115437,0.7549071361088456,0,0.3567171577264263
rare,shared,binary,ranknormal,elite,0.001,0.0011153539118925826,0.0000944968537621873,0.001,0.0011153539118925826,0.9988846460881075,0,0.017696451909566664
rare,shared,binary,reciprocal,rloo,0.001,0.0009189256508296365,0.00005101986141306569,0.001,0.0009189256508296365,0.9990810743491704,0,0.014601707142248954
rare,shared,binary,reciprocal,grpo,0.001,0.0007465728304600659,0.0001860224153512827,0.001,0.0007465728304600659,0.9992534271695398,0,0.011875772302299303
rare,shared,binary,reciprocal,maxrl,0.001,0.7410622322520695,0.40750022052173757,0.001,0.7410622322520695,0.25893776774793054,0,0.997862592083504
rare,shared,binary,reciprocal,tailrl,0.001,0.0009189256508296365,0.00005101986141306569,0.001,0.0009189256508296365,0.9990810743491704,0,0.014601707142248954
rare,shared,binary,reciprocal,pkpo,0.001,0.0010000000000000002,0,0.001,0.0010000000000000002,0.999,0,0.01588055818435996
rare,shared,binary,reciprocal,elite,0.001,0.0009982647880683313,0.00000135236228390788,0.001,0.0009982647880683313,0.9990017352119317,0,0.01585320784118353
rare,shared,code,identity,rloo,0.001,0.0011175041987260981,0.00009642133253377935,0.001,0.0011175041987260981,0.9988824958012739,0,0.017730255918752807
rare,shared,code,identity,grpo,0.001,0.0018510234188684627,0.0006391124754969783,0.001,0.0018510234188684627,0.9981489765811316,0,0.029176956560839257
rare,shared,code,identity,maxrl,0.001,0.7410622322520695,0.40750022052173757,0.001,0.7410622322520695,0.25893776774793054,0,0.997862592083504
rare,shared,code,identity,tailrl,0.001,0.7410622322520695,0.40750022052173757,0.001,0.7410622322520695,0.25893776774793054,0,0.997862592083504
rare,shared,code,identity,pkpo,0.001,0.0018893691842281765,0.0006730589727816395,0.001,0.0018893691842281765,0.9981106308157718,0,0.02977005560747666
rare,shared,code,identity,elite,0.001,0.0011153539118925826,0.0000944968537621873,0.001,0.0011153539118925826,0.9988846460881075,0,0.017696451909566664
rare,shared,code,log,rloo,0.001,0.0011175041987260981,0.00009642133253377935,0.001,0.0011175041987260981,0.9988824958012739,0,0.017730255918752807
rare,shared,code,log,grpo,0.001,0.0018510234188684627,0.0006391124754969783,0.001,0.0018510234188684627,0.9981489765811316,0,0.029176956560839257
rare,shared,code,log,maxrl,0.001,0.7410622322520695,0.40750022052173757,0.001,0.7410622322520695,0.25893776774793054,0,0.997862592083504
rare,shared,code,log,tailrl,0.001,0.7410622322520695,0.40750022052173757,0.001,0.7410622322520695,0.25893776774793054,0,0.997862592083504
rare,shared,code,log,pkpo,0.001,0.0018893691842281765,0.0006730589727816395,0.001,0.0018893691842281765,0.9981106308157718,0,0.02977005560747666
rare,shared,code,log,elite,0.001,0.0011153539118925826,0.0000944968537621873,0.001,0.0011153539118925826,0.9988846460881075,0,0.017696451909566664
rare,shared,code,square,rloo,0.001,0.0011175041987260981,0.00009642133253377935,0.001,0.0011175041987260981,0.9988824958012739,0,0.017730255918752807
rare,shared,code,square,grpo,0.001,0.0018510234188684627,0.0006391124754969783,0.001,0.0018510234188684627,0.9981489765811316,0,0.029176956560839257
rare,shared,code,square,maxrl,0.001,0.7410622322520695,0.40750022052173757,0.001,0.7410622322520695,0.25893776774793054,0,0.997862592083504
rare,shared,code,square,tailrl,0.001,0.7410622322520695,0.40750022052173757,0.001,0.7410622322520695,0.25893776774793054,0,0.997862592083504
rare,shared,code,square,pkpo,0.001,0.0018893691842281765,0.0006730589727816395,0.001,0.0018893691842281765,0.9981106308157718,0,0.02977005560747666
rare,shared,code,square,elite,0.001,0.0011153539118925826,0.0000944968537621873,0.001,0.0011153539118925826,0.9988846460881075,0,0.017696451909566664
rare,shared,code,ranknormal,rloo,0.001,0.0012759679047792177,0.00018109589530522185,0.001,0.0012759679047792177,0.9987240320952209,0,0.020218697798361607
rare,shared,code,ranknormal,grpo,0.001,0.0018510234430957253,0.0006391124970152142,0.001,0.0018510234430957253,0.9981489765569043,0,0.02917695693572279
rare,shared,code,ranknormal,maxrl,0.001,0.7410622322520695,0.40750022052173757,0.001,0.7410622322520695,0.25893776774793054,0,0.997862592083504
rare,shared,code,ranknormal,tailrl,0.001,0.9913246620138422,0.00316801061350321,0.001,0.9913246620138422,0.008675337986157813,0,0.9999999999999994
rare,shared,code,ranknormal,pkpo,0.001,0.24509286389115437,0.4206509110392361,0.001,0.24509286389115437,0.7549071361088456,0,0.3567171577264263
rare,shared,code,ranknormal,elite,0.001,0.0011153539118925826,0.0000944968537621873,0.001,0.0011153539118925826,0.9988846460881075,0,0.017696451909566664
rare,shared,code,reciprocal,rloo,0.001,0.0009189256508296365,0.00005101986141306569,0.001,0.0009189256508296365,0.9990810743491704,0,0.014601707142248954
rare,shared,code,reciprocal,grpo,0.001,0.0007465728304600659,0.0001860224153512827,0.001,0.0007465728304600659,0.9992534271695398,0,0.011875772302299303
rare,shared,code,reciprocal,maxrl,0.001,0.7410622322520695,0.40750022052173757,0.001,0.7410622322520695,0.25893776774793054,0,0.997862592083504
rare,shared,code,reciprocal,tailrl,0.001,0.0009189256508296365,0.00005101986141306569,0.001,0.0009189256508296365,0.9990810743491704,0,0.014601707142248954
rare,shared,code,reciprocal,pkpo,0.001,0.0010000000000000002,0,0.001,0.0010000000000000002,0.999,0,0.01588055818435996
rare,shared,code,reciprocal,elite,0.001,0.0009982647880683313,0.00000135236228390788,0.001,0.0009982647880683313,0.9990017352119317,0,0.01585320784118353
rare,neural,quality,identity,rloo,0.2008,0.20087124814210155,0.000059105000958955826,0.001,0.0010890601776269307,0.9989109398223732,0,0.21382634189464
rare,neural,quality,identity,grpo,0.2008,0.20148209222430968,0.0005511867371985875,0.001,0.0018526152803870724,0.998147384719613,0,0.2233572519488178
rare,neural,quality,identity,maxrl,0.2008,0.995485646157388,0.0025810929160328374,0.001,0.994357057696735,0.005642942303265036,0,0.9999999999999988
rare,neural,quality,identity,tailrl,0.2008,0.6769435839183259,0.4198841712666674,0.001,0.5961794798979074,0.4038205201020926,0,0.7425182274365477
rare,neural,quality,identity,pkpo,0.2008,0.2012394251152012,0.00027242203134878747,0.001,0.001549281394001484,0.9984507186059984,0,0.2195947728387022
rare,neural,quality,identity,elite,0.2008,0.2008888955359532,0.00007432485904156855,0.001,0.0011111194199415178,0.9988888805800583,0,0.21410387681952273
rare,neural,quality,log,rloo,0.2008,0.20084825044814536,0.00003957025660855904,0.001,0.001060313060181643,0.9989396869398184,0,0.2134644557990304
rare,neural,quality,log,grpo,0.2008,0.2014820922029871,0.0005511867154429413,0.001,0.0018526152537338763,0.9981473847462663,0,0.22335725161933614
rare,neural,quality,log,maxrl,0.2008,0.995485646157388,0.0025810929160328374,0.001,0.994357057696735,0.005642942303265036,0,0.9999999999999988
rare,neural,quality,log,tailrl,0.2008,0.4658844514069756,0.457224532547501,0.001,0.33235556425871954,0.6676444357412804,0,0.4866090253652933
rare,neural,quality,log,pkpo,0.2008,0.20104343654796977,0.00017331021306306812,0.001,0.0013042956849622373,0.9986957043150376,0,0.21652971295690418
rare,neural,quality,log,elite,0.2008,0.2008888955359532,0.00007432485904156855,0.001,0.0011111194199415178,0.9988888805800583,0,0.21410387681952273
rare,neural,quality,square,rloo,0.2008,0.20088664326211392,0.00007241644621078324,0.001,0.001108304077642401,0.9988916959223575,0,0.21406846319602058
rare,neural,quality,square,grpo,0.2008,0.20148209223303462,0.0005511867457865022,0.001,0.0018526152912932848,0.9981473847087067,0,0.22335725208367152
rare,neural,quality,square,maxrl,0.2008,0.995485646157388,0.0025810929160328374,0.001,0.994357057696735,0.005642942303265036,0,0.9999999999999988
rare,neural,quality,square,tailrl,0.2008,0.9950099649632612,0.0029061925998141716,0.001,0.9937624562040765,0.00623754379592335,0,0.9999999999999988
rare,neural,quality,square,pkpo,0.2008,0.20147176579318746,0.0005409752922967991,0.001,0.0018397072414842997,0.9981602927585156,0,0.22319762518169048
rare,neural,quality,square,elite,0.2008,0.2008888955359532,0.00007432485904156855,0.001,0.0011111194199415178,0.9988888805800583,0,0.21410387681952273
rare,neural,quality,ranknormal,rloo,0.2008,0.201008926651335,0.00014607445915197815,0.001,0.0012611583141686775,0.9987388416858313,0,0.2159889359774074
rare,neural,quality,ranknormal,grpo,0.2008,0.20148209225551908,0.0005511867677574636,0.001,0.0018526153193988263,0.9981473846806012,0,0.22335725243120993
rare,neural,quality,ranknormal,maxrl,0.2008,0.995485646157388,0.0025810929160328374,0.001,0.994357057696735,0.005642942303265036,0,0.9999999999999988
rare,neural,quality,ranknormal,tailrl,0.2008,0.9976568089961383,0.001444932541036937,0.001,0.9970710112451728,0.002928988754827061,0,0.9999999999999988
rare,neural,quality,ranknormal,pkpo,0.2008,0.4283372064475195,0.392388917303633,0.001,0.28542150805939936,0.7145784919406006,0,0.48543686316962775
rare,neural,quality,ranknormal,elite,0.2008,0.2008888955359532,0.00007432485904156855,0.001,0.0011111194199415178,0.9988888805800583,0,0.21410387681952273
rare,neural,quality,reciprocal,rloo,0.2008,0.20078149969513226,0.000012547039536247027,0.001,0.0009768746189153129,0.9990231253810847,0,0.21241278463695515
rare,neural,quality,reciprocal,grpo,0.2008,0.20060706754409963,0.00014893026364899166,0.001,0.0007588344301245124,0.9992411655698756,0,0.20965580070382675
rare,neural,quality,reciprocal,maxrl,0.2008,0.995485646157388,0.0025810929160328374,0.001,0.994357057696735,0.005642942303265036,0,0.9999999999999988
rare,neural,quality,reciprocal,tailrl,0.2008,0.20078149969513226,0.000012547039536247027,0.001,0.0009768746189153129,0.9990231253810847,0,0.21241278463695515
rare,neural,quality,reciprocal,pkpo,0.2008,0.20079999999999998,0,0.001,0.001,0.999,0,0.21270444654748763
rare,neural,quality,reciprocal,elite,0.2008,0.2007986662829211,0.0000010649923357713673,0.001,0.0009983328536513254,0.9990016671463486,0,0.21268342456040204
rare,neural,binary,identity,rloo,0.001,0.0011131958235908676,0.00009478703363988793,0.001,0.0011131958235908676,0.9988868041764092,0,0.017662490767601808
rare,neural,binary,identity,grpo,0.001,0.001852615293190095,0.0006889834342050804,0.001,0.001852615293190095,0.9981473847068099,0,0.029196565133896197
rare,neural,binary,identity,maxrl,0.001,0.994357057696735,0.0032263661450411176,0.001,0.994357057696735,0.005642942303265036,0,0.9999999999999988
rare,neural,binary,identity,tailrl,0.001,0.994357057696735,0.0032263661450411176,0.001,0.994357057696735,0.0056429423032650404,0,0.9999999999999988
rare,neural,binary,identity,pkpo,0.001,0.0018942648308798488,0.0007294932556216277,0.001,0.0018942648308798488,0.9981057351691202,0,0.029840028859859258
rare,neural,binary,identity,elite,0.001,0.0011111194199415178,0.00009290607380196486,0.001,0.0011111194199415178,0.9988888805800583,0,0.017629846024403577
rare,neural,binary,log,rloo,0.001,0.0011131958235908676,0.00009478703363988793,0.001,0.0011131958235908676,0.9988868041764092,0,0.017662490767601808
rare,neural,binary,log,grpo,0.001,0.001852615293190095,0.0006889834342050804,0.001,0.001852615293190095,0.9981473847068099,0,0.029196565133896197
rare,neural,binary,log,maxrl,0.001,0.994357057696735,0.0032263661450411176,0.001,0.994357057696735,0.005642942303265036,0,0.9999999999999988
rare,neural,binary,log,tailrl,0.001,0.994357057696735,0.0032263661450411176,0.001,0.994357057696735,0.0056429423032650404,0,0.9999999999999988
rare,neural,binary,log,pkpo,0.001,0.0018942648308798488,0.0007294932556216277,0.001,0.0018942648308798488,0.9981057351691202,0,0.029840028859859258
rare,neural,binary,log,elite,0.001,0.0011111194199415178,0.00009290607380196486,0.001,0.0011111194199415178,0.9988888805800583,0,0.017629846024403577
rare,neural,binary,square,rloo,0.001,0.0011131958235908676,0.00009478703363988793,0.001,0.0011131958235908676,0.9988868041764092,0,0.017662490767601808
rare,neural,binary,square,grpo,0.001,0.001852615293190095,0.0006889834342050804,0.001,0.001852615293190095,0.9981473847068099,0,0.029196565133896197
rare,neural,binary,square,maxrl,0.001,0.994357057696735,0.0032263661450411176,0.001,0.994357057696735,0.005642942303265036,0,0.9999999999999988
rare,neural,binary,square,tailrl,0.001,0.994357057696735,0.0032263661450411176,0.001,0.994357057696735,0.0056429423032650404,0,0.9999999999999988
rare,neural,binary,square,pkpo,0.001,0.0018942648308798488,0.0007294932556216277,0.001,0.0018942648308798488,0.9981057351691202,0,0.029840028859859258
rare,neural,binary,square,elite,0.001,0.0011111194199415178,0.00009290607380196486,0.001,0.0011111194199415178,0.9988888805800583,0,0.017629846024403577
rare,neural,binary,ranknormal,rloo,0.001,0.0012611583141686775,0.00018259307393997802,0.001,0.0012611583141686775,0.9987388416858313,0,0.019986169971759244
rare,neural,binary,ranknormal,grpo,0.001,0.0018526153193988263,0.0006889834596968197,0.001,0.0018526153193988263,0.9981473846806012,0,0.029196565539012547
rare,neural,binary,ranknormal,maxrl,0.001,0.994357057696735,0.0032263661450411176,0.001,0.994357057696735,0.005642942303265036,0,0.9999999999999988
rare,neural,binary,ranknormal,tailrl,0.001,0.9970710112451728,0.0018061656762961844,0.001,0.9970710112451728,0.002928988754827061,0,0.9999999999999988
rare,neural,binary,ranknormal,pkpo,0.001,0.28542150805939936,0.4904861466295412,0.001,0.28542150805939936,0.7145784919406006,0,0.35679607896203497
rare,neural,binary,ranknormal,elite,0.001,0.0011111194199415178,0.00009290607380196486,0.001,0.0011111194199415178,0.9988888805800583,0,0.017629846024403577
rare,neural,binary,reciprocal,rloo,0.001,0.0009221490751929631,0.000051575229684418796,0.001,0.0009221490751929631,0.9990778509248069,0,0.014652569873560006
rare,neural,binary,reciprocal,grpo,0.001,0.0007588344083874244,0.0001861628438843135,0.001,0.0007588344083874244,0.9992411655916126,0,0.012069750535505705
rare,neural,binary,reciprocal,maxrl,0.001,0.994357057696735,0.0032263661450411176,0.001,0.994357057696735,0.005642942303265036,0,0.9999999999999988
rare,neural,binary,reciprocal,tailrl,0.001,0.0009221490751929631,0.000051575229684418796,0.001,0.0009221490751929631,0.9990778509248069,0,0.014652569873560006
rare,neural,binary,reciprocal,pkpo,0.001,0.001,5.0853589566608105e-19,0.001,0.001,0.999,0,0.01588055818435996
rare,neural,binary,reciprocal,elite,0.001,0.0009983328536513254,0.0000013312404196933956,0.001,0.0009983328536513254,0.9990016671463486,0,0.015854280700502654
rare,neural,code,identity,rloo,0.001,0.0011131958235908676,0.00009478703363988793,0.001,0.0011131958235908676,0.9988868041764092,0,0.017662490767601808
rare,neural,code,identity,grpo,0.001,0.001852615293190095,0.0006889834342050804,0.001,0.001852615293190095,0.9981473847068099,0,0.029196565133896197
rare,neural,code,identity,maxrl,0.001,0.994357057696735,0.0032263661450411176,0.001,0.994357057696735,0.005642942303265036,0,0.9999999999999988
rare,neural,code,identity,tailrl,0.001,0.994357057696735,0.0032263661450411176,0.001,0.994357057696735,0.0056429423032650404,0,0.9999999999999988
rare,neural,code,identity,pkpo,0.001,0.0018942648308798488,0.0007294932556216277,0.001,0.0018942648308798488,0.9981057351691202,0,0.029840028859859258
rare,neural,code,identity,elite,0.001,0.0011111194199415178,0.00009290607380196486,0.001,0.0011111194199415178,0.9988888805800583,0,0.017629846024403577
rare,neural,code,log,rloo,0.001,0.0011131958235908676,0.00009478703363988793,0.001,0.0011131958235908676,0.9988868041764092,0,0.017662490767601808
rare,neural,code,log,grpo,0.001,0.001852615293190095,0.0006889834342050804,0.001,0.001852615293190095,0.9981473847068099,0,0.029196565133896197
rare,neural,code,log,maxrl,0.001,0.994357057696735,0.0032263661450411176,0.001,0.994357057696735,0.005642942303265036,0,0.9999999999999988
rare,neural,code,log,tailrl,0.001,0.994357057696735,0.0032263661450411176,0.001,0.994357057696735,0.0056429423032650404,0,0.9999999999999988
rare,neural,code,log,pkpo,0.001,0.0018942648308798488,0.0007294932556216277,0.001,0.0018942648308798488,0.9981057351691202,0,0.029840028859859258
rare,neural,code,log,elite,0.001,0.0011111194199415178,0.00009290607380196486,0.001,0.0011111194199415178,0.9988888805800583,0,0.017629846024403577
rare,neural,code,square,rloo,0.001,0.0011131958235908676,0.00009478703363988793,0.001,0.0011131958235908676,0.9988868041764092,0,0.017662490767601808
rare,neural,code,square,grpo,0.001,0.001852615293190095,0.0006889834342050804,0.001,0.001852615293190095,0.9981473847068099,0,0.029196565133896197
rare,neural,code,square,maxrl,0.001,0.994357057696735,0.0032263661450411176,0.001,0.994357057696735,0.005642942303265036,0,0.9999999999999988
rare,neural,code,square,tailrl,0.001,0.994357057696735,0.0032263661450411176,0.001,0.994357057696735,0.0056429423032650404,0,0.9999999999999988
rare,neural,code,square,pkpo,0.001,0.0018942648308798488,0.0007294932556216277,0.001,0.0018942648308798488,0.9981057351691202,0,0.029840028859859258
rare,neural,code,square,elite,0.001,0.0011111194199415178,0.00009290607380196486,0.001,0.0011111194199415178,0.9988888805800583,0,0.017629846024403577
rare,neural,code,ranknormal,rloo,0.001,0.0012611583141686775,0.00018259307393997802,0.001,0.0012611583141686775,0.9987388416858313,0,0.019986169971759244
rare,neural,code,ranknormal,grpo,0.001,0.0018526153193988263,0.0006889834596968197,0.001,0.0018526153193988263,0.9981473846806012,0,0.029196565539012547
rare,neural,code,ranknormal,maxrl,0.001,0.994357057696735,0.0032263661450411176,0.001,0.994357057696735,0.005642942303265036,0,0.9999999999999988
rare,neural,code,ranknormal,tailrl,0.001,0.9970710112451728,0.0018061656762961844,0.001,0.9970710112451728,0.002928988754827061,0,0.9999999999999988
rare,neural,code,ranknormal,pkpo,0.001,0.28542150805939936,0.4904861466295412,0.001,0.28542150805939936,0.7145784919406006,0,0.35679607896203497
rare,neural,code,ranknormal,elite,0.001,0.0011111194199415178,0.00009290607380196486,0.001,0.0011111194199415178,0.9988888805800583,0,0.017629846024403577
rare,neural,code,reciprocal,rloo,0.001,0.0009221490751929631,0.000051575229684418796,0.001,0.0009221490751929631,0.9990778509248069,0,0.014652569873560006
rare,neural,code,reciprocal,grpo,0.001,0.0007588344083874244,0.0001861628438843135,0.001,0.0007588344083874244,0.9992411655916126,0,0.012069750535505705
rare,neural,code,reciprocal,maxrl,0.001,0.994357057696735,0.0032263661450411176,0.001,0.994357057696735,0.005642942303265036,0,0.9999999999999988
rare,neural,code,reciprocal,tailrl,0.001,0.0009221490751929631,0.000051575229684418796,0.001,0.0009221490751929631,0.9990778509248069,0,0.014652569873560006
rare,neural,code,reciprocal,pkpo,0.001,0.001,5.0853589566608105e-19,0.001,0.001,0.999,0,0.01588055818435996
rare,neural,code,reciprocal,elite,0.001,0.0009983328536513254,0.0000013312404196933956,0.001,0.0009983328536513254,0.9990016671463486,0,0.015854280700502654
narrow,independent,quality,identity,rloo,0.5,0.5046790339477365,0.00007529273243991617,0,0,0,1,0.5495599810236161
narrow,independent,quality,identity,grpo,0.5,0.5492310160530612,0.00009656346046044645,0,0,0,1,0.5499999999999915
narrow,independent,quality,identity,maxrl,0.5,0.49999999999999983,6.798699777552591e-17,0,0,0,0.9999999999999997,0.5485926251161172
narrow,independent,quality,identity,tailrl,0.5,0.5164770071685131,0.000058295060057570696,0,0,0,1,0.549997936514209
narrow,independent,quality,identity,pkpo,0.5,0.5056219598526966,0.000027160893286550565,0,0,0,1,0.5498579015653202
narrow,independent,quality,identity,elite,0.5,0.54685576055446,0.000018877903690260795,0,0,0,1,0.5499999999999915
narrow,independent,quality,log,rloo,0.5,0.5032207418669629,0.000041707460077267115,0,0,0,1,0.5493166005577669
narrow,independent,quality,log,grpo,0.5,0.5492450874940102,0.0000861244493042914,0,0,0,1,0.55
narrow,independent,quality,log,maxrl,0.5,0.49999999999999983,6.798699777552591e-17,0,0,0,0.9999999999999997,0.5485926251161172
narrow,independent,quality,log,tailrl,0.5,0.5110865651340796,0.0001251981855512321,0,0,0,1,0.5499758192088908
narrow,independent,quality,log,pkpo,0.5,0.5036884929584714,0.00004463290353398989,0,0,0,1,0.5496846118130224
narrow,independent,quality,log,elite,0.5,0.54685576055446,0.000018877903690260795,0,0,0,1,0.5499999999999915
narrow,independent,quality,square,rloo,0.5,0.5047702245002537,0.000075974931535673,0,0,0,1,0.5495910106215999
narrow,independent,quality,square,grpo,0.5,0.5492286766535827,0.00010288022492897442,0,0,0,1,0.5499999999999915
narrow,independent,quality,square,maxrl,0.5,0.49999999999999983,6.798699777552591e-17,0,0,0,0.9999999999999997,0.5485926251161172
narrow,independent,quality,square,tailrl,0.5,0.5170720741701555,0.00006558564209699488,0,0,0,1,0.5499985446629744
narrow,independent,quality,square,pkpo,0.5,0.5059069281293352,0.000020251308067175478,0,0,0,1,0.549874125091658
narrow,independent,quality,square,elite,0.5,0.54685576055446,0.000018877903690260795,0,0,0,1,0.5499999999999915
narrow,independent,quality,ranknormal,rloo,0.5,0.5485869677062876,0.00002002086596149047,0,0,0,1,0.5499999999999997
narrow,independent,quality,ranknormal,grpo,0.5,0.5492289915353123,0.00010046943037129614,0,0,0,1,0.55
narrow,independent,quality,ranknormal,maxrl,0.5,0.49999999999999983,6.798699777552591e-17,0,0,0,0.9999999999999997,0.5485926251161172
narrow,independent,quality,ranknormal,tailrl,0.5,0.5488077091051835,0.00006575246684747104,0,0,0,1,0.5499999999999997
narrow,independent,quality,ranknormal,pkpo,0.5,0.5332837697845401,0.0003926831841113309,0,0,0,1,0.5499999999914071
narrow,independent,quality,ranknormal,elite,0.5,0.54685576055446,0.000018877903690260795,0,0,0,1,0.5499999999999915
narrow,independent,quality,reciprocal,rloo,0.5,0.4986406382346913,0.00003686591191482104,0,0,0,1,0.5482218705826694
narrow,independent,quality,reciprocal,grpo,0.5,0.45066913460350677,0.000049351057182050025,0,0,0,1,0.46006558112593027
narrow,independent,quality,reciprocal,maxrl,0.5,0.49999999999999983,6.798699777552591e-17,0,0,0,0.9999999999999997,0.5485926251161172
narrow,independent,quality,reciprocal,tailrl,0.5,0.49532500755550773,0.000017672929746765165,0,0,0,1,0.5480889056030488
narrow,independent,quality,reciprocal,pkpo,0.5,0.4984231125029948,0.000015760609220390554,0,0,0,1,0.5485911382015844
narrow,independent,quality,reciprocal,elite,0.5,0.45320183936345665,0.00008543679038094271,0,0,0,1,0.48929264736814976
narrow,independent,binary,identity,rloo,0,0,0,0,0,0.9999999999999997,0,0
narrow,independent,binary,identity,grpo,0,0,0,0,0,0.9999999999999997,0,0
narrow,independent,binary,identity,maxrl,0,0,0,0,0,0.9999999999999997,0,0
narrow,independent,binary,identity,tailrl,0,0,0,0,0,0.9999999999999997,0,0
narrow,independent,binary,identity,pkpo,0,0,0,0,0,0.9999999999999997,0,0
narrow,independent,binary,identity,elite,0,0,0,0,0,0.9999999999999997,0,0
narrow,independent,binary,log,rloo,0,0,0,0,0,0.9999999999999997,0,0
narrow,independent,binary,log,grpo,0,0,0,0,0,0.9999999999999997,0,0
narrow,independent,binary,log,maxrl,0,0,0,0,0,0.9999999999999997,0,0
narrow,independent,binary,log,tailrl,0,0,0,0,0,0.9999999999999997,0,0
narrow,independent,binary,log,pkpo,0,0,0,0,0,0.9999999999999997,0,0
narrow,independent,binary,log,elite,0,0,0,0,0,0.9999999999999997,0,0
narrow,independent,binary,square,rloo,0,0,0,0,0,0.9999999999999997,0,0
narrow,independent,binary,square,grpo,0,0,0,0,0,0.9999999999999997,0,0
narrow,independent,binary,square,maxrl,0,0,0,0,0,0.9999999999999997,0,0
narrow,independent,binary,square,tailrl,0,0,0,0,0,0.9999999999999997,0,0
narrow,independent,binary,square,pkpo,0,0,0,0,0,0.9999999999999997,0,0
narrow,independent,binary,square,elite,0,0,0,0,0,0.9999999999999997,0,0
narrow,independent,binary,ranknormal,rloo,0,0,0,0,0,0.9999999999999997,0,0
narrow,independent,binary,ranknormal,grpo,0,0,0,0,0,0.9999999999999997,0,0
narrow,independent,binary,ranknormal,maxrl,0,0,0,0,0,0.9999999999999997,0,0
narrow,independent,binary,ranknormal,tailrl,0,0,0,0,0,0.9999999999999997,0,0
narrow,independent,binary,ranknormal,pkpo,0,0,0,0,0,0.9999999999999997,0,0
narrow,independent,binary,ranknormal,elite,0,0,0,0,0,0.9999999999999997,0,0
narrow,independent,binary,reciprocal,rloo,0,0,0,0,0,0.9999999999999997,0,0
narrow,independent,binary,reciprocal,grpo,0,0,0,0,0,0.9999999999999997,0,0
narrow,independent,binary,reciprocal,maxrl,0,0,0,0,0,0.9999999999999997,0,0
narrow,independent,binary,reciprocal,tailrl,0,0,0,0,0,0.9999999999999997,0,0
narrow,independent,binary,reciprocal,pkpo,0,0,0,0,0,0.9999999999999997,0,0
narrow,independent,binary,reciprocal,elite,0,0,0,0,0,0.9999999999999997,0,0
narrow,independent,code,identity,rloo,0.35,0.3499999999999999,0,0,0,0,0.9999999999999997,0.3499999999999987
narrow,independent,code,identity,grpo,0.35,0.3499999999999999,9.614813431917819e-17,0,0,0,1,0.3499999999999937
narrow,independent,code,identity,maxrl,0.35,0.3499999999999999,0,0,0,0,0.9999999999999997,0.3499999999999987
narrow,independent,code,identity,tailrl,0.35,0.3499999999999999,0,0,0,0,0.9999999999999997,0.3499999999999987
narrow,independent,code,identity,pkpo,0.35,0.3499999999999999,0,0,0,0,0.9999999999999997,0.3499999999999987
narrow,independent,code,identity,elite,0.35,0.3499999999999999,0,0,0,0,0.9999999999999997,0.3499999999999987
narrow,independent,code,log,rloo,0.35,0.3499999999999999,0,0,0,0,0.9999999999999997,0.3499999999999987
narrow,independent,code,log,grpo,0.35,0.3499999999999999,7.850462293418876e-17,0,0,0,0.9999999999999999,0.3499999999999992
narrow,independent,code,log,maxrl,0.35,0.3499999999999999,0,0,0,0,0.9999999999999997,0.3499999999999987
narrow,independent,code,log,tailrl,0.35,0.3499999999999999,0,0,0,0,0.9999999999999997,0.3499999999999987
narrow,independent,code,log,pkpo,0.35,0.3499999999999999,0,0,0,0,0.9999999999999997,0.3499999999999987
narrow,independent,code,log,elite,0.35,0.3499999999999999,0,0,0,0,0.9999999999999997,0.3499999999999987
narrow,independent,code,square,rloo,0.35,0.3499999999999999,0,0,0,0,0.9999999999999997,0.3499999999999987
narrow,independent,code,square,grpo,0.35,0.3499999999999999,9.614813431917819e-17,0,0,0,1,0.3499999999999999
narrow,independent,code,square,maxrl,0.35,0.3499999999999999,0,0,0,0,0.9999999999999997,0.3499999999999987
narrow,independent,code,square,tailrl,0.35,0.3499999999999999,0,0,0,0,0.9999999999999997,0.3499999999999987
narrow,independent,code,square,pkpo,0.35,0.3499999999999999,0,0,0,0,0.9999999999999997,0.3499999999999987
narrow,independent,code,square,elite,0.35,0.3499999999999999,0,0,0,0,0.9999999999999997,0.3499999999999987
narrow,independent,code,ranknormal,rloo,0.35,0.3499999999999999,0,0,0,0,0.9999999999999997,0.3499999999999987
narrow,independent,code,ranknormal,grpo,0.35,0.3499999999999999,0,0,0,0,0.9999999999999997,0.3499999999999987
narrow,independent,code,ranknormal,maxrl,0.35,0.3499999999999999,0,0,0,0,0.9999999999999997,0.3499999999999987
narrow,independent,code,ranknormal,tailrl,0.35,0.3499999999999999,0,0,0,0,0.9999999999999997,0.3499999999999987
narrow,independent,code,ranknormal,pkpo,0.35,0.3499999999999999,0,0,0,0,0.9999999999999997,0.3499999999999987
narrow,independent,code,ranknormal,elite,0.35,0.3499999999999999,0,0,0,0,0.9999999999999997,0.3499999999999987
narrow,independent,code,reciprocal,rloo,0.35,0.3499999999999999,0,0,0,0,0.9999999999999997,0.3499999999999987
narrow,independent,code,reciprocal,grpo,0.35,0.3499999999999999,9.614813431917819e-17,0,0,0,1,0.3499999999999937
narrow,independent,code,reciprocal,maxrl,0.35,0.3499999999999999,0,0,0,0,0.9999999999999997,0.3499999999999987
narrow,independent,code,reciprocal,tailrl,0.35,0.3499999999999999,0,0,0,0,0.9999999999999997,0.3499999999999987
narrow,independent,code,reciprocal,pkpo,0.35,0.3499999999999999,0,0,0,0,0.9999999999999997,0.3499999999999987
narrow,independent,code,reciprocal,elite,0.35,0.3499999999999999,0,0,0,0,0.9999999999999997,0.3499999999999987
narrow,shared,quality,identity,rloo,0.5,0.5009445958946037,0.00002155728512907031,0,0,0,1,0.5488394089424203
narrow,shared,quality,identity,grpo,0.5,0.5259157178383905,0.00014334694351427241,0,0,0,1,0.54999987395795
narrow,shared,quality,identity,maxrl,0.5,0.49999999999999983,6.798699777552591e-17,0,0,0,0.9999999999999997,0.5485926251161172
narrow,shared,quality,identity,tailrl,0.5,0.502806354564674,0.0000335428805671949,0,0,0,1,0.5492267506280862
narrow,shared,quality,identity,pkpo,0.5,0.5009851815807895,0.000008335682210620905,0,0,0,1,0.5488510378890911
narrow,shared,quality,identity,elite,0.5,0.5260529730618424,0.0008589363607235165,0,0,0,1,0.5499998761424619
narrow,shared,quality,log,rloo,0.5,0.5006723529046658,0.000016135886467770538,0,0,0,1,0.5487720529177583
narrow,shared,quality,log,grpo,0.5,0.5259029109363658,0.00014362354572845177,0,0,0,1,0.5499998728711745
narrow,shared,quality,log,maxrl,0.5,0.49999999999999983,6.798699777552591e-17,0,0,0,0.9999999999999997,0.5485926251161172
narrow,shared,quality,log,tailrl,0.5,0.5019694914472834,0.00002318103606307571,0,0,0,1,0.5490685710993359
narrow,shared,quality,log,pkpo,0.5,0.5006751730608686,0.00000631717456819047,0,0,0,1,0.5487741757461363
narrow,shared,quality,log,elite,0.5,0.5260529730618424,0.0008589363607235165,0,0,0,1,0.5499998761424619
narrow,shared,quality,square,rloo,0.5,0.5009454883290617,0.000021985994134937732,0,0,0,1,0.548839718695168
narrow,shared,quality,square,grpo,0.5,0.5259119434449792,0.00014345941217328432,0,0,0,1,0.5499998738124003
narrow,shared,quality,square,maxrl,0.5,0.49999999999999983,6.798699777552591e-17,0,0,0,0.9999999999999997,0.5485926251161172
narrow,shared,quality,square,tailrl,0.5,0.5028859083580693,0.00003904133392985539,0,0,0,1,0.5492406849286687
narrow,shared,quality,square,pkpo,0.5,0.5010322182655859,0.000008943802563671019,0,0,0,1,0.5488623607283704
narrow,shared,quality,square,elite,0.5,0.5260529730618424,0.0008589363607235165,0,0,0,1,0.5499998761424619
narrow,shared,quality,ranknormal,rloo,0.5,0.5218948439622099,0.00015184644165390932,0,0,0,1,0.5499988673825261
narrow,shared,quality,ranknormal,grpo,0.5,0.5259052673179619,0.00014486647680134407,0,0,0,1,0.5499998731328034
narrow,shared,quality,ranknormal,maxrl,0.5,0.49999999999999983,6.798699777552591e-17,0,0,0,0.9999999999999997,0.5485926251161172
narrow,shared,quality,ranknormal,tailrl,0.5,0.5344487108188872,0.00018274469632688605,0,0,0,1,0.549999999809804
narrow,shared,quality,ranknormal,pkpo,0.5,0.518734333152561,0.00005177506282050248,0,0,0,1,0.5499951977147762
narrow,shared,quality,ranknormal,elite,0.5,0.5260529730618424,0.0008589363607235165,0,0,0,1,0.5499998761424619
narrow,shared,quality,reciprocal,rloo,0.5,0.49971721255551715,0.00000779686292938654,0,0,0,1,0.5485112952657367
narrow,shared,quality,reciprocal,grpo,0.5,0.4741443275000045,0.00015366904611398117,0,0,0,1,0.5218169419391451
narrow,shared,quality,reciprocal,maxrl,0.5,0.49999999999999983,6.798699777552591e-17,0,0,0,0.9999999999999997,0.5485926251161172
narrow,shared,quality,reciprocal,tailrl,0.5,0.4991169540336402,0.0000024291359258092383,0,0,0,1,0.5483278749475842
narrow,shared,quality,reciprocal,pkpo,0.5,0.49968977541152837,0.0000027088948383812827,0,0,0,1,0.5485039177853506
narrow,shared,quality,reciprocal,elite,0.5,0.4743251907098894,0.0004957791315048345,0,0,0,1,0.5222609129340944
narrow,shared,binary,identity,rloo,0,0,0,0,0,0.9999999999999997,0,0
narrow,shared,binary,identity,grpo,0,0,0,0,0,0.9999999999999997,0,0
narrow,shared,binary,identity,maxrl,0,0,0,0,0,0.9999999999999997,0,0
narrow,shared,binary,identity,tailrl,0,0,0,0,0,0.9999999999999997,0,0
narrow,shared,binary,identity,pkpo,0,0,0,0,0,0.9999999999999997,0,0
narrow,shared,binary,identity,elite,0,0,0,0,0,0.9999999999999997,0,0
narrow,shared,binary,log,rloo,0,0,0,0,0,0.9999999999999997,0,0
narrow,shared,binary,log,grpo,0,0,0,0,0,0.9999999999999997,0,0
narrow,shared,binary,log,maxrl,0,0,0,0,0,0.9999999999999997,0,0
narrow,shared,binary,log,tailrl,0,0,0,0,0,0.9999999999999997,0,0
narrow,shared,binary,log,pkpo,0,0,0,0,0,0.9999999999999997,0,0
narrow,shared,binary,log,elite,0,0,0,0,0,0.9999999999999997,0,0
narrow,shared,binary,square,rloo,0,0,0,0,0,0.9999999999999997,0,0
narrow,shared,binary,square,grpo,0,0,0,0,0,0.9999999999999997,0,0
narrow,shared,binary,square,maxrl,0,0,0,0,0,0.9999999999999997,0,0
narrow,shared,binary,square,tailrl,0,0,0,0,0,0.9999999999999997,0,0
narrow,shared,binary,square,pkpo,0,0,0,0,0,0.9999999999999997,0,0
narrow,shared,binary,square,elite,0,0,0,0,0,0.9999999999999997,0,0
narrow,shared,binary,ranknormal,rloo,0,0,0,0,0,0.9999999999999997,0,0
narrow,shared,binary,ranknormal,grpo,0,0,0,0,0,0.9999999999999997,0,0
narrow,shared,binary,ranknormal,maxrl,0,0,0,0,0,0.9999999999999997,0,0
narrow,shared,binary,ranknormal,tailrl,0,0,0,0,0,0.9999999999999997,0,0
narrow,shared,binary,ranknormal,pkpo,0,0,0,0,0,0.9999999999999997,0,0
narrow,shared,binary,ranknormal,elite,0,0,0,0,0,0.9999999999999997,0,0
narrow,shared,binary,reciprocal,rloo,0,0,0,0,0,0.9999999999999997,0,0
narrow,shared,binary,reciprocal,grpo,0,0,0,0,0,0.9999999999999997,0,0
narrow,shared,binary,reciprocal,maxrl,0,0,0,0,0,0.9999999999999997,0,0
narrow,shared,binary,reciprocal,tailrl,0,0,0,0,0,0.9999999999999997,0,0
narrow,shared,binary,reciprocal,pkpo,0,0,0,0,0,0.9999999999999997,0,0
narrow,shared,binary,reciprocal,elite,0,0,0,0,0,0.9999999999999997,0,0
narrow,shared,code,identity,rloo,0.35,0.3499999999999999,0,0,0,0,0.9999999999999997,0.3499999999999987
narrow,shared,code,identity,grpo,0.35,0.3499999999999999,6.798699777552591e-17,0,0,0,1,0.3499999999999995
narrow,shared,code,identity,maxrl,0.35,0.3499999999999999,0,0,0,0,0.9999999999999997,0.3499999999999987
narrow,shared,code,identity,tailrl,0.35,0.3499999999999999,0,0,0,0,0.9999999999999997,0.3499999999999987
narrow,shared,code,identity,pkpo,0.35,0.3499999999999999,0,0,0,0,0.9999999999999997,0.3499999999999987
narrow,shared,code,identity,elite,0.35,0.3499999999999999,0,0,0,0,0.9999999999999997,0.3499999999999987
narrow,shared,code,log,rloo,0.35,0.3499999999999999,0,0,0,0,0.9999999999999997,0.3499999999999987
narrow,shared,code,log,grpo,0.35,0.3499999999999999,5.551115123125783e-17,0,0,0,1,0.3499999999999998
narrow,shared,code,log,maxrl,0.35,0.3499999999999999,0,0,0,0,0.9999999999999997,0.3499999999999987
narrow,shared,code,log,tailrl,0.35,0.3499999999999999,0,0,0,0,0.9999999999999997,0.3499999999999987
narrow,shared,code,log,pkpo,0.35,0.3499999999999999,0,0,0,0,0.9999999999999997,0.3499999999999987
narrow,shared,code,log,elite,0.35,0.3499999999999999,0,0,0,0,0.9999999999999997,0.3499999999999987
narrow,shared,code,square,rloo,0.35,0.3499999999999999,0,0,0,0,0.9999999999999997,0.3499999999999987
narrow,shared,code,square,grpo,0.35,0.3499999999999999,9.614813431917819e-17,0,0,0,1,0.34999999999999326
narrow,shared,code,square,maxrl,0.35,0.3499999999999999,0,0,0,0,0.9999999999999997,0.3499999999999987
narrow,shared,code,square,tailrl,0.35,0.3499999999999999,0,0,0,0,0.9999999999999997,0.3499999999999987
narrow,shared,code,square,pkpo,0.35,0.3499999999999999,0,0,0,0,0.9999999999999997,0.3499999999999987
narrow,shared,code,square,elite,0.35,0.3499999999999999,0,0,0,0,0.9999999999999997,0.3499999999999987
narrow,shared,code,ranknormal,rloo,0.35,0.3499999999999999,0,0,0,0,0.9999999999999997,0.3499999999999987
narrow,shared,code,ranknormal,grpo,0.35,0.3499999999999999,0,0,0,0,0.9999999999999997,0.3499999999999987
narrow,shared,code,ranknormal,maxrl,0.35,0.3499999999999999,0,0,0,0,0.9999999999999997,0.3499999999999987
narrow,shared,code,ranknormal,tailrl,0.35,0.3499999999999999,0,0,0,0,0.9999999999999997,0.3499999999999987
narrow,shared,code,ranknormal,pkpo,0.35,0.3499999999999999,0,0,0,0,0.9999999999999997,0.3499999999999987
narrow,shared,code,ranknormal,elite,0.35,0.3499999999999999,0,0,0,0,0.9999999999999997,0.3499999999999987
narrow,shared,code,reciprocal,rloo,0.35,0.3499999999999999,0,0,0,0,0.9999999999999997,0.3499999999999987
narrow,shared,code,reciprocal,grpo,0.35,0.3499999999999999,6.798699777552591e-17,0,0,0,1,0.3499999999999995
narrow,shared,code,reciprocal,maxrl,0.35,0.3499999999999999,0,0,0,0,0.9999999999999997,0.3499999999999987
narrow,shared,code,reciprocal,tailrl,0.35,0.3499999999999999,0,0,0,0,0.9999999999999997,0.3499999999999987
narrow,shared,code,reciprocal,pkpo,0.35,0.3499999999999999,0,0,0,0,0.9999999999999997,0.3499999999999987
narrow,shared,code,reciprocal,elite,0.35,0.3499999999999999,0,0,0,0,0.9999999999999997,0.3499999999999987
narrow,neural,quality,identity,rloo,0.5,0.5001715177984827,0.000032643757046835206,0,0,0,1,0.5486402922275478
narrow,neural,quality,identity,grpo,0.5,0.5148103881147154,0.002891229125580637,0,0,0,1,0.5499671938699565
narrow,neural,quality,identity,maxrl,0.5,0.49999999999999994,5.551115123125783e-17,0,0,0,0.9999999999999999,0.5485926251161182
narrow,neural,quality,identity,tailrl,0.5,0.5005314024126614,0.00008809926707360169,0,0,0,1,0.5487361074758251
narrow,neural,quality,identity,pkpo,0.5,0.5001795350876789,0.000032596336264003476,0,0,0,1,0.5486424947216794
narrow,neural,quality,identity,elite,0.5,0.5129349061283313,0.003803372009641017,0,0,0,1,0.54992687106282
narrow,neural,quality,log,rloo,0.5,0.5001219366769843,0.000023075126882292476,0,0,0,1,0.5486266491475996
narrow,neural,quality,log,grpo,0.5,0.5147919048376471,0.0028834566256710965,0,0,0,1,0.5499670270320053
narrow,neural,quality,log,maxrl,0.5,0.49999999999999994,5.551115123125783e-17,0,0,0,0.9999999999999999,0.5485926251161182
narrow,neural,quality,log,tailrl,0.5,0.5003664171606665,0.00006027958989550408,0,0,0,1,0.5486928871044282
narrow,neural,quality,log,pkpo,0.5,0.5001226419457279,0.00002220419855621498,0,0,0,1,0.5486268483427952
narrow,neural,quality,log,elite,0.5,0.5129349061283313,0.003803372009641017,0,0,0,1,0.54992687106282
narrow,neural,quality,square,rloo,0.5,0.5001715877757743,0.000032742952815756097,0,0,0,1,0.5486403114966271
narrow,neural,quality,square,grpo,0.5,0.5147804277677323,0.0028994848275193763,0,0,0,1,0.5499668221719026
narrow,neural,quality,square,maxrl,0.5,0.49999999999999994,5.551115123125783e-17,0,0,0,0.9999999999999999,0.5485926251161182
narrow,neural,quality,square,tailrl,0.5,0.5005475534085616,0.00009089794751398972,0,0,0,1,0.5487402758306453
narrow,neural,quality,square,pkpo,0.5,0.50018825349543,0.00003419179824369133,0,0,0,1,0.5486448796609046
narrow,neural,quality,square,elite,0.5,0.5129349061283313,0.003803372009641017,0,0,0,1,0.54992687106282
narrow,neural,quality,ranknormal,rloo,0.5,0.5095771800382011,0.0019070049657383154,0,0,0,1,0.5498530692797633
narrow,neural,quality,ranknormal,grpo,0.5,0.514796878258808,0.0028885149300213893,0,0,0,1,0.5499670573537107
narrow,neural,quality,ranknormal,maxrl,0.5,0.49999999999999994,5.551115123125783e-17,0,0,0,0.9999999999999999,0.5485926251161182
narrow,neural,quality,ranknormal,tailrl,0.5,0.5430725259729962,0.0005898598796543071,0,0,0,1,0.5499999999999988
narrow,neural,quality,ranknormal,pkpo,0.5,0.5097608191007901,0.0016802804250518547,0,0,0,1,0.5498639525727911
narrow,neural,quality,ranknormal,elite,0.5,0.5129349061283313,0.003803372009641017,0,0,0,1,0.54992687106282
narrow,neural,quality,reciprocal,rloo,0.5,0.49994887914253433,0.00000955932805630823,0,0,0,1,0.5485781601783541
narrow,neural,quality,reciprocal,grpo,0.5,0.48748471453715564,0.0020312267466615365,0,0,0,1,0.5403136142889532
narrow,neural,quality,reciprocal,maxrl,0.5,0.49999999999999994,5.551115123125783e-17,0,0,0,0.9999999999999999,0.5485926251161182
narrow,neural,quality,reciprocal,tailrl,0.5,0.4998400742068392,0.000026524306729939905,0,0,0,1.0000000000000002,0.5485469792806661
narrow,neural,quality,reciprocal,pkpo,0.5,0.4999439738465347,0.000009817091659549126,0,0,0,1,0.5485767664621264
narrow,neural,quality,reciprocal,elite,0.5,0.4899063554640324,0.002498377994074406,0,0,0,1,0.5426807685485474
narrow,neural,binary,identity,rloo,0,0,0,0,0,0.9999999999999999,0,0
narrow,neural,binary,identity,grpo,0,0,0,0,0,0.9999999999999999,0,0
narrow,neural,binary,identity,maxrl,0,0,0,0,0,0.9999999999999999,0,0
narrow,neural,binary,identity,tailrl,0,0,0,0,0,0.9999999999999999,0,0
narrow,neural,binary,identity,pkpo,0,0,0,0,0,0.9999999999999999,0,0
narrow,neural,binary,identity,elite,0,0,0,0,0,0.9999999999999999,0,0
narrow,neural,binary,log,rloo,0,0,0,0,0,0.9999999999999999,0,0
narrow,neural,binary,log,grpo,0,0,0,0,0,0.9999999999999999,0,0
narrow,neural,binary,log,maxrl,0,0,0,0,0,0.9999999999999999,0,0
narrow,neural,binary,log,tailrl,0,0,0,0,0,0.9999999999999999,0,0
narrow,neural,binary,log,pkpo,0,0,0,0,0,0.9999999999999999,0,0
narrow,neural,binary,log,elite,0,0,0,0,0,0.9999999999999999,0,0
narrow,neural,binary,square,rloo,0,0,0,0,0,0.9999999999999999,0,0
narrow,neural,binary,square,grpo,0,0,0,0,0,0.9999999999999999,0,0
narrow,neural,binary,square,maxrl,0,0,0,0,0,0.9999999999999999,0,0
narrow,neural,binary,square,tailrl,0,0,0,0,0,0.9999999999999999,0,0
narrow,neural,binary,square,pkpo,0,0,0,0,0,0.9999999999999999,0,0
narrow,neural,binary,square,elite,0,0,0,0,0,0.9999999999999999,0,0
narrow,neural,binary,ranknormal,rloo,0,0,0,0,0,0.9999999999999999,0,0
narrow,neural,binary,ranknormal,grpo,0,0,0,0,0,0.9999999999999999,0,0
narrow,neural,binary,ranknormal,maxrl,0,0,0,0,0,0.9999999999999999,0,0
narrow,neural,binary,ranknormal,tailrl,0,0,0,0,0,0.9999999999999999,0,0
narrow,neural,binary,ranknormal,pkpo,0,0,0,0,0,0.9999999999999999,0,0
narrow,neural,binary,ranknormal,elite,0,0,0,0,0,0.9999999999999999,0,0
narrow,neural,binary,reciprocal,rloo,0,0,0,0,0,0.9999999999999999,0,0
narrow,neural,binary,reciprocal,grpo,0,0,0,0,0,0.9999999999999999,0,0
narrow,neural,binary,reciprocal,maxrl,0,0,0,0,0,0.9999999999999999,0,0
narrow,neural,binary,reciprocal,tailrl,0,0,0,0,0,0.9999999999999999,0,0
narrow,neural,binary,reciprocal,pkpo,0,0,0,0,0,0.9999999999999999,0,0
narrow,neural,binary,reciprocal,elite,0,0,0,0,0,0.9999999999999999,0,0
narrow,neural,code,identity,rloo,0.35,0.3499999999999999,7.850462293418876e-17,0,0,0,0.9999999999999999,0.34999999999999937
narrow,neural,code,identity,grpo,0.35,0.3499999999999999,6.798699777552591e-17,0,0,0,1,0.3499999999999937
narrow,neural,code,identity,maxrl,0.35,0.3499999999999999,7.850462293418876e-17,0,0,0,0.9999999999999999,0.34999999999999937
narrow,neural,code,identity,tailrl,0.35,0.3499999999999999,7.850462293418876e-17,0,0,0,0.9999999999999999,0.34999999999999937
narrow,neural,code,identity,pkpo,0.35,0.3499999999999999,7.850462293418876e-17,0,0,0,0.9999999999999999,0.34999999999999937
narrow,neural,code,identity,elite,0.35,0.3499999999999999,7.850462293418876e-17,0,0,0,0.9999999999999999,0.34999999999999937
narrow,neural,code,log,rloo,0.35,0.3499999999999999,7.850462293418876e-17,0,0,0,0.9999999999999999,0.34999999999999937
narrow,neural,code,log,grpo,0.35,0.3499999999999999,6.798699777552591e-17,0,0,0,1,0.3499999999999999
narrow,neural,code,log,maxrl,0.35,0.3499999999999999,7.850462293418876e-17,0,0,0,0.9999999999999999,0.34999999999999937
narrow,neural,code,log,tailrl,0.35,0.3499999999999999,7.850462293418876e-17,0,0,0,0.9999999999999999,0.34999999999999937
narrow,neural,code,log,pkpo,0.35,0.3499999999999999,7.850462293418876e-17,0,0,0,0.9999999999999999,0.34999999999999937
narrow,neural,code,log,elite,0.35,0.3499999999999999,7.850462293418876e-17,0,0,0,0.9999999999999999,0.34999999999999937
narrow,neural,code,square,rloo,0.35,0.3499999999999999,7.850462293418876e-17,0,0,0,0.9999999999999999,0.34999999999999937
narrow,neural,code,square,grpo,0.35,0.3499999999999999,6.798699777552591e-17,0,0,0,1,0.3499999999999999
narrow,neural,code,square,maxrl,0.35,0.3499999999999999,7.850462293418876e-17,0,0,0,0.9999999999999999,0.34999999999999937
narrow,neural,code,square,tailrl,0.35,0.3499999999999999,7.850462293418876e-17,0,0,0,0.9999999999999999,0.34999999999999937
narrow,neural,code,square,pkpo,0.35,0.3499999999999999,7.850462293418876e-17,0,0,0,0.9999999999999999,0.34999999999999937
narrow,neural,code,square,elite,0.35,0.3499999999999999,7.850462293418876e-17,0,0,0,0.9999999999999999,0.34999999999999937
narrow,neural,code,ranknormal,rloo,0.35,0.3499999999999999,7.850462293418876e-17,0,0,0,0.9999999999999999,0.34999999999999937
narrow,neural,code,ranknormal,grpo,0.35,0.3499999999999999,7.850462293418876e-17,0,0,0,0.9999999999999999,0.34999999999999937
narrow,neural,code,ranknormal,maxrl,0.35,0.3499999999999999,7.850462293418876e-17,0,0,0,0.9999999999999999,0.34999999999999937
narrow,neural,code,ranknormal,tailrl,0.35,0.3499999999999999,7.850462293418876e-17,0,0,0,0.9999999999999999,0.34999999999999937
narrow,neural,code,ranknormal,pkpo,0.35,0.3499999999999999,7.850462293418876e-17,0,0,0,0.9999999999999999,0.34999999999999937
narrow,neural,code,ranknormal,elite,0.35,0.3499999999999999,7.850462293418876e-17,0,0,0,0.9999999999999999,0.34999999999999937
narrow,neural,code,reciprocal,rloo,0.35,0.3499999999999999,7.850462293418876e-17,0,0,0,0.9999999999999999,0.34999999999999937
narrow,neural,code,reciprocal,grpo,0.35,0.3499999999999999,6.798699777552591e-17,0,0,0,1,0.3499999999999937
narrow,neural,code,reciprocal,maxrl,0.35,0.3499999999999999,7.850462293418876e-17,0,0,0,0.9999999999999999,0.34999999999999937
narrow,neural,code,reciprocal,tailrl,0.35,0.3499999999999999,7.850462293418876e-17,0,0,0,0.9999999999999999,0.34999999999999937
narrow,neural,code,reciprocal,pkpo,0.35,0.3499999999999999,7.850462293418876e-17,0,0,0,0.9999999999999999,0.34999999999999937
narrow,neural,code,reciprocal,elite,0.35,0.3499999999999999,7.850462293418876e-17,0,0,0,0.9999999999999999,0.34999999999999937
zero,independent,quality,identity,rloo,0,0,0,0,0,1,0,0
zero,independent,quality,identity,grpo,0,0,0,0,0,1,0,0
zero,independent,quality,identity,maxrl,0,0,0,0,0,1,0,0
zero,independent,quality,identity,tailrl,0,0,0,0,0,1,0,0
zero,independent,quality,identity,pkpo,0,0,0,0,0,1,0,0
zero,independent,quality,identity,elite,0,0,0,0,0,1,0,0
zero,independent,quality,log,rloo,0,0,0,0,0,1,0,0
zero,independent,quality,log,grpo,0,0,0,0,0,1,0,0
zero,independent,quality,log,maxrl,0,0,0,0,0,1,0,0
zero,independent,quality,log,tailrl,0,0,0,0,0,1,0,0
zero,independent,quality,log,pkpo,0,0,0,0,0,1,0,0
zero,independent,quality,log,elite,0,0,0,0,0,1,0,0
zero,independent,quality,square,rloo,0,0,0,0,0,1,0,0
zero,independent,quality,square,grpo,0,0,0,0,0,1,0,0
zero,independent,quality,square,maxrl,0,0,0,0,0,1,0,0
zero,independent,quality,square,tailrl,0,0,0,0,0,1,0,0
zero,independent,quality,square,pkpo,0,0,0,0,0,1,0,0
zero,independent,quality,square,elite,0,0,0,0,0,1,0,0
zero,independent,quality,ranknormal,rloo,0,0,0,0,0,1,0,0
zero,independent,quality,ranknormal,grpo,0,0,0,0,0,1,0,0
zero,independent,quality,ranknormal,maxrl,0,0,0,0,0,1,0,0
zero,independent,quality,ranknormal,tailrl,0,0,0,0,0,1,0,0
zero,independent,quality,ranknormal,pkpo,0,0,0,0,0,1,0,0
zero,independent,quality,ranknormal,elite,0,0,0,0,0,1,0,0
zero,independent,quality,reciprocal,rloo,0,0,0,0,0,1,0,0
zero,independent,quality,reciprocal,grpo,0,0,0,0,0,1,0,0
zero,independent,quality,reciprocal,maxrl,0,0,0,0,0,1,0,0
zero,independent,quality,reciprocal,tailrl,0,0,0,0,0,1,0,0
zero,independent,quality,reciprocal,pkpo,0,0,0,0,0,1,0,0
zero,independent,quality,reciprocal,elite,0,0,0,0,0,1,0,0
zero,independent,binary,identity,rloo,0,0,0,0,0,1,0,0
zero,independent,binary,identity,grpo,0,0,0,0,0,1,0,0
zero,independent,binary,identity,maxrl,0,0,0,0,0,1,0,0
zero,independent,binary,identity,tailrl,0,0,0,0,0,1,0,0
zero,independent,binary,identity,pkpo,0,0,0,0,0,1,0,0
zero,independent,binary,identity,elite,0,0,0,0,0,1,0,0
zero,independent,binary,log,rloo,0,0,0,0,0,1,0,0
zero,independent,binary,log,grpo,0,0,0,0,0,1,0,0
zero,independent,binary,log,maxrl,0,0,0,0,0,1,0,0
zero,independent,binary,log,tailrl,0,0,0,0,0,1,0,0
zero,independent,binary,log,pkpo,0,0,0,0,0,1,0,0
zero,independent,binary,log,elite,0,0,0,0,0,1,0,0
zero,independent,binary,square,rloo,0,0,0,0,0,1,0,0
zero,independent,binary,square,grpo,0,0,0,0,0,1,0,0
zero,independent,binary,square,maxrl,0,0,0,0,0,1,0,0
zero,independent,binary,square,tailrl,0,0,0,0,0,1,0,0
zero,independent,binary,square,pkpo,0,0,0,0,0,1,0,0
zero,independent,binary,square,elite,0,0,0,0,0,1,0,0
zero,independent,binary,ranknormal,rloo,0,0,0,0,0,1,0,0
zero,independent,binary,ranknormal,grpo,0,0,0,0,0,1,0,0
zero,independent,binary,ranknormal,maxrl,0,0,0,0,0,1,0,0
zero,independent,binary,ranknormal,tailrl,0,0,0,0,0,1,0,0
zero,independent,binary,ranknormal,pkpo,0,0,0,0,0,1,0,0
zero,independent,binary,ranknormal,elite,0,0,0,0,0,1,0,0
zero,independent,binary,reciprocal,rloo,0,0,0,0,0,1,0,0
zero,independent,binary,reciprocal,grpo,0,0,0,0,0,1,0,0
zero,independent,binary,reciprocal,maxrl,0,0,0,0,0,1,0,0
zero,independent,binary,reciprocal,tailrl,0,0,0,0,0,1,0,0
zero,independent,binary,reciprocal,pkpo,0,0,0,0,0,1,0,0
zero,independent,binary,reciprocal,elite,0,0,0,0,0,1,0,0
zero,independent,code,identity,rloo,0,0,0,0,0,1,0,0
zero,independent,code,identity,grpo,0,0,0,0,0,1,0,0
zero,independent,code,identity,maxrl,0,0,0,0,0,1,0,0
zero,independent,code,identity,tailrl,0,0,0,0,0,1,0,0
zero,independent,code,identity,pkpo,0,0,0,0,0,1,0,0
zero,independent,code,identity,elite,0,0,0,0,0,1,0,0
zero,independent,code,log,rloo,0,0,0,0,0,1,0,0
zero,independent,code,log,grpo,0,0,0,0,0,1,0,0
zero,independent,code,log,maxrl,0,0,0,0,0,1,0,0
zero,independent,code,log,tailrl,0,0,0,0,0,1,0,0
zero,independent,code,log,pkpo,0,0,0,0,0,1,0,0
zero,independent,code,log,elite,0,0,0,0,0,1,0,0
zero,independent,code,square,rloo,0,0,0,0,0,1,0,0
zero,independent,code,square,grpo,0,0,0,0,0,1,0,0
zero,independent,code,square,maxrl,0,0,0,0,0,1,0,0
zero,independent,code,square,tailrl,0,0,0,0,0,1,0,0
zero,independent,code,square,pkpo,0,0,0,0,0,1,0,0
zero,independent,code,square,elite,0,0,0,0,0,1,0,0
zero,independent,code,ranknormal,rloo,0,0,0,0,0,1,0,0
zero,independent,code,ranknormal,grpo,0,0,0,0,0,1,0,0
zero,independent,code,ranknormal,maxrl,0,0,0,0,0,1,0,0
zero,independent,code,ranknormal,tailrl,0,0,0,0,0,1,0,0
zero,independent,code,ranknormal,pkpo,0,0,0,0,0,1,0,0
zero,independent,code,ranknormal,elite,0,0,0,0,0,1,0,0
zero,independent,code,reciprocal,rloo,0,0,0,0,0,1,0,0
zero,independent,code,reciprocal,grpo,0,0,0,0,0,1,0,0
zero,independent,code,reciprocal,maxrl,0,0,0,0,0,1,0,0
zero,independent,code,reciprocal,tailrl,0,0,0,0,0,1,0,0
zero,independent,code,reciprocal,pkpo,0,0,0,0,0,1,0,0
zero,independent,code,reciprocal,elite,0,0,0,0,0,1,0,0
zero,shared,quality,identity,rloo,0,0,0,0,0,1,0,0
zero,shared,quality,identity,grpo,0,0,0,0,0,1,0,0
zero,shared,quality,identity,maxrl,0,0,0,0,0,1,0,0
zero,shared,quality,identity,tailrl,0,0,0,0,0,1,0,0
zero,shared,quality,identity,pkpo,0,0,0,0,0,1,0,0
zero,shared,quality,identity,elite,0,0,0,0,0,1,0,0
zero,shared,quality,log,rloo,0,0,0,0,0,1,0,0
zero,shared,quality,log,grpo,0,0,0,0,0,1,0,0
zero,shared,quality,log,maxrl,0,0,0,0,0,1,0,0
zero,shared,quality,log,tailrl,0,0,0,0,0,1,0,0
zero,shared,quality,log,pkpo,0,0,0,0,0,1,0,0
zero,shared,quality,log,elite,0,0,0,0,0,1,0,0
zero,shared,quality,square,rloo,0,0,0,0,0,1,0,0
zero,shared,quality,square,grpo,0,0,0,0,0,1,0,0
zero,shared,quality,square,maxrl,0,0,0,0,0,1,0,0
zero,shared,quality,square,tailrl,0,0,0,0,0,1,0,0
zero,shared,quality,square,pkpo,0,0,0,0,0,1,0,0
zero,shared,quality,square,elite,0,0,0,0,0,1,0,0
zero,shared,quality,ranknormal,rloo,0,0,0,0,0,1,0,0
zero,shared,quality,ranknormal,grpo,0,0,0,0,0,1,0,0
zero,shared,quality,ranknormal,maxrl,0,0,0,0,0,1,0,0
zero,shared,quality,ranknormal,tailrl,0,0,0,0,0,1,0,0
zero,shared,quality,ranknormal,pkpo,0,0,0,0,0,1,0,0
zero,shared,quality,ranknormal,elite,0,0,0,0,0,1,0,0
zero,shared,quality,reciprocal,rloo,0,0,0,0,0,1,0,0
zero,shared,quality,reciprocal,grpo,0,0,0,0,0,1,0,0
zero,shared,quality,reciprocal,maxrl,0,0,0,0,0,1,0,0
zero,shared,quality,reciprocal,tailrl,0,0,0,0,0,1,0,0
zero,shared,quality,reciprocal,pkpo,0,0,0,0,0,1,0,0
zero,shared,quality,reciprocal,elite,0,0,0,0,0,1,0,0
zero,shared,binary,identity,rloo,0,0,0,0,0,1,0,0
zero,shared,binary,identity,grpo,0,0,0,0,0,1,0,0
zero,shared,binary,identity,maxrl,0,0,0,0,0,1,0,0
zero,shared,binary,identity,tailrl,0,0,0,0,0,1,0,0
zero,shared,binary,identity,pkpo,0,0,0,0,0,1,0,0
zero,shared,binary,identity,elite,0,0,0,0,0,1,0,0
zero,shared,binary,log,rloo,0,0,0,0,0,1,0,0
zero,shared,binary,log,grpo,0,0,0,0,0,1,0,0
zero,shared,binary,log,maxrl,0,0,0,0,0,1,0,0
zero,shared,binary,log,tailrl,0,0,0,0,0,1,0,0
zero,shared,binary,log,pkpo,0,0,0,0,0,1,0,0
zero,shared,binary,log,elite,0,0,0,0,0,1,0,0
zero,shared,binary,square,rloo,0,0,0,0,0,1,0,0
zero,shared,binary,square,grpo,0,0,0,0,0,1,0,0
zero,shared,binary,square,maxrl,0,0,0,0,0,1,0,0
zero,shared,binary,square,tailrl,0,0,0,0,0,1,0,0
zero,shared,binary,square,pkpo,0,0,0,0,0,1,0,0
zero,shared,binary,square,elite,0,0,0,0,0,1,0,0
zero,shared,binary,ranknormal,rloo,0,0,0,0,0,1,0,0
zero,shared,binary,ranknormal,grpo,0,0,0,0,0,1,0,0
zero,shared,binary,ranknormal,maxrl,0,0,0,0,0,1,0,0
zero,shared,binary,ranknormal,tailrl,0,0,0,0,0,1,0,0
zero,shared,binary,ranknormal,pkpo,0,0,0,0,0,1,0,0
zero,shared,binary,ranknormal,elite,0,0,0,0,0,1,0,0
zero,shared,binary,reciprocal,rloo,0,0,0,0,0,1,0,0
zero,shared,binary,reciprocal,grpo,0,0,0,0,0,1,0,0
zero,shared,binary,reciprocal,maxrl,0,0,0,0,0,1,0,0
zero,shared,binary,reciprocal,tailrl,0,0,0,0,0,1,0,0
zero,shared,binary,reciprocal,pkpo,0,0,0,0,0,1,0,0
zero,shared,binary,reciprocal,elite,0,0,0,0,0,1,0,0
zero,shared,code,identity,rloo,0,0,0,0,0,1,0,0
zero,shared,code,identity,grpo,0,0,0,0,0,1,0,0
zero,shared,code,identity,maxrl,0,0,0,0,0,1,0,0
zero,shared,code,identity,tailrl,0,0,0,0,0,1,0,0
zero,shared,code,identity,pkpo,0,0,0,0,0,1,0,0
zero,shared,code,identity,elite,0,0,0,0,0,1,0,0
zero,shared,code,log,rloo,0,0,0,0,0,1,0,0
zero,shared,code,log,grpo,0,0,0,0,0,1,0,0
zero,shared,code,log,maxrl,0,0,0,0,0,1,0,0
zero,shared,code,log,tailrl,0,0,0,0,0,1,0,0
zero,shared,code,log,pkpo,0,0,0,0,0,1,0,0
zero,shared,code,log,elite,0,0,0,0,0,1,0,0
zero,shared,code,square,rloo,0,0,0,0,0,1,0,0
zero,shared,code,square,grpo,0,0,0,0,0,1,0,0
zero,shared,code,square,maxrl,0,0,0,0,0,1,0,0
zero,shared,code,square,tailrl,0,0,0,0,0,1,0,0
zero,shared,code,square,pkpo,0,0,0,0,0,1,0,0
zero,shared,code,square,elite,0,0,0,0,0,1,0,0
zero,shared,code,ranknormal,rloo,0,0,0,0,0,1,0,0
zero,shared,code,ranknormal,grpo,0,0,0,0,0,1,0,0
zero,shared,code,ranknormal,maxrl,0,0,0,0,0,1,0,0
zero,shared,code,ranknormal,tailrl,0,0,0,0,0,1,0,0
zero,shared,code,ranknormal,pkpo,0,0,0,0,0,1,0,0
zero,shared,code,ranknormal,elite,0,0,0,0,0,1,0,0
zero,shared,code,reciprocal,rloo,0,0,0,0,0,1,0,0
zero,shared,code,reciprocal,grpo,0,0,0,0,0,1,0,0
zero,shared,code,reciprocal,maxrl,0,0,0,0,0,1,0,0
zero,shared,code,reciprocal,tailrl,0,0,0,0,0,1,0,0
zero,shared,code,reciprocal,pkpo,0,0,0,0,0,1,0,0
zero,shared,code,reciprocal,elite,0,0,0,0,0,1,0,0
zero,neural,quality,identity,rloo,0,0,0,0,0,1,0,0
zero,neural,quality,identity,grpo,0,0,0,0,0,1,0,0
zero,neural,quality,identity,maxrl,0,0,0,0,0,1,0,0
zero,neural,quality,identity,tailrl,0,0,0,0,0,1,0,0
zero,neural,quality,identity,pkpo,0,0,0,0,0,1,0,0
zero,neural,quality,identity,elite,0,0,0,0,0,1,0,0
zero,neural,quality,log,rloo,0,0,0,0,0,1,0,0
zero,neural,quality,log,grpo,0,0,0,0,0,1,0,0
zero,neural,quality,log,maxrl,0,0,0,0,0,1,0,0
zero,neural,quality,log,tailrl,0,0,0,0,0,1,0,0
zero,neural,quality,log,pkpo,0,0,0,0,0,1,0,0
zero,neural,quality,log,elite,0,0,0,0,0,1,0,0
zero,neural,quality,square,rloo,0,0,0,0,0,1,0,0
zero,neural,quality,square,grpo,0,0,0,0,0,1,0,0
zero,neural,quality,square,maxrl,0,0,0,0,0,1,0,0
zero,neural,quality,square,tailrl,0,0,0,0,0,1,0,0
zero,neural,quality,square,pkpo,0,0,0,0,0,1,0,0
zero,neural,quality,square,elite,0,0,0,0,0,1,0,0
zero,neural,quality,ranknormal,rloo,0,0,0,0,0,1,0,0
zero,neural,quality,ranknormal,grpo,0,0,0,0,0,1,0,0
zero,neural,quality,ranknormal,maxrl,0,0,0,0,0,1,0,0
zero,neural,quality,ranknormal,tailrl,0,0,0,0,0,1,0,0
zero,neural,quality,ranknormal,pkpo,0,0,0,0,0,1,0,0
zero,neural,quality,ranknormal,elite,0,0,0,0,0,1,0,0
zero,neural,quality,reciprocal,rloo,0,0,0,0,0,1,0,0
zero,neural,quality,reciprocal,grpo,0,0,0,0,0,1,0,0
zero,neural,quality,reciprocal,maxrl,0,0,0,0,0,1,0,0
zero,neural,quality,reciprocal,tailrl,0,0,0,0,0,1,0,0
zero,neural,quality,reciprocal,pkpo,0,0,0,0,0,1,0,0
zero,neural,quality,reciprocal,elite,0,0,0,0,0,1,0,0
zero,neural,binary,identity,rloo,0,0,0,0,0,1,0,0
zero,neural,binary,identity,grpo,0,0,0,0,0,1,0,0
zero,neural,binary,identity,maxrl,0,0,0,0,0,1,0,0
zero,neural,binary,identity,tailrl,0,0,0,0,0,1,0,0
zero,neural,binary,identity,pkpo,0,0,0,0,0,1,0,0
zero,neural,binary,identity,elite,0,0,0,0,0,1,0,0
zero,neural,binary,log,rloo,0,0,0,0,0,1,0,0
zero,neural,binary,log,grpo,0,0,0,0,0,1,0,0
zero,neural,binary,log,maxrl,0,0,0,0,0,1,0,0
zero,neural,binary,log,tailrl,0,0,0,0,0,1,0,0
zero,neural,binary,log,pkpo,0,0,0,0,0,1,0,0
zero,neural,binary,log,elite,0,0,0,0,0,1,0,0
zero,neural,binary,square,rloo,0,0,0,0,0,1,0,0
zero,neural,binary,square,grpo,0,0,0,0,0,1,0,0
zero,neural,binary,square,maxrl,0,0,0,0,0,1,0,0
zero,neural,binary,square,tailrl,0,0,0,0,0,1,0,0
zero,neural,binary,square,pkpo,0,0,0,0,0,1,0,0
zero,neural,binary,square,elite,0,0,0,0,0,1,0,0
zero,neural,binary,ranknormal,rloo,0,0,0,0,0,1,0,0
zero,neural,binary,ranknormal,grpo,0,0,0,0,0,1,0,0
zero,neural,binary,ranknormal,maxrl,0,0,0,0,0,1,0,0
zero,neural,binary,ranknormal,tailrl,0,0,0,0,0,1,0,0
zero,neural,binary,ranknormal,pkpo,0,0,0,0,0,1,0,0
zero,neural,binary,ranknormal,elite,0,0,0,0,0,1,0,0
zero,neural,binary,reciprocal,rloo,0,0,0,0,0,1,0,0
zero,neural,binary,reciprocal,grpo,0,0,0,0,0,1,0,0
zero,neural,binary,reciprocal,maxrl,0,0,0,0,0,1,0,0
zero,neural,binary,reciprocal,tailrl,0,0,0,0,0,1,0,0
zero,neural,binary,reciprocal,pkpo,0,0,0,0,0,1,0,0
zero,neural,binary,reciprocal,elite,0,0,0,0,0,1,0,0
zero,neural,code,identity,rloo,0,0,0,0,0,1,0,0
zero,neural,code,identity,grpo,0,0,0,0,0,1,0,0
zero,neural,code,identity,maxrl,0,0,0,0,0,1,0,0
zero,neural,code,identity,tailrl,0,0,0,0,0,1,0,0
zero,neural,code,identity,pkpo,0,0,0,0,0,1,0,0
zero,neural,code,identity,elite,0,0,0,0,0,1,0,0
zero,neural,code,log,rloo,0,0,0,0,0,1,0,0
zero,neural,code,log,grpo,0,0,0,0,0,1,0,0
zero,neural,code,log,maxrl,0,0,0,0,0,1,0,0
zero,neural,code,log,tailrl,0,0,0,0,0,1,0,0
zero,neural,code,log,pkpo,0,0,0,0,0,1,0,0
zero,neural,code,log,elite,0,0,0,0,0,1,0,0
zero,neural,code,square,rloo,0,0,0,0,0,1,0,0
zero,neural,code,square,grpo,0,0,0,0,0,1,0,0
zero,neural,code,square,maxrl,0,0,0,0,0,1,0,0
zero,neural,code,square,tailrl,0,0,0,0,0,1,0,0
zero,neural,code,square,pkpo,0,0,0,0,0,1,0,0
zero,neural,code,square,elite,0,0,0,0,0,1,0,0
zero,neural,code,ranknormal,rloo,0,0,0,0,0,1,0,0
zero,neural,code,ranknormal,grpo,0,0,0,0,0,1,0,0
zero,neural,code,ranknormal,maxrl,0,0,0,0,0,1,0,0
zero,neural,code,ranknormal,tailrl,0,0,0,0,0,1,0,0
zero,neural,code,ranknormal,pkpo,0,0,0,0,0,1,0,0
zero,neural,code,ranknormal,elite,0,0,0,0,0,1,0,0
zero,neural,code,reciprocal,rloo,0,0,0,0,0,1,0,0
zero,neural,code,reciprocal,grpo,0,0,0,0,0,1,0,0
zero,neural,code,reciprocal,maxrl,0,0,0,0,0,1,0,0
zero,neural,code,reciprocal,tailrl,0,0,0,0,0,1,0,0
zero,neural,code,reciprocal,pkpo,0,0,0,0,0,1,0,0
zero,neural,code,reciprocal,elite,0,0,0,0,0,1,0,0
missing,independent,quality,identity,rloo,0.3980152762270659,0.41867547641230374,0.00023385269722877688,0,0,0.1343730967862268,0.8656269032137732,0.620566224537778
missing,independent,quality,identity,grpo,0.3980152762270659,0.5452745379251064,0.012569018658878514,0,0,0.019029335601490182,0.9809706643985097,0.6116094097613581
missing,independent,quality,identity,maxrl,0.3980152762270659,0.39801527622706584,0,0,0,0.1672137513371688,0.8327862486628314,0.6138182393816294
missing,independent,quality,identity,tailrl,0.3980152762270659,0.4577850027617825,0.0008290356303137653,0,0,0.11769070927965543,0.8823092907203445,0.6533268272988231
missing,independent,quality,identity,pkpo,0.3980152762270659,0.41586403943694467,0.0003811847202222583,0,0,0.15922231198781053,0.8407776880121894,0.6297512718852835
missing,independent,quality,identity,elite,0.3980152762270659,0.5538444486840323,0.026931092643810477,0,0,0.01772535489438496,0.982274645105615,0.588046353164188
missing,independent,quality,log,rloo,0.3980152762270659,0.4157746469680865,0.00012528601851585015,0,0,0.1337092952347167,0.8662907047652832,0.6181113377961442
missing,independent,quality,log,grpo,0.3980152762270659,0.5357785336222319,0.0018416455986312353,0,0,0.016416431054285845,0.9835835689457141,0.6004034466433315
missing,independent,quality,log,maxrl,0.3980152762270659,0.39801527622706584,0,0,0,0.1672137513371688,0.8327862486628314,0.6138182393816294
missing,independent,quality,log,tailrl,0.3980152762270659,0.4422198077615715,0.0005249889715650413,0,0,0.12088886532755849,0.8791111346724415,0.6392279979189787
missing,independent,quality,log,pkpo,0.3980152762270659,0.41074969588295457,0.00019098661904433595,0,0,0.16073438011809207,0.8392656198819081,0.6244681532254691
missing,independent,quality,log,elite,0.3980152762270659,0.5538444486840323,0.026931092643810477,0,0,0.01772535489438496,0.982274645105615,0.588046353164188
missing,independent,quality,square,rloo,0.3980152762270659,0.41499692135855026,0.00026723047840508755,0,0,0.144797300002507,0.855202699997493,0.6215101759907042
missing,independent,quality,square,grpo,0.3980152762270659,0.5540134873498782,0.020092942570014444,0,0,0.02381251018123201,0.9761874898187678,0.6270460650565953
missing,independent,quality,square,maxrl,0.3980152762270659,0.39801527622706584,0,0,0,0.1672137513371688,0.8327862486628314,0.6138182393816294
missing,independent,quality,square,tailrl,0.3980152762270659,0.4589950498936201,0.0018237242199872954,0,0,0.1275861893266461,0.8724138106733538,0.6625465047921569
missing,independent,quality,square,pkpo,0.3980152762270659,0.41597630576583744,0.00037825272688743076,0,0,0.16066015450021684,0.8393398454997834,0.6316909971139419
missing,independent,quality,square,elite,0.3980152762270659,0.5538444486840323,0.026931092643810477,0,0,0.01772535489438496,0.982274645105615,0.588046353164188
missing,independent,quality,ranknormal,rloo,0.3980152762270659,0.5555909171930565,0.01749061249553821,0,0,0.027681214526239784,0.9723187854737603,0.6282600472711616
missing,independent,quality,ranknormal,grpo,0.3980152762270659,0.5624151126137923,0.01956069835357696,0,0,0.023550098418245194,0.9764499015817548,0.6253960823362772
missing,independent,quality,ranknormal,maxrl,0.3980152762270659,0.39801527622706584,0,0,0,0.1672137513371688,0.8327862486628314,0.6138182393816294
missing,independent,quality,ranknormal,tailrl,0.3980152762270659,0.691732150916763,0.0006286168808943497,0,0,0.004754255743447753,0.9952457442565521,0.6999999999999998
missing,independent,quality,ranknormal,pkpo,0.3980152762270659,0.5589654334554606,0.007305214567603515,0,0,0.08143649629976629,0.9185635037002337,0.6936332889641043
missing,independent,quality,ranknormal,elite,0.3980152762270659,0.5538444486840323,0.026931092643810477,0,0,0.01772535489438496,0.982274645105615,0.588046353164188
missing,independent,quality,reciprocal,rloo,0.3980152762270659,0.3878200811347918,0.0000825109981031163,0,0,0.19374341925417263,0.8062565807458273,0.6118582001525514
missing,independent,quality,reciprocal,grpo,0.3980152762270659,0.22195899939839836,0.008925778731414796,0,0,0.8789387880869972,0.12106121191300294,0.4283068029376129
missing,independent,quality,reciprocal,maxrl,0.3980152762270659,0.39801527622706584,0,0,0,0.1672137513371688,0.8327862486628314,0.6138182393816294
missing,independent,quality,reciprocal,tailrl,0.3980152762270659,0.3513734970439803,0.0013324846177097277,0,0,0.3447013850506117,0.6552986149493883,0.6143135223758581
missing,independent,quality,reciprocal,pkpo,0.3980152762270659,0.384876673749827,0.00009583504037690555,0,0,0.22144177098979598,0.778558229010204,0.6155121429189467
missing,independent,quality,reciprocal,elite,0.3980152762270659,0.21578616503328596,0.0014578825897358007,0,0,0.9380034673577852,0.061996532642214615,0.3836917961132879
missing,independent,binary,identity,rloo,0,0,0,0,0,1,0,0
missing,independent,binary,identity,grpo,0,0,0,0,0,1,0,0
missing,independent,binary,identity,maxrl,0,0,0,0,0,1,0,0
missing,independent,binary,identity,tailrl,0,0,0,0,0,1,0,0
missing,independent,binary,identity,pkpo,0,0,0,0,0,1,0,0
missing,independent,binary,identity,elite,0,0,0,0,0,1,0,0
missing,independent,binary,log,rloo,0,0,0,0,0,1,0,0
missing,independent,binary,log,grpo,0,0,0,0,0,1,0,0
missing,independent,binary,log,maxrl,0,0,0,0,0,1,0,0
missing,independent,binary,log,tailrl,0,0,0,0,0,1,0,0
missing,independent,binary,log,pkpo,0,0,0,0,0,1,0,0
missing,independent,binary,log,elite,0,0,0,0,0,1,0,0
missing,independent,binary,square,rloo,0,0,0,0,0,1,0,0
missing,independent,binary,square,grpo,0,0,0,0,0,1,0,0
missing,independent,binary,square,maxrl,0,0,0,0,0,1,0,0
missing,independent,binary,square,tailrl,0,0,0,0,0,1,0,0
missing,independent,binary,square,pkpo,0,0,0,0,0,1,0,0
missing,independent,binary,square,elite,0,0,0,0,0,1,0,0
missing,independent,binary,ranknormal,rloo,0,0,0,0,0,1,0,0
missing,independent,binary,ranknormal,grpo,0,0,0,0,0,1,0,0
missing,independent,binary,ranknormal,maxrl,0,0,0,0,0,1,0,0
missing,independent,binary,ranknormal,tailrl,0,0,0,0,0,1,0,0
missing,independent,binary,ranknormal,pkpo,0,0,0,0,0,1,0,0
missing,independent,binary,ranknormal,elite,0,0,0,0,0,1,0,0
missing,independent,binary,reciprocal,rloo,0,0,0,0,0,1,0,0
missing,independent,binary,reciprocal,grpo,0,0,0,0,0,1,0,0
missing,independent,binary,reciprocal,maxrl,0,0,0,0,0,1,0,0
missing,independent,binary,reciprocal,tailrl,0,0,0,0,0,1,0,0
missing,independent,binary,reciprocal,pkpo,0,0,0,0,0,1,0,0
missing,independent,binary,reciprocal,elite,0,0,0,0,0,1,0,0
missing,independent,code,identity,rloo,0.20106766867725528,0.25921408592976064,0.00041524869373924016,0,0,0.2593883259149695,0.7406116740850305,0.349999999852761
missing,independent,code,identity,grpo,0.20106766867725528,0.3365848349517371,0.001435039690734606,0,0,0.03832904299503678,0.9616709570049634,0.349999999999995
missing,independent,code,identity,maxrl,0.20106766867725528,0.20106766867725526,0,0,0,0.4255209466364136,0.5744790533635865,0.3499995956074559
missing,independent,code,identity,tailrl,0.20106766867725528,0.27603506860121035,0.0009104739663550805,0,0,0.2113283754251133,0.7886716245748868,0.34999999999439285
missing,independent,code,identity,pkpo,0.20106766867725528,0.2186611535627426,0.0006492651301699667,0,0,0.3752538469635926,0.6247461530364073,0.3499999457846205
missing,independent,code,identity,elite,0.20106766867725528,0.31626287974770434,0.0021343823316275407,0,0,0.09639177214941608,0.9036082278505839,0.34999999999999476
missing,independent,code,log,rloo,0.20106766867725528,0.2858511332987543,0.0011804400327668305,0,0,0.18328247628927333,0.8167175237107266,0.3499999999994124
missing,independent,code,log,grpo,0.20106766867725528,0.33658483639061515,0.0014350396505860839,0,0,0.038329038883956765,0.9616709611160433,0.3499999999999999
missing,independent,code,log,maxrl,0.20106766867725528,0.20106766867725526,0,0,0,0.4255209466364136,0.5744790533635865,0.3499995956074559
missing,independent,code,log,tailrl,0.20106766867725528,0.2999236990226745,0.0008682806929174551,0,0,0.1430751456495013,0.8569248543504986,0.3499999999999883
missing,independent,code,log,pkpo,0.20106766867725528,0.22821861872466784,0.0011172751147719782,0,0,0.3479468036438062,0.6520531963561939,0.34999998373876656
missing,independent,code,log,elite,0.20106766867725528,0.31626287974770434,0.0021343823316275407,0,0,0.09639177214941608,0.9036082278505839,0.34999999999999476
missing,independent,code,square,rloo,0.20106766867725528,0.22477279285041962,0.0002964296628175855,0,0,0.3577920204273724,0.6422079795726274,0.3499999747446489
missing,independent,code,square,grpo,0.20106766867725528,0.3365848288228368,0.0014350398613032004,0,0,0.03832906050618063,0.9616709394938193,0.3499999999999995
missing,independent,code,square,maxrl,0.20106766867725528,0.20106766867725526,0,0,0,0.4255209466364136,0.5744790533635865,0.3499995956074559
missing,independent,code,square,tailrl,0.20106766867725528,0.23721771491181723,0.000864131558228773,0,0,0.32223510025195073,0.6777648997480492,0.34999999524848163
missing,independent,code,square,pkpo,0.20106766867725528,0.20819663067886796,0.00018588771377997588,0,0,0.4051524837746631,0.594847516225337,0.34999981548830866
missing,independent,code,square,elite,0.20106766867725528,0.31626287974770434,0.0021343823316275407,0,0,0.09639177214941608,0.9036082278505839,0.34999999999999476
missing,independent,code,ranknormal,rloo,0.20106766867725528,0.3242481836806959,0.0014718240390618135,0,0,0.07357661805515452,0.9264233819448456,0.349999999999995
missing,independent,code,ranknormal,grpo,0.20106766867725528,0.3365848375320444,0.0014350396197649502,0,0,0.038329035622730386,0.9616709643772697,0.349999999999995
missing,independent,code,ranknormal,maxrl,0.20106766867725528,0.20106766867725526,0,0,0,0.4255209466364136,0.5744790533635865,0.3499995956074559
missing,independent,code,ranknormal,tailrl,0.20106766867725528,0.32996449557081525,0.001073631343732136,0,0,0.05724429836909919,0.9427557016309006,0.34999999999999915
missing,independent,code,ranknormal,pkpo,0.20106766867725528,0.24490421349777303,0.0005669688541213904,0,0,0.30027367572064834,0.6997263242793516,0.3499999984677018
missing,independent,code,ranknormal,elite,0.20106766867725528,0.31626287974770434,0.0021343823316275407,0,0,0.09639177214941608,0.9036082278505839,0.34999999999999476
missing,independent,code,reciprocal,rloo,0.20106766867725528,0.06528560709038665,0.0013275300311656143,0,0,0.8134696940274667,0.18653030597253326,0.3371093274626527
missing,independent,code,reciprocal,grpo,0.20106766867725528,0.010166884701854293,0.0014075809185053788,0,0,0.970951757994702,0.029048242005297986,0.1313139393498198
missing,independent,code,reciprocal,maxrl,0.20106766867725528,0.20106766867725526,0,0,0,0.4255209466364136,0.5744790533635865,0.3499995956074559
missing,independent,code,reciprocal,tailrl,0.20106766867725528,0.041330520985103876,0.0003762934294774393,0,0,0.8819127971854176,0.11808720281458251,0.3031262335143687
missing,independent,code,reciprocal,pkpo,0.20106766867725528,0.1336042895399295,0.0008051680448070012,0,0,0.6182734584573443,0.38172654154265584,0.3498402515400492
missing,independent,code,reciprocal,elite,0.20106766867725528,0.032629713050412554,0.0026096966990872606,0,0,0.9067722484273927,0.0932277515726073,0.276482317083701
missing,shared,quality,identity,rloo,0.3980152762270659,0.5199757767651808,0.0002823700862797466,0,0,0.024488286309463907,0.9755117136905364,0.6766382391946575
missing,shared,quality,identity,grpo,0.3980152762270659,0.6817030931677398,0.00030448815208854456,0,0,0.0008429761746655655,0.9991570238253346,0.6999999998853873
missing,shared,quality,identity,maxrl,0.3980152762270659,0.39801527622706584,0,0,0,0.1672137513371688,0.8327862486628314,0.6138182393816294
missing,shared,quality,identity,tailrl,0.3980152762270659,0.6064108710803932,0.001187131228589729,0,0,0.006645898869531251,0.9933541011304688,0.699034819916204
missing,shared,quality,identity,pkpo,0.3980152762270659,0.5103608874151496,0.0014723095019623738,0,0,0.04753224220863889,0.9524677577913611,0.6805809897682646
missing,shared,quality,identity,elite,0.3980152762270659,0.6784548033141448,0.00015390254423728147,0,0,0.0052246637519330836,0.9947753362480669,0.6999999998656056
missing,shared,quality,log,rloo,0.3980152762270659,0.5007401656185317,0.0004297990306741688,0,0,0.03203882734081682,0.9679611726591831,0.6669649829072178
missing,shared,quality,log,grpo,0.3980152762270659,0.681073561990467,0.0004130531651075869,0,0,0.0006369228756921788,0.9993630771243079,0.6999999997944882
missing,shared,quality,log,maxrl,0.3980152762270659,0.39801527622706584,0,0,0,0.1672137513371688,0.8327862486628314,0.6138182393816294
missing,shared,quality,log,tailrl,0.3980152762270659,0.5760466626841604,0.0009357070464927462,0,0,0.010373745612451834,0.9896262543875481,0.6950927692449858
missing,shared,quality,log,pkpo,0.3980152762270659,0.48020770820820075,0.0013321599776590853,0,0,0.06699027794742075,0.9330097220525793,0.6672466167903578
missing,shared,quality,log,elite,0.3980152762270659,0.6784548033141448,0.00015390254423728147,0,0,0.0052246637519330836,0.9947753362480669,0.6999999998656056
missing,shared,quality,square,rloo,0.3980152762270659,0.5136527843918375,0.0006004244119077408,0,0,0.0315657164245292,0.9684342835754709,0.6760883230748634
missing,shared,quality,square,grpo,0.3980152762270659,0.6821927960839833,0.00029457484764156206,0,0,0.0011521651433508667,0.9988478348566492,0.6999999999338243
missing,shared,quality,square,maxrl,0.3980152762270659,0.39801527622706584,0,0,0,0.1672137513371688,0.8327862486628314,0.6138182393816294
missing,shared,quality,square,tailrl,0.3980152762270659,0.6165329068094706,0.0011376894790313514,0,0,0.006924457549183028,0.9930755424508169,0.6996094775981211
missing,shared,quality,square,pkpo,0.3980152762270659,0.5201449417555746,0.0011732003237180414,0,0,0.04342030677232083,0.9565796932276793,0.6844488220323228
missing,shared,quality,square,elite,0.3980152762270659,0.6784548033141448,0.00015390254423728147,0,0,0.0052246637519330836,0.9947753362480669,0.6999999998656056
missing,shared,quality,ranknormal,rloo,0.3980152762270659,0.6783102706028646,0.00006026194491480575,0,0,0.0012192447097534498,0.9987807552902467,0.6999999991629279
missing,shared,quality,ranknormal,grpo,0.3980152762270659,0.68184565284939,0.00014813344895288404,0,0,0.0013723630442671732,0.9986276369557329,0.6999999999260775
missing,shared,quality,ranknormal,maxrl,0.3980152762270659,0.39801527622706584,0,0,0,0.1672137513371688,0.8327862486628314,0.6138182393816294
missing,shared,quality,ranknormal,tailrl,0.3980152762270659,0.6866751279633082,0.0003130710471297848,0,0,0.003320408318655805,0.9966795916813441,0.699999999999783
missing,shared,quality,ranknormal,pkpo,0.3980152762270659,0.6581081834479993,0.00008109844899733782,0,0,0.006908852336580826,0.9930911476634191,0.6999995073983944
missing,shared,quality,ranknormal,elite,0.3980152762270659,0.6784548033141448,0.00015390254423728147,0,0,0.0052246637519330836,0.9947753362480669,0.6999999998656056
missing,shared,quality,reciprocal,rloo,0.3980152762270659,0.28958995732892984,0.0019790568067753343,0,0,0.4866709913424767,0.5133290086575233,0.5395031847319142
missing,shared,quality,reciprocal,grpo,0.3980152762270659,0.015976031469357017,0.0003751621624762471,0,0,0.9994902123128021,0.000509787687197869,0.08710907672231999
missing,shared,quality,reciprocal,maxrl,0.3980152762270659,0.39801527622706584,0,0,0,0.1672137513371688,0.8327862486628314,0.6138182393816294
missing,shared,quality,reciprocal,tailrl,0.3980152762270659,0.03695035954418636,0.001309369309695409,0,0,0.9949739495640822,0.005026050435917892,0.16752618586510884
missing,shared,quality,reciprocal,pkpo,0.3980152762270659,0.15426834388214364,0.007278798223874016,0,0,0.8682797760917035,0.1317202239082966,0.44901485825198667
missing,shared,quality,reciprocal,elite,0.3980152762270659,0.01769580682188615,0.00009771540087563619,0,0,0.9986156237303483,0.001384376269651739,0.09938844068339808
missing,shared,binary,identity,rloo,0,0,0,0,0,1,0,0
missing,shared,binary,identity,grpo,0,0,0,0,0,1,0,0
missing,shared,binary,identity,maxrl,0,0,0,0,0,1,0,0
missing,shared,binary,identity,tailrl,0,0,0,0,0,1,0,0
missing,shared,binary,identity,pkpo,0,0,0,0,0,1,0,0
missing,shared,binary,identity,elite,0,0,0,0,0,1,0,0
missing,shared,binary,log,rloo,0,0,0,0,0,1,0,0
missing,shared,binary,log,grpo,0,0,0,0,0,1,0,0
missing,shared,binary,log,maxrl,0,0,0,0,0,1,0,0
missing,shared,binary,log,tailrl,0,0,0,0,0,1,0,0
missing,shared,binary,log,pkpo,0,0,0,0,0,1,0,0
missing,shared,binary,log,elite,0,0,0,0,0,1,0,0
missing,shared,binary,square,rloo,0,0,0,0,0,1,0,0
missing,shared,binary,square,grpo,0,0,0,0,0,1,0,0
missing,shared,binary,square,maxrl,0,0,0,0,0,1,0,0
missing,shared,binary,square,tailrl,0,0,0,0,0,1,0,0
missing,shared,binary,square,pkpo,0,0,0,0,0,1,0,0
missing,shared,binary,square,elite,0,0,0,0,0,1,0,0
missing,shared,binary,ranknormal,rloo,0,0,0,0,0,1,0,0
missing,shared,binary,ranknormal,grpo,0,0,0,0,0,1,0,0
missing,shared,binary,ranknormal,maxrl,0,0,0,0,0,1,0,0
missing,shared,binary,ranknormal,tailrl,0,0,0,0,0,1,0,0
missing,shared,binary,ranknormal,pkpo,0,0,0,0,0,1,0,0
missing,shared,binary,ranknormal,elite,0,0,0,0,0,1,0,0
missing,shared,binary,reciprocal,rloo,0,0,0,0,0,1,0,0
missing,shared,binary,reciprocal,grpo,0,0,0,0,0,1,0,0
missing,shared,binary,reciprocal,maxrl,0,0,0,0,0,1,0,0
missing,shared,binary,reciprocal,tailrl,0,0,0,0,0,1,0,0
missing,shared,binary,reciprocal,pkpo,0,0,0,0,0,1,0,0
missing,shared,binary,reciprocal,elite,0,0,0,0,0,1,0,0
missing,shared,code,identity,rloo,0.20106766867725528,0.3127209934492279,0.0005265687342234036,0,0,0.10651144728792039,0.8934885527120796,0.3499999999999947
missing,shared,code,identity,grpo,0.20106766867725528,0.34739751311938183,0.000672208366185758,0,0,0.007435676801766062,0.9925643231982338,0.34999999999999937
missing,shared,code,identity,maxrl,0.20106766867725528,0.20106766867725526,0,0,0,0.4255209466364136,0.5744790533635865,0.3499995956074559
missing,shared,code,identity,tailrl,0.20106766867725528,0.3211235247568716,0.0008924314481891124,0,0,0.08250421498036689,0.9174957850196331,0.34999999999999476
missing,shared,code,identity,pkpo,0.20106766867725528,0.2403103304414412,0.002125804553003992,0,0,0.3133990558815965,0.6866009441184034,0.34999999687882005
missing,shared,code,identity,elite,0.20106766867725528,0.33543919745774997,0.00030581479906839295,0,0,0.041602292977857204,0.9583977070221428,0.3499999999999999
missing,shared,code,log,rloo,0.20106766867725528,0.3304457275814565,0.0006452098020862747,0,0,0.055869349767266964,0.944130650232733,0.3499999999999996
missing,shared,code,log,grpo,0.20106766867725528,0.3473975136491054,0.0006722082556324072,0,0,0.0074356752882700425,0.9925643247117298,0.3499999999999999
missing,shared,code,log,maxrl,0.20106766867725528,0.20106766867725526,0,0,0,0.4255209466364136,0.5744790533635865,0.3499995956074559
missing,shared,code,log,tailrl,0.20106766867725528,0.33363695448666036,0.0004032609607333655,0,0,0.04675155860954183,0.9532484413904582,0.3499999999999999
missing,shared,code,log,pkpo,0.20106766867725528,0.25322890433041134,0.001254451520617156,0,0,0.2764888447702534,0.7235111552297466,0.3499999995862506
missing,shared,code,log,elite,0.20106766867725528,0.33543919745774997,0.00030581479906839295,0,0,0.041602292977857204,0.9583977070221428,0.3499999999999999
missing,shared,code,square,rloo,0.20106766867725528,0.26322755653209406,0.00036392248092023606,0,0,0.2479212670511598,0.7520787329488402,0.3499999999286005
missing,shared,code,square,grpo,0.20106766867725528,0.3473975108758931,0.0006722088372911148,0,0,0.0074356832117339865,0.9925643167882661,0.3499999999999998
missing,shared,code,square,maxrl,0.20106766867725528,0.20106766867725526,0,0,0,0.4255209466364136,0.5744790533635865,0.3499995956074559
missing,shared,code,square,tailrl,0.20106766867725528,0.28063278606124115,0.0001542212436717757,0,0,0.19819203982502512,0.8018079601749748,0.34999999999801545
missing,shared,code,square,pkpo,0.20106766867725528,0.21988657188702657,0.0010216036159502665,0,0,0.3717526517513525,0.6282473482486473,0.34999995319980065
missing,shared,code,square,elite,0.20106766867725528,0.33543919745774997,0.00030581479906839295,0,0,0.041602292977857204,0.9583977070221428,0.3499999999999999
missing,shared,code,ranknormal,rloo,0.20106766867725528,0.3447374933169671,0.0003440131394744434,0,0,0.01503573338009379,0.9849642666199063,0.3499999999999999
missing,shared,code,ranknormal,grpo,0.20106766867725528,0.347397514069336,0.0006722081628938036,0,0,0.007435674087611445,0.9925643259123885,0.3499999999999946
missing,shared,code,ranknormal,maxrl,0.20106766867725528,0.20106766867725526,0,0,0,0.4255209466364136,0.5744790533635865,0.3499995956074559
missing,shared,code,ranknormal,tailrl,0.20106766867725528,0.3450714876277903,0.00046632380152679566,0,0,0.014081463920599327,0.9859185360794007,0.3499999999999999
missing,shared,code,ranknormal,pkpo,0.20106766867725528,0.27318066984676315,0.0005906507219666498,0,0,0.21948380043781948,0.7805161995621805,0.3499999999897947
missing,shared,code,ranknormal,elite,0.20106766867725528,0.33543919745774997,0.00030581479906839295,0,0,0.041602292977857204,0.9583977070221428,0.3499999999999999
missing,shared,code,reciprocal,rloo,0.20106766867725528,0.016463309142314028,0.0011299538808965108,0,0,0.9529619738791028,0.04703802612089722,0.18794012926691525
missing,shared,code,reciprocal,grpo,0.20106766867725528,0.002342474910274651,0.0002608223906365337,0,0,0.9933072145420724,0.006692785457927575,0.03564161584406791
missing,shared,code,reciprocal,maxrl,0.20106766867725528,0.20106766867725526,0,0,0,0.4255209466364136,0.5744790533635865,0.3499995956074559
missing,shared,code,reciprocal,tailrl,0.20106766867725528,0.01287069264121495,0.0009940439328656187,0,0,0.9632265924536716,0.03677340754632843,0.15768006195734688
missing,shared,code,reciprocal,pkpo,0.20106766867725528,0.09894980617521269,0.0034795777998772965,0,0,0.7172862680708209,0.2827137319291791,0.3482558751427063
missing,shared,code,reciprocal,elite,0.20106766867725528,0.012718156014655549,0.0018081332369122096,0,0,0.9636624113866983,0.036337588613301566,0.15596558324954654
missing,neural,quality,identity,rloo,0.3980152762270659,0.4509404972529962,0.00822953941450804,0,0,0.08310977118725628,0.9168902288127437,0.6515863007994557
missing,neural,quality,identity,grpo,0.3980152762270659,0.6973830952548489,0.00015622678814106,0,0,5.762659863354188e-7,0.9999994237340136,0.6999999999999934
missing,neural,quality,identity,maxrl,0.3980152762270659,0.39801527622706584,8.777083671441753e-17,0,0,0.16721375133716884,0.8327862486628312,0.6138182393816105
missing,neural,quality,identity,tailrl,0.3980152762270659,0.605248246806133,0.00795134529538322,0,0,0.0025460187931391097,0.9974539812068609,0.6992891910876563
missing,neural,quality,identity,pkpo,0.3980152762270659,0.44606042925226325,0.007815054752881658,0,0,0.08972548200153989,0.91027451799846,0.6488060891314886
missing,neural,quality,identity,elite,0.3980152762270659,0.6936114802483292,0.00018877041042949605,0,0,0.000004211534009954295,0.99999578846599,0.6999999999999996
missing,neural,quality,log,rloo,0.3980152762270659,0.4422988416948075,0.006788339718238464,0,0,0.09409383862581493,0.905906161374185,0.6461575283227524
missing,neural,quality,log,grpo,0.3980152762270659,0.6973680226224809,0.00017610565479416862,0,0,5.648308410997667e-7,0.9999994351691589,0.6999999999999996
missing,neural,quality,log,maxrl,0.3980152762270659,0.39801527622706584,8.777083671441753e-17,0,0,0.16721375133716884,0.8327862486628312,0.6138182393816105
missing,neural,quality,log,tailrl,0.3980152762270659,0.5528407404175752,0.011319853737628009,0,0,0.011852440008595283,0.9881475599914046,0.6928661152771777
missing,neural,quality,log,pkpo,0.3980152762270659,0.42789781111871794,0.004819716589911999,0,0,0.11508819483807807,0.8849118051619221,0.6366325903118991
missing,neural,quality,log,elite,0.3980152762270659,0.6936114802483292,0.00018877041042949605,0,0,0.000004211534009954295,0.99999578846599,0.6999999999999996
missing,neural,quality,square,rloo,0.3980152762270659,0.4385821945500385,0.006791513973719454,0,0,0.09939640308719223,0.9006035969128079,0.6438320599085691
missing,neural,quality,square,grpo,0.3980152762270659,0.6973952709513407,0.00012896081077984936,0,0,5.924970232330058e-7,0.9999994075029767,0.6999999999999998
missing,neural,quality,square,maxrl,0.3980152762270659,0.39801527622706584,8.777083671441753e-17,0,0,0.16721375133716884,0.8327862486628312,0.6138182393816105
missing,neural,quality,square,tailrl,0.3980152762270659,0.6160529386044834,0.007955664851550859,0,0,0.0017702917151267974,0.9982297082848731,0.6996730174523331
missing,neural,quality,square,pkpo,0.3980152762270659,0.45090870873655575,0.008934407928430248,0,0,0.08377082608896343,0.9162291739110365,0.6518347704659027
missing,neural,quality,square,elite,0.3980152762270659,0.6936114802483292,0.00018877041042949605,0,0,0.000004211534009954295,0.99999578846599,0.6999999999999996
missing,neural,quality,ranknormal,rloo,0.3980152762270659,0.694948218522291,0.000443304837217031,0,0,0.0000021708300340246524,0.999997829169966,0.6999999999999996
missing,neural,quality,ranknormal,grpo,0.3980152762270659,0.697333473649722,0.00017954170792039997,0,0,6.443751028251725e-7,0.9999993556248971,0.6999999999999996
missing,neural,quality,ranknormal,maxrl,0.3980152762270659,0.39801527622706584,8.777083671441753e-17,0,0,0.16721375133716884,0.8327862486628312,0.6138182393816105
missing,neural,quality,ranknormal,tailrl,0.3980152762270659,0.6974431105964042,0.000035787155620685725,0,0,6.103844862675993e-7,0.9999993896155136,0.6999999999999998
missing,neural,quality,ranknormal,pkpo,0.3980152762270659,0.6723694101632848,0.0005762557474802906,0,0,0.00011833149050030564,0.9998816685094997,0.699999991618863
missing,neural,quality,ranknormal,elite,0.3980152762270659,0.6936114802483292,0.00018877041042949605,0,0,0.000004211534009954295,0.99999578846599,0.6999999999999996
missing,neural,quality,reciprocal,rloo,0.3980152762270659,0.373853629423002,0.004226765666074934,0,0,0.219173087189778,0.780826912810222,0.5932827127496397
missing,neural,quality,reciprocal,grpo,0.3980152762270659,0.005850995815812546,0.0004837982056173479,0,0,0.9999854856160161,0.0000145143839837929,0.049892084604165915
missing,neural,quality,reciprocal,maxrl,0.3980152762270659,0.39801527622706584,8.777083671441753e-17,0,0,0.16721375133716884,0.8327862486628312,0.6138182393816105
missing,neural,quality,reciprocal,tailrl,0.3980152762270659,0.04817968734671435,0.006936906635428112,0,0,0.9946244953296253,0.005375504670374828,0.17933246606529973
missing,neural,quality,reciprocal,pkpo,0.3980152762270659,0.3485546275411336,0.01183537385678757,0,0,0.28326516836631455,0.7167348316336856,0.5704317422959765
missing,neural,quality,reciprocal,elite,0.3980152762270659,0.009030763687398009,0.0004139697868449642,0,0,0.9999464587564143,0.00005354124358560785,0.06385704102813311
missing,neural,binary,identity,rloo,0,0,0,0,0,1.0000000000000002,0,-1.0658141036401503e-14
missing,neural,binary,identity,grpo,0,0,0,0,0,1.0000000000000002,0,-1.0658141036401503e-14
missing,neural,binary,identity,maxrl,0,0,0,0,0,1.0000000000000002,0,-1.0658141036401503e-14
missing,neural,binary,identity,tailrl,0,0,0,0,0,1.0000000000000002,0,-1.0658141036401503e-14
missing,neural,binary,identity,pkpo,0,0,0,0,0,1.0000000000000002,0,-1.0658141036401503e-14
missing,neural,binary,identity,elite,0,0,0,0,0,1.0000000000000002,0,-1.0658141036401503e-14
missing,neural,binary,log,rloo,0,0,0,0,0,1.0000000000000002,0,-1.0658141036401503e-14
missing,neural,binary,log,grpo,0,0,0,0,0,1.0000000000000002,0,-1.0658141036401503e-14
missing,neural,binary,log,maxrl,0,0,0,0,0,1.0000000000000002,0,-1.0658141036401503e-14
missing,neural,binary,log,tailrl,0,0,0,0,0,1.0000000000000002,0,-1.0658141036401503e-14
missing,neural,binary,log,pkpo,0,0,0,0,0,1.0000000000000002,0,-1.0658141036401503e-14
missing,neural,binary,log,elite,0,0,0,0,0,1.0000000000000002,0,-1.0658141036401503e-14
missing,neural,binary,square,rloo,0,0,0,0,0,1.0000000000000002,0,-1.0658141036401503e-14
missing,neural,binary,square,grpo,0,0,0,0,0,1.0000000000000002,0,-1.0658141036401503e-14
missing,neural,binary,square,maxrl,0,0,0,0,0,1.0000000000000002,0,-1.0658141036401503e-14
missing,neural,binary,square,tailrl,0,0,0,0,0,1.0000000000000002,0,-1.0658141036401503e-14
missing,neural,binary,square,pkpo,0,0,0,0,0,1.0000000000000002,0,-1.0658141036401503e-14
missing,neural,binary,square,elite,0,0,0,0,0,1.0000000000000002,0,-1.0658141036401503e-14
missing,neural,binary,ranknormal,rloo,0,0,0,0,0,1.0000000000000002,0,-1.0658141036401503e-14
missing,neural,binary,ranknormal,grpo,0,0,0,0,0,1.0000000000000002,0,-1.0658141036401503e-14
missing,neural,binary,ranknormal,maxrl,0,0,0,0,0,1.0000000000000002,0,-1.0658141036401503e-14
missing,neural,binary,ranknormal,tailrl,0,0,0,0,0,1.0000000000000002,0,-1.0658141036401503e-14
missing,neural,binary,ranknormal,pkpo,0,0,0,0,0,1.0000000000000002,0,-1.0658141036401503e-14
missing,neural,binary,ranknormal,elite,0,0,0,0,0,1.0000000000000002,0,-1.0658141036401503e-14
missing,neural,binary,reciprocal,rloo,0,0,0,0,0,1.0000000000000002,0,-1.0658141036401503e-14
missing,neural,binary,reciprocal,grpo,0,0,0,0,0,1.0000000000000002,0,-1.0658141036401503e-14
missing,neural,binary,reciprocal,maxrl,0,0,0,0,0,1.0000000000000002,0,-1.0658141036401503e-14
missing,neural,binary,reciprocal,tailrl,0,0,0,0,0,1.0000000000000002,0,-1.0658141036401503e-14
missing,neural,binary,reciprocal,pkpo,0,0,0,0,0,1.0000000000000002,0,-1.0658141036401503e-14
missing,neural,binary,reciprocal,elite,0,0,0,0,0,1.0000000000000002,0,-1.0658141036401503e-14
missing,neural,code,identity,rloo,0.20106766867725528,0.25965872123962724,0.00744936278751342,0,0,0.25811793931535065,0.7418820606846492,0.34999999977462687
missing,neural,code,identity,grpo,0.20106766867725528,0.3483977698963163,0.000751612533291007,0,0,0.0045778002962391555,0.995422199703761,0.3499999999999999
missing,neural,code,identity,maxrl,0.20106766867725528,0.20106766867725523,3.3993498887762956e-17,0,0,0.42552094663641366,0.5744790533635864,0.3499995956074408
missing,neural,code,identity,tailrl,0.20106766867725528,0.29156400383111386,0.0052151829568048685,0,0,0.16695998905396015,0.8330400109460397,0.34999999999976117
missing,neural,code,identity,pkpo,0.20106766867725528,0.21464873252663194,0.0021695408445146632,0,0,0.38671790706676584,0.6132820929332342,0.34999991054434854
missing,neural,code,identity,elite,0.20106766867725528,0.33579707840742806,0.0015883906518882247,0,0,0.04057977597877684,0.9594202240212232,0.3499999999999998
missing,neural,code,log,rloo,0.20106766867725528,0.3086429878737582,0.00497715978186145,0,0,0.11816289178926226,0.8818371082107378,0.34999999999998854
missing,neural,code,log,grpo,0.20106766867725528,0.34839777075074047,0.0007516122183130548,0,0,0.004577797855027064,0.9954222021449729,0.3499999999999996
missing,neural,code,log,maxrl,0.20106766867725528,0.20106766867725523,3.3993498887762956e-17,0,0,0.42552094663641366,0.5744790533635864,0.3499995956074408
missing,neural,code,log,tailrl,0.20106766867725528,0.32824412907310696,0.002474420391425688,0,0,0.06215963121969431,0.9378403687803057,0.35000000000000003
missing,neural,code,log,pkpo,0.20106766867725528,0.22397091047671633,0.0037380547912071985,0,0,0.3600831129236675,0.6399168870763324,0.34999996989129206
missing,neural,code,log,elite,0.20106766867725528,0.33579707840742806,0.0015883906518882247,0,0,0.04057977597877684,0.9594202240212232,0.3499999999999998
missing,neural,code,square,rloo,0.20106766867725528,0.21860749580529495,0.0025176079449369076,0,0,0.3754071548420144,0.6245928451579855,0.349999943900097
missing,neural,code,square,grpo,0.20106766867725528,0.3483977662686592,0.0007516138725060658,0,0,0.004577810660973759,0.9954221893390263,0.3499999999999999
missing,neural,code,square,maxrl,0.20106766867725528,0.20106766867725523,3.3993498887762956e-17,0,0,0.42552094663641366,0.5744790533635864,0.3499995956074408
missing,neural,code,square,tailrl,0.20106766867725528,0.23147868293698862,0.004172263419016822,0,0,0.33863233446574686,0.6613676655342533,0.3499999884110876
missing,neural,code,square,pkpo,0.20106766867725528,0.2061347216353793,0.0008520985666384885,0,0,0.41104365247034474,0.5889563475296551,0.34999976691687423
missing,neural,code,square,elite,0.20106766867725528,0.33579707840742806,0.0015883906518882247,0,0,0.04057977597877684,0.9594202240212232,0.3499999999999998
missing,neural,code,ranknormal,rloo,0.20106766867725528,0.34576655019857633,0.0011304888697705156,0,0,0.012095570861210348,0.9879044291387897,0.3499999999999998
missing,neural,code,ranknormal,grpo,0.20106766867725528,0.34839777140653355,0.0007516119739371567,0,0,0.004577795981332732,0.9954222040186673,0.3499999999999998
missing,neural,code,ranknormal,maxrl,0.20106766867725528,0.20106766867725523,3.3993498887762956e-17,0,0,0.42552094663641366,0.5744790533635864,0.3499995956074408
missing,neural,code,ranknormal,tailrl,0.20106766867725528,0.3470063115153903,0.0007321156024892813,0,0,0.008553395670313343,0.9914466043296867,0.3499999999999996
missing,neural,code,ranknormal,pkpo,0.20106766867725528,0.24424897240546858,0.005807005354717027,0,0,0.3021457931272325,0.6978542068727673,0.3499999978233679
missing,neural,code,ranknormal,elite,0.20106766867725528,0.33579707840742806,0.0015883906518882247,0,0,0.04057977597877684,0.9594202240212232,0.3499999999999998
missing,neural,code,reciprocal,rloo,0.20106766867725528,0.03732512894021992,0.006662045748177693,0,0,0.8933567744565144,0.1066432255434855,0.2901860178249069
missing,neural,code,reciprocal,grpo,0.20106766867725528,0.0012726660079995348,0.00015752026456159398,0,0,0.996363811405716,0.003636188594284386,0.0198112646684048
missing,neural,code,reciprocal,maxrl,0.20106766867725528,0.20106766867725523,3.3993498887762956e-17,0,0,0.42552094663641366,0.5744790533635864,0.3499995956074408
missing,neural,code,reciprocal,tailrl,0.20106766867725528,0.01426665178407612,0.0003211929144229765,0,0,0.9592381377597824,0.040761862240217495,0.170144858391353
missing,neural,code,reciprocal,pkpo,0.20106766867725528,0.13994838035660565,0.004073683117667048,0,0,0.6001474846954126,0.39985251530458754,0.34989774007678554
missing,neural,code,reciprocal,elite,0.20106766867725528,0.01196436412686959,0.0005991711014673537,0,0,0.9658161024946584,0.03418389750534168,0.149327430149831
spike,independent,quality,identity,rloo,0.5046860010786297,0.5068108207601365,0.00006963706394968867,0.010411197845463262,0.012095059927873053,1.6164976025810964e-22,0.9879049400721267,0.6165540931410436
spike,independent,quality,identity,grpo,0.5046860010786297,0.5509248818942054,0.0005855724356615627,0.010411197845463262,0.005308081629865538,3.9771194692300315e-23,0.9946919183701345,0.5826263375477848
spike,independent,quality,identity,maxrl,0.5046860010786297,0.9250813825786381,0.004142210319168719,0.010411197845463262,0.9446311282713763,8.568879052161482e-23,0.05536887172862373,0.95063314901696
spike,independent,quality,identity,tailrl,0.5046860010786297,0.793945426096192,0.04832110282730526,0.010411197845463262,0.6477555234101039,3.1063132634293015e-22,0.35224447658989605,0.952404892041293
spike,independent,quality,identity,pkpo,0.5046860010786297,0.5146583004982183,0.0005547181028592055,0.010411197845463262,0.025691211484271254,2.4143001070705975e-22,0.9743087885157288,0.6862246710994544
spike,independent,quality,identity,elite,0.5046860010786297,0.5486355736104107,0.00021581975512756553,0.010411197845463262,0.004709665479882638,6.129603812388622e-23,0.9952903345201173,0.5792037582702022
spike,independent,quality,log,rloo,0.5046860010786297,0.5059514552249161,0.00003491217889262868,0.010411197845463262,0.011183624761236124,1.5510207138964254e-22,0.9888163752387639,0.6106975619163348
spike,independent,quality,log,grpo,0.5046860010786297,0.5507836368443474,0.0004616108172035839,0.010411197845463262,0.004800525122354388,3.76671772951537e-23,0.9951994748776455,0.5796516086153668
spike,independent,quality,log,maxrl,0.5046860010786297,0.9250813825786381,0.004142210319168719,0.010411197845463262,0.9446311282713763,8.568879052161482e-23,0.05536887172862373,0.95063314901696
spike,independent,quality,log,tailrl,0.5046860010786297,0.5503878454105485,0.01957872592690196,0.010411197845463262,0.09745987778127256,3.48145671439661e-22,0.9025401222187276,0.857697975798351
spike,independent,quality,log,pkpo,0.5046860010786297,0.5089497533369652,0.00008792835338635686,0.010411197845463262,0.016052910595815227,1.94257796710856e-22,0.9839470894041847,0.6395964355175459
spike,independent,quality,log,elite,0.5046860010786297,0.5486355736104107,0.00021581975512756553,0.010411197845463262,0.004709665479882638,6.129603812388622e-23,0.9952903345201173,0.5792037582702022
spike,independent,quality,square,rloo,0.5046860010786297,0.5073373326453116,0.00009112890916108806,0.010411197845463262,0.0130831503002182,1.6838547560406965e-22,0.9869168496997819,0.6223117264934969
spike,independent,quality,square,grpo,0.5046860010786297,0.5511204445351142,0.0007818365873718171,0.010411197845463262,0.005822949758971237,4.055036851190181e-23,0.9941770502410289,0.5855973400422523
spike,independent,quality,square,maxrl,0.5046860010786297,0.9250813825786381,0.004142210319168719,0.010411197845463262,0.9446311282713763,8.568879052161482e-23,0.05536887172862373,0.95063314901696
spike,independent,quality,square,tailrl,0.5046860010786297,0.8963848547496623,0.008782190490479716,0.010411197845463262,0.8797228330062645,1.502208120365759e-22,0.12027716699373549,0.9511341225331563
spike,independent,quality,square,pkpo,0.5046860010786297,0.5279629848593147,0.0069799990469516975,0.010411197845463262,0.054565276556185906,3.0864577171572453e-22,0.945434723443814,0.7842704761883628
spike,independent,quality,square,elite,0.5046860010786297,0.5486355736104107,0.00021581975512756553,0.010411197845463262,0.004709665479882638,6.129603812388622e-23,0.9952903345201173,0.5792037582702022
spike,independent,quality,ranknormal,rloo,0.5046860010786297,0.5498067337212483,0.00010481724572563364,0.010411197845463262,0.004031675361940125,4.471045507536952e-23,0.9959683246380598,0.5751071437274174
spike,independent,quality,ranknormal,grpo,0.5046860010786297,0.5501754721761808,0.00007377720267666891,0.010411197845463262,0.002623706631819459,2.7968302999109816e-23,0.9973762933681806,0.5665145806643636
spike,independent,quality,ranknormal,maxrl,0.5046860010786297,0.9250813825786381,0.004142210319168719,0.010411197845463262,0.9446311282713763,8.568879052161482e-23,0.05536887172862373,0.95063314901696
spike,independent,quality,ranknormal,tailrl,0.5046860010786297,0.9431712659223642,0.007411651422616521,0.010411197845463262,0.9549187155831076,1.298826387659614e-22,0.045081284416892346,0.9669277476050079
spike,independent,quality,ranknormal,pkpo,0.5046860010786297,0.7721381440134344,0.021141433232409784,0.010411197845463262,0.5918074593342402,3.4997815039577167e-22,0.40819254066575983,0.9529748328269165
spike,independent,quality,ranknormal,elite,0.5046860010786297,0.5486355736104107,0.00021581975512756553,0.010411197845463262,0.004709665479882638,6.129603812388622e-23,0.9952903345201173,0.5792037582702022
spike,independent,quality,reciprocal,rloo,0.5046860010786297,0.504224172093488,0.000009533873479059022,0.010411197845463262,0.010214407748076993,1.4913840930329337e-22,0.9897855922519229,0.6034282672289467
spike,independent,quality,reciprocal,grpo,0.5046860010786297,0.45123049118430475,0.00008472876366422458,0.010411197845463262,0.0010384759385202904,1.89191466118978e-23,0.9989615240614796,0.4687491580375987
spike,independent,quality,reciprocal,maxrl,0.5046860010786297,0.9250813825786381,0.004142210319168719,0.010411197845463262,0.9446311282713763,8.568879052161482e-23,0.05536887172862373,0.95063314901696
spike,independent,quality,reciprocal,tailrl,0.5046860010786297,0.5028950663295483,0.000055250554538853064,0.010411197845463262,0.011550789310621834,1.6910367243385864e-22,0.9884492106893781,0.6120928493920396
spike,independent,quality,reciprocal,pkpo,0.5046860010786297,0.5042889096912678,0.000016203432569504614,0.010411197845463262,0.011032193970812168,1.5921605794472437e-22,0.9889678060291879,0.6091001816963943
spike,independent,quality,reciprocal,elite,0.5046860010786297,0.45697560265532994,0.0032268195605229225,0.010411197845463262,0.004264385894897857,6.781433685107804e-23,0.9957356141051023,0.5264702205211466
spike,independent,binary,identity,rloo,0.010411197845463262,0.015012199434502821,0.00026159486419442525,0.010411197845463262,0.015012199434502821,0.9849878005654972,0,0.21495224048025877
spike,independent,binary,identity,grpo,0.010411197845463262,0.38238632477129936,0.27665322462051956,0.010411197845463262,0.38238632477129936,0.6176136752287006,0,0.9187189425025496
spike,independent,binary,identity,maxrl,0.010411197845463262,0.9446311282713763,0.009200653453940047,0.010411197845463262,0.9446311282713763,0.05536887172862373,0,1
spike,independent,binary,identity,tailrl,0.010411197845463262,0.9446311282713763,0.009200653453940047,0.010411197845463262,0.9446311282713763,0.05536887172862373,0,1
spike,independent,binary,identity,pkpo,0.010411197845463262,0.35911025854776324,0.2179397195696917,0.010411197845463262,0.35911025854776324,0.6408897414522365,0,0.945925954411886
spike,independent,binary,identity,elite,0.010411197845463262,0.014630971891631673,0.000922779650099274,0.010411197845463262,0.014630971891631673,0.9853690281083683,0,0.21002551748827694
spike,independent,binary,log,rloo,0.010411197845463262,0.015012199434502821,0.00026159486419442525,0.010411197845463262,0.015012199434502821,0.9849878005654972,0,0.21495224048025877
spike,independent,binary,log,grpo,0.010411197845463262,0.38238632477129936,0.27665322462051956,0.010411197845463262,0.38238632477129936,0.6176136752287006,0,0.9187189425025496
spike,independent,binary,log,maxrl,0.010411197845463262,0.9446311282713763,0.009200653453940047,0.010411197845463262,0.9446311282713763,0.05536887172862373,0,1
spike,independent,binary,log,tailrl,0.010411197845463262,0.9446311282713763,0.009200653453940047,0.010411197845463262,0.9446311282713763,0.05536887172862373,0,1
spike,independent,binary,log,pkpo,0.010411197845463262,0.35911025854776324,0.2179397195696917,0.010411197845463262,0.35911025854776324,0.6408897414522365,0,0.945925954411886
spike,independent,binary,log,elite,0.010411197845463262,0.014630971891631673,0.000922779650099274,0.010411197845463262,0.014630971891631673,0.9853690281083683,0,0.21002551748827694
spike,independent,binary,square,rloo,0.010411197845463262,0.015012199434502821,0.00026159486419442525,0.010411197845463262,0.015012199434502821,0.9849878005654972,0,0.21495224048025877
spike,independent,binary,square,grpo,0.010411197845463262,0.38238632477129936,0.27665322462051956,0.010411197845463262,0.38238632477129936,0.6176136752287006,0,0.9187189425025496
spike,independent,binary,square,maxrl,0.010411197845463262,0.9446311282713763,0.009200653453940047,0.010411197845463262,0.9446311282713763,0.05536887172862373,0,1
spike,independent,binary,square,tailrl,0.010411197845463262,0.9446311282713763,0.009200653453940047,0.010411197845463262,0.9446311282713763,0.05536887172862373,0,1
spike,independent,binary,square,pkpo,0.010411197845463262,0.35911025854776324,0.2179397195696917,0.010411197845463262,0.35911025854776324,0.6408897414522365,0,0.945925954411886
spike,independent,binary,square,elite,0.010411197845463262,0.014630971891631673,0.000922779650099274,0.010411197845463262,0.014630971891631673,0.9853690281083683,0,0.21002551748827694
spike,independent,binary,ranknormal,rloo,0.010411197845463262,0.024268250493382826,0.00201990790996061,0.010411197845463262,0.024268250493382826,0.9757317495066172,0,0.3247959458255168
spike,independent,binary,ranknormal,grpo,0.010411197845463262,0.38238633520445653,0.27665323074066184,0.010411197845463262,0.38238633520445653,0.6176136647955435,0,0.9187189466122764
spike,independent,binary,ranknormal,maxrl,0.010411197845463262,0.9446311282713763,0.009200653453940047,0.010411197845463262,0.9446311282713763,0.05536887172862373,0,1
spike,independent,binary,ranknormal,tailrl,0.010411197845463262,0.9739129402636032,0.0023162339568431104,0.010411197845463262,0.9739129402636032,0.026087059736396943,0,1
spike,independent,binary,ranknormal,pkpo,0.010411197845463262,0.687205476120074,0.009142273097715778,0.010411197845463262,0.687205476120074,0.31279452387992607,0,0.9999999910472268
spike,independent,binary,ranknormal,elite,0.010411197845463262,0.014630971891631673,0.000922779650099274,0.010411197845463262,0.014630971891631673,0.9853690281083683,0,0.21002551748827694
spike,independent,binary,reciprocal,rloo,0.010411197845463262,0.008077653827272917,0.0002834944212719681,0.010411197845463262,0.008077653827272917,0.9919223461727271,0,0.12169444879011666
spike,independent,binary,reciprocal,grpo,0.010411197845463262,0.004727022304025543,0.0002091320228071461,0.010411197845463262,0.004727022304025543,0.9952729776959744,0,0.07300596634950436
spike,independent,binary,reciprocal,maxrl,0.010411197845463262,0.9446311282713763,0.009200653453940047,0.010411197845463262,0.9446311282713763,0.05536887172862373,0,1
spike,independent,binary,reciprocal,tailrl,0.010411197845463262,0.008076656868664106,0.00029531070511517894,0.010411197845463262,0.008076656868664106,0.991923343131336,0,0.12167983571209029
spike,independent,binary,reciprocal,pkpo,0.010411197845463262,0.01041119784546327,0,0.010411197845463262,0.01041119784546327,0.9895888021545369,0,0.1541831024163316
spike,independent,binary,reciprocal,elite,0.010411197845463262,0.010135282458316007,0.0010546974835954845,0.010411197845463262,0.010135282458316007,0.9898647175416838,0,0.1503246510705882
spike,independent,code,identity,rloo,0.3555968736559009,0.3566885494798635,0.00009461783642857213,0.00110886522945038,0.0012346122363036387,1.2934658124061971e-8,0.9987653748290383,0.44792811281801165
spike,independent,code,identity,grpo,0.3555968736559009,0.5610177704077927,0.15518747795172425,0.00110886522945038,0.003013272846013598,2.7422809244429057e-8,0.996986699731177,0.8486017404862887
spike,independent,code,identity,maxrl,0.3555968736559009,0.3830333316063494,0.044600497529437115,0.00110886522945038,0.03557358654680665,2.458757308896086e-8,0.9644263888656202,0.6133310417523914
spike,independent,code,identity,tailrl,0.3555968736559009,0.7863149420539367,0.028031737639096645,0.00110886522945038,0.0022918850403083964,1.679099190680839e-8,0.9977080981686997,0.8915448606129791
spike,independent,code,identity,pkpo,0.3555968736559009,0.36464864949504516,0.0014984594787309027,0.00110886522945038,0.0018367926928571736,1.814064204069577e-8,0.9981631891665007,0.5428811774711267
spike,independent,code,identity,elite,0.3555968736559009,0.3578665953269127,0.0004961727784295155,0.00110886522945038,0.0013607666362270155,1.4171354968479016e-8,0.9986392191924179,0.4633621842620214
spike,independent,code,log,rloo,0.3555968736559009,0.35623975802791374,0.00007158229901831314,0.00110886522945038,0.0011832426609544057,1.2500559442335856e-8,0.9988167448384858,0.44190413766165504
spike,independent,code,log,grpo,0.3555968736559009,0.5597073885184987,0.15399832022471552,0.00110886522945038,0.003026333491598186,2.759427077487982e-8,0.996973638914131,0.8486633370061366
spike,independent,code,log,maxrl,0.3555968736559009,0.3830333316063494,0.044600497529437115,0.00110886522945038,0.03557358654680665,2.458757308896086e-8,0.9644263888656202,0.6133310417523914
spike,independent,code,log,tailrl,0.3555968736559009,0.5415168869617438,0.09827977561067888,0.00110886522945038,0.0036234695265794834,3.0377669273040084e-8,0.9963765000957513,0.8790061908341272
spike,independent,code,log,pkpo,0.3555968736559009,0.35915474789097973,0.00009425322222216442,0.00110886522945038,0.0014598847786512273,1.4896336712675502e-8,0.9985401003250121,0.47971862869903986
spike,independent,code,log,elite,0.3555968736559009,0.3578665953269127,0.0004961727784295155,0.00110886522945038,0.0013607666362270155,1.4171354968479016e-8,0.9986392191924179,0.4633621842620214
spike,independent,code,square,rloo,0.3555968736559009,0.35702040692031795,0.00012676527513973655,0.00110886522945038,0.0012724041409388133,1.3236401072428827e-8,0.9987275826226601,0.4523344642487103
spike,independent,code,square,grpo,0.3555968736559009,0.561320282994313,0.1555960368501266,0.00110886522945038,0.0030165382314895368,2.7388744377253118e-8,0.9969834343797661,0.8485158707732993
spike,independent,code,square,maxrl,0.3555968736559009,0.3830333316063494,0.044600497529437115,0.00110886522945038,0.03557358654680665,2.458757308896086e-8,0.9644263888656202,0.6133310417523914
spike,independent,code,square,tailrl,0.3555968736559009,0.8284008676015612,0.010453397110442467,0.00110886522945038,0.0015463600943924705,1.142907536632237e-8,0.9984536284765321,0.8902478864967901
spike,independent,code,square,pkpo,0.3555968736559009,0.3785681465416833,0.00849793288134022,0.00110886522945038,0.002401125906908675,2.297482874202843e-8,0.9975988511182625,0.6602215593457573
spike,independent,code,square,elite,0.3555968736559009,0.3578665953269127,0.0004961727784295155,0.00110886522945038,0.0013607666362270155,1.4171354968479016e-8,0.9986392191924179,0.4633621842620214
spike,independent,code,ranknormal,rloo,0.3555968736559009,0.36304895241406704,0.0011033570609246428,0.00110886522945038,0.001731468770704932,1.7419898057643322e-8,0.9982685138093971,0.5255184934190832
spike,independent,code,ranknormal,grpo,0.3555968736559009,0.5602580073809084,0.15422755838173838,0.00110886522945038,0.00303683484628894,2.7508759099913632e-8,0.9969631376449518,0.8484248156048587
spike,independent,code,ranknormal,maxrl,0.3555968736559009,0.3830333316063494,0.044600497529437115,0.00110886522945038,0.03557358654680665,2.458757308896086e-8,0.9644263888656202,0.6133310417523914
spike,independent,code,ranknormal,tailrl,0.3555968736559009,0.9080300167083358,0.059587821741477816,0.00110886522945038,0.3136515824782151,6.057546627396507e-9,0.6863484114642383,0.9257168411547353
spike,independent,code,ranknormal,pkpo,0.3555968736559009,0.7157212284984852,0.00809828095455008,0.00110886522945038,0.0037112890589903885,2.4707641837585813e-8,0.9962886862333677,0.8939897318164691
spike,independent,code,ranknormal,elite,0.3555968736559009,0.3578665953269127,0.0004961727784295155,0.00110886522945038,0.0013607666362270155,1.4171354968479016e-8,0.9986392191924179,0.4633621842620214
spike,independent,code,reciprocal,rloo,0.3555968736559009,0.35537602163244686,0.000030018604111065442,0.00110886522945038,0.0010832591106175286,1.1626661702797805e-8,0.9989167292627208,0.43009867284385556
spike,independent,code,reciprocal,grpo,0.3555968736559009,0.3525421755920732,0.00011560464142217941,0.00110886522945038,0.0006862863467174581,7.854513275080026e-9,0.9993137057987695,0.3893341069058572
spike,independent,code,reciprocal,maxrl,0.3555968736559009,0.3830333316063494,0.044600497529437115,0.00110886522945038,0.03557358654680665,2.458757308896086e-8,0.9644263888656202,0.6133310417523914
spike,independent,code,reciprocal,tailrl,0.3555968736559009,0.3553744875776778,0.000029659463702077097,0.00110886522945038,0.001083085280104108,1.1625109021620691e-8,0.9989169030947869,0.43007745775306533
spike,independent,code,reciprocal,pkpo,0.3555968736559009,0.35559687365590104,6.798699777552591e-17,0.00110886522945038,0.0011088652294503805,1.1854712379475151e-8,0.9988911229158374,0.4331442196561485
spike,independent,code,reciprocal,elite,0.3555968736559009,0.35544856770506783,0.0005669878050542489,0.00110886522945038,0.0011023354684903373,1.1835002296967937e-8,0.9988976526965073,0.43106336472089685
spike,shared,quality,identity,rloo,0.5046860010786297,0.5119437508456438,0.0008296807418207919,0.010411197845463262,0.025218624011381006,1.688547609143199e-22,0.974781375988619,0.6802547756980338
spike,shared,quality,identity,grpo,0.5046860010786297,0.9646175138390336,0.00016871451578874655,0.010411197845463262,0.9989933613232992,1.224284642637156e-23,0.0010066386767007684,0.9998958917293042
spike,shared,quality,identity,maxrl,0.5046860010786297,0.9515303891909846,0.000993409289157164,0.010411197845463262,0.9905857831008085,1.556943142935998e-23,0.009414216899191427,0.9971608136417979
spike,shared,quality,identity,tailrl,0.5046860010786297,0.9478619641538666,0.0004972182374779451,0.010411197845463262,0.9815327940050977,3.042783647312939e-23,0.018467205994902272,0.9974758955612769
spike,shared,quality,identity,pkpo,0.5046860010786297,0.8390765851174032,0.005638492733663932,0.010411197845463262,0.7461672278659929,1.632083275944488e-22,0.2538327721340072,0.9915126852773389
spike,shared,quality,identity,elite,0.5046860010786297,0.9483204405859696,0.0007190704427079461,0.010411197845463262,0.9846566524626521,1.3684535205613318e-23,0.015343347537347991,0.9966964159069178
spike,shared,quality,log,rloo,0.5046860010786297,0.5072981670875454,0.0000540854776298165,0.010411197845463262,0.015484261236056692,1.5453109160015345e-22,0.9845157387639433,0.6328792434982285
spike,shared,quality,log,grpo,0.5046860010786297,0.9644536202264079,0.00020690083456336594,0.010411197845463262,0.9990021710226079,1.1695504296631036e-23,0.0009978289773919747,0.9998879579004898
spike,shared,quality,log,maxrl,0.5046860010786297,0.9515303891909846,0.000993409289157164,0.010411197845463262,0.9905857831008085,1.556943142935998e-23,0.009414216899191427,0.9971608136417979
spike,shared,quality,log,tailrl,0.5046860010786297,0.9314064405014211,0.0018849070988064584,0.010411197845463262,0.9480989361840871,5.408440508443915e-23,0.05190106381591283,0.9960419575989098
spike,shared,quality,log,pkpo,0.5046860010786297,0.6317066238103947,0.07019565977030479,0.010411197845463262,0.2887789887159383,2.4968913915341154e-22,0.7112210112840617,0.9536737773190116
spike,shared,quality,log,elite,0.5046860010786297,0.9483204405859696,0.0007190704427079461,0.010411197845463262,0.9846566524626521,1.3684535205613318e-23,0.015343347537347991,0.9966964159069178
spike,shared,quality,square,rloo,0.5046860010786297,0.5435669969717324,0.02286210134110716,0.010411197845463262,0.09432356162753064,2.1953957365878565e-22,0.9056764383724695,0.8527670371362278
spike,shared,quality,square,grpo,0.5046860010786297,0.9648191662527656,0.00012682869743214638,0.010411197845463262,0.998997444068395,1.2781619678520958e-23,0.0010025559316051704,0.9999045272582996
spike,shared,quality,square,maxrl,0.5046860010786297,0.9515303891909846,0.000993409289157164,0.010411197845463262,0.9905857831008085,1.556943142935998e-23,0.009414216899191427,0.9971608136417979
spike,shared,quality,square,tailrl,0.5046860010786297,0.9531115243204275,0.0008979185439722974,0.010411197845463262,0.9895920811558102,2.6577103111590124e-23,0.010407918844189708,0.9984716331159514
spike,shared,quality,square,pkpo,0.5046860010786297,0.8758817222643404,0.004930464452739312,0.010411197845463262,0.8266048200747195,1.3699866503569327e-22,0.17339517992528056,0.9938291215086918
spike,shared,quality,square,elite,0.5046860010786297,0.9483204405859696,0.0007190704427079461,0.010411197845463262,0.9846566524626521,1.3684535205613318e-23,0.015343347537347991,0.9966964159069178
spike,shared,quality,ranknormal,rloo,0.5046860010786297,0.956799241748206,0.0003552574057925873,0.010411197845463262,0.9959297507010874,9.169540350759049e-24,0.00407024929891255,0.9988351340376838
spike,shared,quality,ranknormal,grpo,0.5046860010786297,0.9615519498418333,0.0010587823864538267,0.010411197845463262,0.9978554249431643,1.1725309413867398e-23,0.0021445750568357042,0.9996984676979173
spike,shared,quality,ranknormal,maxrl,0.5046860010786297,0.9515303891909846,0.000993409289157164,0.010411197845463262,0.9905857831008085,1.556943142935998e-23,0.009414216899191427,0.9971608136417979
spike,shared,quality,ranknormal,tailrl,0.5046860010786297,0.983506106856404,0.00016487213318452465,0.010411197845463262,0.9998642373508245,3.847972998689087e-23,0.00013576264917536073,0.9999999991750119
spike,shared,quality,ranknormal,pkpo,0.5046860010786297,0.9650131626072782,0.00045525012492567786,0.010411197845463262,0.9953426540444138,6.366263449164589e-23,0.004657345955586271,0.9999588952960093
spike,shared,quality,ranknormal,elite,0.5046860010786297,0.9483204405859696,0.0007190704427079461,0.010411197845463262,0.9846566524626521,1.3684535205613318e-23,0.015343347537347991,0.9966964159069178
spike,shared,quality,reciprocal,rloo,0.5046860010786297,0.5040881400362175,0.00003496756364711645,0.010411197845463262,0.009341424159159043,1.504823650379274e-22,0.9906585758408409,0.5988115193225126
spike,shared,quality,reciprocal,grpo,0.5046860010786297,0.48838575543475365,0.00009791522972150054,0.010411197845463262,0.0007996671864160033,3.954366741304546e-21,0.9992003328135839,0.5260480888350204
spike,shared,quality,reciprocal,maxrl,0.5046860010786297,0.9515303891909846,0.000993409289157164,0.010411197845463262,0.9905857831008085,1.556943142935998e-23,0.009414216899191427,0.9971608136417979
spike,shared,quality,reciprocal,tailrl,0.5046860010786297,0.5036024023802086,0.00003363699692000397,0.010411197845463262,0.00894043834337029,1.6685234535296626e-22,0.9910595616566296,0.5961414194443517
spike,shared,quality,reciprocal,pkpo,0.5046860010786297,0.5044740285540662,0.000004100440429755094,0.010411197845463262,0.010228821238784326,1.569537321376152e-22,0.9897711787612155,0.6038503323600799
spike,shared,quality,reciprocal,elite,0.5046860010786297,0.4949505209863779,0.0005753765226969326,0.010411197845463262,0.002537494216958635,8.937710139701095e-22,0.9974625057830416,0.547666577918091
spike,shared,binary,identity,rloo,0.010411197845463262,0.8885402290474073,0.10964958990947224,0.010411197845463262,0.8885402290474073,0.11145977095259257,0,0.9999999999647828
spike,shared,binary,identity,grpo,0.010411197845463262,0.9964238531741788,0.0008142460586159333,0.010411197845463262,0.9964238531741788,0.003576146825821158,0,0.9999999999999988
spike,shared,binary,identity,maxrl,0.010411197845463262,0.9905857831008085,0.0016323394284315346,0.010411197845463262,0.9905857831008085,0.009414216899191427,0,0.9999999999999994
spike,shared,binary,identity,tailrl,0.010411197845463262,0.9905857831008085,0.0016323394284314824,0.010411197845463262,0.9905857831008085,0.009414216899191427,0,0.9999999999999994
spike,shared,binary,identity,pkpo,0.010411197845463262,0.818827102013357,0.007370431852218472,0.010411197845463262,0.818827102013357,0.18117289798664316,0,0.9999999999984747
spike,shared,binary,identity,elite,0.010411197845463262,0.09842548509216048,0.06206686118041883,0.010411197845463262,0.09842548509216048,0.9015745149078395,0,0.7427489209171524
spike,shared,binary,log,rloo,0.010411197845463262,0.8885402290474073,0.10964958990947224,0.010411197845463262,0.8885402290474073,0.11145977095259257,0,0.9999999999647828
spike,shared,binary,log,grpo,0.010411197845463262,0.9964238531741788,0.0008142460586159333,0.010411197845463262,0.9964238531741788,0.003576146825821158,0,0.9999999999999988
spike,shared,binary,log,maxrl,0.010411197845463262,0.9905857831008085,0.0016323394284315346,0.010411197845463262,0.9905857831008085,0.009414216899191427,0,0.9999999999999994
spike,shared,binary,log,tailrl,0.010411197845463262,0.9905857831008085,0.0016323394284314824,0.010411197845463262,0.9905857831008085,0.009414216899191427,0,0.9999999999999994
spike,shared,binary,log,pkpo,0.010411197845463262,0.818827102013357,0.007370431852218472,0.010411197845463262,0.818827102013357,0.18117289798664316,0,0.9999999999984747
spike,shared,binary,log,elite,0.010411197845463262,0.09842548509216048,0.06206686118041883,0.010411197845463262,0.09842548509216048,0.9015745149078395,0,0.7427489209171524
spike,shared,binary,square,rloo,0.010411197845463262,0.8885402290474073,0.10964958990947224,0.010411197845463262,0.8885402290474073,0.11145977095259257,0,0.9999999999647828
spike,shared,binary,square,grpo,0.010411197845463262,0.9964238531741788,0.0008142460586159333,0.010411197845463262,0.9964238531741788,0.003576146825821158,0,0.9999999999999988
spike,shared,binary,square,maxrl,0.010411197845463262,0.9905857831008085,0.0016323394284315346,0.010411197845463262,0.9905857831008085,0.009414216899191427,0,0.9999999999999994
spike,shared,binary,square,tailrl,0.010411197845463262,0.9905857831008085,0.0016323394284314824,0.010411197845463262,0.9905857831008085,0.009414216899191427,0,0.9999999999999994
spike,shared,binary,square,pkpo,0.010411197845463262,0.818827102013357,0.007370431852218472,0.010411197845463262,0.818827102013357,0.18117289798664316,0,0.9999999999984747
spike,shared,binary,square,elite,0.010411197845463262,0.09842548509216048,0.06206686118041883,0.010411197845463262,0.09842548509216048,0.9015745149078395,0,0.7427489209171524
spike,shared,binary,ranknormal,rloo,0.010411197845463262,0.9912569891360857,0.001286450154326896,0.010411197845463262,0.9912569891360857,0.008743010863914264,0,0.9999999999999994
spike,shared,binary,ranknormal,grpo,0.010411197845463262,0.9964238536622783,0.0008142459460198147,0.010411197845463262,0.9964238536622783,0.0035761463377217448,0,0.9999999999999994
spike,shared,binary,ranknormal,maxrl,0.010411197845463262,0.9905857831008085,0.0016323394284315346,0.010411197845463262,0.9905857831008085,0.009414216899191427,0,0.9999999999999994
spike,shared,binary,ranknormal,tailrl,0.010411197845463262,0.994730838241364,0.0011203713606252005,0.010411197845463262,0.994730838241364,0.005269161758636013,0,0.9999999999999994
spike,shared,binary,ranknormal,pkpo,0.010411197845463262,0.8409353039696902,0.006943764870614192,0.010411197845463262,0.8409353039696902,0.1590646960303098,0,0.9999999999998016
spike,shared,binary,ranknormal,elite,0.010411197845463262,0.09842548509216048,0.06206686118041883,0.010411197845463262,0.09842548509216048,0.9015745149078395,0,0.7427489209171524
spike,shared,binary,reciprocal,rloo,0.010411197845463262,0.0047273128834140095,0.00023968823416412627,0.010411197845463262,0.0047273128834140095,0.9952726871165861,0,0.0730092682982653
spike,shared,binary,reciprocal,grpo,0.010411197845463262,0.0017170509975214373,0.0006881220269296431,0.010411197845463262,0.0017170509975214373,0.9982829490024786,0,0.027084821641048046
spike,shared,binary,reciprocal,maxrl,0.010411197845463262,0.9905857831008085,0.0016323394284315346,0.010411197845463262,0.9905857831008085,0.009414216899191427,0,0.9999999999999994
spike,shared,binary,reciprocal,tailrl,0.010411197845463262,0.004690315036026933,0.00025200223748829105,0.010411197845463262,0.004690315036026933,0.995309684963973,0,0.0724573080448258
spike,shared,binary,reciprocal,pkpo,0.010411197845463262,0.01041119784546327,0,0.010411197845463262,0.01041119784546327,0.9895888021545369,0,0.1541831024163316
spike,shared,binary,reciprocal,elite,0.010411197845463262,0.008607498290547048,0.00016786562864942227,0.010411197845463262,0.008607498290547048,0.9913925017094529,0,0.12917462855898051
spike,shared,code,identity,rloo,0.3555968736559009,0.36835233490404234,0.0027573570856429565,0.00110886522945038,0.0038464347398750377,1.2461566076580426e-8,0.9961535527985589,0.5810475885038056
spike,shared,code,identity,grpo,0.3555968736559009,0.9247820894511363,0.00036919609650352313,0.00110886522945038,0.352610914143002,1.4043703231033573e-10,0.6473890857165611,0.9998925247122009
spike,shared,code,identity,maxrl,0.3555968736559009,0.9293321868042455,0.012174547322016891,0.00110886522945038,0.4102401920908368,8.736272215819664e-10,0.5897598070355359,0.9999377888399991
spike,shared,code,identity,tailrl,0.3555968736559009,0.8997444380184266,0.0006062718966777501,0.00110886522945038,0.2024651420985714,4.023887247547638e-10,0.7975348574990399,0.9969858409797853
spike,shared,code,identity,pkpo,0.3555968736559009,0.7961010307970054,0.007788829476574137,0.00110886522945038,0.12159016777722619,3.5760899401717673e-9,0.8784098286466838,0.9858508938352504
spike,shared,code,identity,elite,0.3555968736559009,0.4032823343434903,0.0336806048284009,0.00110886522945038,0.011923020630764536,1.2751860740708332e-8,0.9880769666173747,0.7651625818220907
spike,shared,code,log,rloo,0.3555968736559009,0.35962317699872554,0.00025159437816808745,0.00110886522945038,0.0019562052630445023,1.2174342886214447e-8,0.998043782562613,0.4856683516342975
spike,shared,code,log,grpo,0.3555968736559009,0.9243587608513396,0.00035012095075814104,0.00110886522945038,0.3491386261929977,1.3681881738390895e-10,0.6508613736701835,0.999882970028044
spike,shared,code,log,maxrl,0.3555968736559009,0.9293321868042455,0.012174547322016891,0.00110886522945038,0.4102401920908368,8.736272215819664e-10,0.5897598070355359,0.9999377888399991
spike,shared,code,log,tailrl,0.3555968736559009,0.8853847582062416,0.00041595122876585366,0.00110886522945038,0.16582331347907633,6.857352075170955e-10,0.8341766858351886,0.9938150698634322
spike,shared,code,log,pkpo,0.3555968736559009,0.7100890000299384,0.01727631065110806,0.00110886522945038,0.09177151061314559,5.825259675037775e-9,0.9082284835615947,0.975824534092474
spike,shared,code,log,elite,0.3555968736559009,0.4032823343434903,0.0336806048284009,0.00110886522945038,0.011923020630764536,1.2751860740708332e-8,0.9880769666173747,0.7651625818220907
spike,shared,code,square,rloo,0.3555968736559009,0.39700643901973426,0.02005806061238634,0.00110886522945038,0.010356922567523552,1.2546834183244571e-8,0.9896430648856422,0.7583292476417949
spike,shared,code,square,grpo,0.3555968736559009,0.9251639951313043,0.0003756268749701362,0.00110886522945038,0.35576590364801025,1.439289223057445e-10,0.6442340962080607,0.9999005925595142
spike,shared,code,square,maxrl,0.3555968736559009,0.9293321868042455,0.012174547322016891,0.00110886522945038,0.4102401920908368,8.736272215819664e-10,0.5897598070355359,0.9999377888399991
spike,shared,code,square,tailrl,0.3555968736559009,0.9082600139578635,0.0008361123303813791,0.00110886522945038,0.24668568124888426,3.6477505759934435e-10,0.7533143183863406,0.9987895419542419
spike,shared,code,square,pkpo,0.3555968736559009,0.8344572829778626,0.0031020767573271624,0.00110886522945038,0.14356361165243817,2.7081099032406393e-9,0.856436385639452,0.9905708589443579
spike,shared,code,square,elite,0.3555968736559009,0.4032823343434903,0.0336806048284009,0.00110886522945038,0.011923020630764536,1.2751860740708332e-8,0.9880769666173747,0.7651625818220907
spike,shared,code,ranknormal,rloo,0.3555968736559009,0.9088878009432856,0.0012862944485448721,0.00110886522945038,0.24380464994995563,2.634049874893884e-10,0.7561953497866395,0.9986898430004393
spike,shared,code,ranknormal,grpo,0.3555968736559009,0.9255585393049633,0.00029336154529236233,0.00110886522945038,0.3611677071120913,2.1272654936023123e-10,0.638832292675182,0.9999132831730647
spike,shared,code,ranknormal,maxrl,0.3555968736559009,0.9293321868042455,0.012174547322016891,0.00110886522945038,0.4102401920908368,8.736272215819664e-10,0.5897598070355359,0.9999377888399991
spike,shared,code,ranknormal,tailrl,0.3555968736559009,0.9651982062146288,0.0014467661532035967,0.00110886522945038,0.6935677050017043,2.1429519334344269e-10,0.30643229478400064,0.9999999992327891
spike,shared,code,ranknormal,pkpo,0.3555968736559009,0.9264854571659965,0.0004176852893407688,0.00110886522945038,0.3827538464635735,7.387163095449597e-10,0.6172461527977102,0.9999499654770383
spike,shared,code,ranknormal,elite,0.3555968736559009,0.4032823343434903,0.0336806048284009,0.00110886522945038,0.011923020630764536,1.2751860740708332e-8,0.9880769666173747,0.7651625818220907
spike,shared,code,reciprocal,rloo,0.3555968736559009,0.35477182186011963,0.0000645882771847154,0.00110886522945038,0.0009384437745596246,1.1759092050473493e-8,0.9990615444663483,0.42165848886559615
spike,shared,code,reciprocal,grpo,0.3555968736559009,0.3509185478194275,0.0003691502792621581,0.00110886522945038,0.0001678133938128486,1.0681377435041466e-8,0.9998321759248098,0.3644976132551709
spike,shared,code,reciprocal,maxrl,0.3555968736559009,0.9293321868042455,0.012174547322016891,0.00110886522945038,0.4102401920908368,8.736272215819664e-10,0.5897598070355359,0.9999377888399991
spike,shared,code,reciprocal,tailrl,0.3555968736559009,0.35476634687767167,0.0000638209989705723,0.00110886522945038,0.0009373137052534122,1.1758304196848886e-8,0.9990626745364423,0.4215814316203595
spike,shared,code,reciprocal,pkpo,0.3555968736559009,0.35559687365590104,6.798699777552591e-17,0.00110886522945038,0.0011088652294503805,1.1854712379475151e-8,0.9988911229158374,0.4331442196561485
spike,shared,code,reciprocal,elite,0.3555968736559009,0.3546262886933267,0.00009111002697858695,0.00110886522945038,0.000914862815879422,1.2018289337478751e-8,0.9990851251658311,0.4196068296391
spike,neural,quality,identity,rloo,0.5046860010786297,0.505979255546615,0.0003834197657665095,0.010411197845463262,0.01270821689343622,1.3356134930802328e-22,0.9872917831065635,0.6180159737786654
spike,neural,quality,identity,grpo,0.5046860010786297,0.9689440501064205,0.003090106409220744,0.010411197845463262,0.9989093086873875,3.139432191641223e-26,0.0010906913126125207,0.9999769728055233
spike,neural,quality,identity,maxrl,0.5046860010786297,0.9545260743436436,0.0016008533138049692,0.010411197845463262,0.9940320203587295,3.960601746565442e-26,0.005967979641270558,0.9982722168019293
spike,neural,quality,identity,tailrl,0.5046860010786297,0.9488413132891137,0.00040159927848956554,0.010411197845463262,0.9816406676669932,1.5116792879769566e-25,0.018359332333006743,0.9981723962461126
spike,neural,quality,identity,pkpo,0.5046860010786297,0.5204683541650632,0.016161395574487092,0.010411197845463262,0.04205905709170247,7.916835480877785e-23,0.9579409429082973,0.7292455722692486
spike,neural,quality,identity,elite,0.5046860010786297,0.6628876607201514,0.23907870713922305,0.010411197845463262,0.3541845886895321,3.602320161321671e-23,0.6458154113104677,0.8488517778752661
spike,neural,quality,log,rloo,0.5046860010786297,0.5053633848100628,0.00018744081347962948,0.010411197845463262,0.011602167897812083,1.4085220505254717e-22,0.9883978321021877,0.6118305959582142
spike,neural,quality,log,grpo,0.5046860010786297,0.9688451186489035,0.002998171176744417,0.010411197845463262,0.9988877655101005,3.2088776721883113e-26,0.0011122344898995844,0.9999765308232819
spike,neural,quality,log,maxrl,0.5046860010786297,0.9545260743436436,0.0016008533138049692,0.010411197845463262,0.9940320203587295,3.960601746565442e-26,0.005967979641270558,0.9982722168019293
spike,neural,quality,log,tailrl,0.5046860010786297,0.8245241264354739,0.07817986762818115,0.010411197845463262,0.7096581546341824,3.7862161057526405e-24,0.29034184536581764,0.9917276120625244
spike,neural,quality,log,pkpo,0.5046860010786297,0.5073427601970145,0.000840414795425236,0.010411197845463262,0.015222324181570886,1.20374158807577e-22,0.9847776758184289,0.6316222512286236
spike,neural,quality,log,elite,0.5046860010786297,0.6628876607201514,0.23907870713922305,0.010411197845463262,0.3541845886895321,3.602320161321671e-23,0.6458154113104677,0.8488517778752661
spike,neural,quality,square,rloo,0.5046860010786297,0.5065683253920521,0.0005624727446837276,0.010411197845463262,0.013783827620225527,1.2740245711162876e-22,0.9862161723797743,0.6239144195782808
spike,neural,quality,square,grpo,0.5046860010786297,0.969231723642728,0.0029833663646443714,0.010411197845463262,0.9990608643457358,2.7059006523417965e-26,0.0009391356542641574,0.9999799266353571
spike,neural,quality,square,maxrl,0.5046860010786297,0.9545260743436436,0.0016008533138049692,0.010411197845463262,0.9940320203587295,3.960601746565442e-26,0.005967979641270558,0.9982722168019293
spike,neural,quality,square,tailrl,0.5046860010786297,0.9555051919712838,0.0008660764415313316,0.010411197845463262,0.992201917887396,9.578398370216351e-26,0.007798082112604124,0.9990306560690053
spike,neural,quality,square,pkpo,0.5046860010786297,0.6369905731562436,0.1717151193298701,0.010411197845463262,0.29682399594676817,3.039313692723625e-23,0.7031760040532319,0.8933338768910515
spike,neural,quality,square,elite,0.5046860010786297,0.6628876607201514,0.23907870713922305,0.010411197845463262,0.3541845886895321,3.602320161321671e-23,0.6458154113104677,0.8488517778752661
spike,neural,quality,ranknormal,rloo,0.5046860010786297,0.9582599314688335,0.001550108902973673,0.010411197845463262,0.9943394607092411,9.291282242459245e-26,0.005660539290759038,0.999430273947056
spike,neural,quality,ranknormal,grpo,0.5046860010786297,0.9652299436376016,0.002525865124565543,0.010411197845463262,0.997803083582118,5.618205381416326e-26,0.0021969164178819362,0.9999157064946207
spike,neural,quality,ranknormal,maxrl,0.5046860010786297,0.9545260743436436,0.0016008533138049692,0.010411197845463262,0.9940320203587295,3.960601746565442e-26,0.005967979641270558,0.9982722168019293
spike,neural,quality,ranknormal,tailrl,0.5046860010786297,0.9941131630604015,0.000499076380436673,0.010411197845463262,0.9999988264219333,6.386783389058529e-29,0.0000011735780666432651,0.9999999999999988
spike,neural,quality,ranknormal,pkpo,0.5046860010786297,0.9670022965465023,0.001109317670145618,0.010411197845463262,0.9979626018905242,6.480655364462964e-26,0.0020373981094757333,0.9999677132978945
spike,neural,quality,ranknormal,elite,0.5046860010786297,0.6628876607201514,0.23907870713922305,0.010411197845463262,0.3541845886895321,3.602320161321671e-23,0.6458154113104677,0.8488517778752661
spike,neural,quality,reciprocal,rloo,0.5046860010786297,0.5044769084991962,0.00005212226220113663,0.010411197845463262,0.010049529047345579,1.533018822747252e-22,0.9899504709526544,0.6029299851833262
spike,neural,quality,reciprocal,grpo,0.5046860010786297,0.49537363998126,0.000745097933721172,0.010411197845463262,0.0004894853243789156,1.1578612148392674e-21,0.9995105146756212,0.5367791746710961
spike,neural,quality,reciprocal,maxrl,0.5046860010786297,0.9545260743436436,0.0016008533138049692,0.010411197845463262,0.9940320203587295,3.960601746565442e-26,0.005967979641270558,0.9982722168019293
spike,neural,quality,reciprocal,tailrl,0.5046860010786297,0.5042186867162353,0.00009275217822248994,0.010411197845463262,0.00960807739204944,1.5750618182037033e-22,0.9903919226079507,0.6003511908066212
spike,neural,quality,reciprocal,pkpo,0.5046860010786297,0.5045720497660198,0.00001929471346431979,0.010411197845463262,0.010214245137119283,1.5186935938212484e-22,0.9897857548628807,0.6038863022316038
spike,neural,quality,reciprocal,elite,0.5046860010786297,0.5005074791407566,0.0004853107016577833,0.010411197845463262,0.004014271249661802,2.6848677464028187e-22,0.9959857287503383,0.565440555995168
spike,neural,binary,identity,rloo,0.010411197845463262,0.01540034479918363,0.0016350473343927625,0.010411197845463262,0.01540034479918363,0.9845996552008162,0,0.21972005081101068
spike,neural,binary,identity,grpo,0.010411197845463262,0.996203000607439,0.0008773805224326351,0.010411197845463262,0.996203000607439,0.0037969993925608733,0,0.9999999999999988
spike,neural,binary,identity,maxrl,0.010411197845463262,0.9940320203587295,0.0018809375066497526,0.010411197845463262,0.9940320203587295,0.005967979641270558,0,1
spike,neural,binary,identity,tailrl,0.010411197845463262,0.9940320203587293,0.0018809375066497014,0.010411197845463262,0.9940320203587293,0.005967979641270567,0,1
spike,neural,binary,identity,pkpo,0.010411197845463262,0.7739295767890861,0.03537535738676792,0.010411197845463262,0.7739295767890861,0.22607042321091395,0,0.9999999998188199
spike,neural,binary,identity,elite,0.010411197845463262,0.01416553815878887,0.0013010954991874047,0.010411197845463262,0.01416553815878887,0.9858344618412112,0,0.20397951693560526
spike,neural,binary,log,rloo,0.010411197845463262,0.01540034479918363,0.0016350473343927625,0.010411197845463262,0.01540034479918363,0.9845996552008162,0,0.21972005081101068
spike,neural,binary,log,grpo,0.010411197845463262,0.996203000607439,0.0008773805224326351,0.010411197845463262,0.996203000607439,0.0037969993925608733,0,0.9999999999999988
spike,neural,binary,log,maxrl,0.010411197845463262,0.9940320203587295,0.0018809375066497526,0.010411197845463262,0.9940320203587295,0.005967979641270558,0,1
spike,neural,binary,log,tailrl,0.010411197845463262,0.9940320203587293,0.0018809375066497014,0.010411197845463262,0.9940320203587293,0.005967979641270567,0,1
spike,neural,binary,log,pkpo,0.010411197845463262,0.7739295767890861,0.03537535738676792,0.010411197845463262,0.7739295767890861,0.22607042321091395,0,0.9999999998188199
spike,neural,binary,log,elite,0.010411197845463262,0.01416553815878887,0.0013010954991874047,0.010411197845463262,0.01416553815878887,0.9858344618412112,0,0.20397951693560526
spike,neural,binary,square,rloo,0.010411197845463262,0.01540034479918363,0.0016350473343927625,0.010411197845463262,0.01540034479918363,0.9845996552008162,0,0.21972005081101068
spike,neural,binary,square,grpo,0.010411197845463262,0.996203000607439,0.0008773805224326351,0.010411197845463262,0.996203000607439,0.0037969993925608733,0,0.9999999999999988
spike,neural,binary,square,maxrl,0.010411197845463262,0.9940320203587295,0.0018809375066497526,0.010411197845463262,0.9940320203587295,0.005967979641270558,0,1
spike,neural,binary,square,tailrl,0.010411197845463262,0.9940320203587293,0.0018809375066497014,0.010411197845463262,0.9940320203587293,0.005967979641270567,0,1
spike,neural,binary,square,pkpo,0.010411197845463262,0.7739295767890861,0.03537535738676792,0.010411197845463262,0.7739295767890861,0.22607042321091395,0,0.9999999998188199
spike,neural,binary,square,elite,0.010411197845463262,0.01416553815878887,0.0013010954991874047,0.010411197845463262,0.01416553815878887,0.9858344618412112,0,0.20397951693560526
spike,neural,binary,ranknormal,rloo,0.010411197845463262,0.17742710119540472,0.2655044791432911,0.010411197845463262,0.17742710119540472,0.8225728988045953,0,0.5485618763466098
spike,neural,binary,ranknormal,grpo,0.010411197845463262,0.99620300193707,0.0008773802874739555,0.010411197845463262,0.99620300193707,0.003796998062930046,0,0.9999999999999994
spike,neural,binary,ranknormal,maxrl,0.010411197845463262,0.9940320203587295,0.0018809375066497526,0.010411197845463262,0.9940320203587295,0.005967979641270558,0,1
spike,neural,binary,ranknormal,tailrl,0.010411197845463262,0.9963263175410358,0.0015212239696154766,0.010411197845463262,0.9963263175410358,0.0036736824589641286,0,0.9999999999999988
spike,neural,binary,ranknormal,pkpo,0.010411197845463262,0.8415770538767889,0.009500613159914571,0.010411197845463262,0.8415770538767889,0.15842294612321098,0,0.9999999999997943
spike,neural,binary,ranknormal,elite,0.010411197845463262,0.01416553815878887,0.0013010954991874047,0.010411197845463262,0.01416553815878887,0.9858344618412112,0,0.20397951693560526
spike,neural,binary,reciprocal,rloo,0.010411197845463262,0.00807629308371472,0.0005426031057540774,0.010411197845463262,0.00807629308371472,0.9919237069162854,0,0.12165986967876603
spike,neural,binary,reciprocal,grpo,0.010411197845463262,0.004480871492077976,0.0007643524786468407,0.010411197845463262,0.004480871492077976,0.9955191285079222,0,0.06929039075515919
spike,neural,binary,reciprocal,maxrl,0.010411197845463262,0.9940320203587295,0.0018809375066497526,0.010411197845463262,0.9940320203587295,0.005967979641270558,0,1
spike,neural,binary,reciprocal,tailrl,0.010411197845463262,0.008094693684815371,0.0004922773505454882,0.010411197845463262,0.008094693684815371,0.9919053063151845,0,0.12192425525994695
spike,neural,binary,reciprocal,pkpo,0.010411197845463262,0.010411197845463268,2.1245936804851847e-18,0.010411197845463262,0.010411197845463268,0.9895888021545369,0,0.15418310241633262
spike,neural,binary,reciprocal,elite,0.010411197845463262,0.009816479869201464,0.00016682702311359888,0.010411197845463262,0.009816479869201464,0.9901835201307984,0,0.14601136770439796
spike,neural,code,identity,rloo,0.3555968736559009,0.3567859617802311,0.000383198237807099,0.00110886522945038,0.0013667689835723381,1.105214806932523e-8,0.9986332199642796,0.4492404041418993
spike,neural,code,identity,grpo,0.3555968736559009,0.9134373053194413,0.008386598573348265,0.00110886522945038,0.279652454099482,1.0514708104067853e-11,0.7203475458900033,0.998992010527128
spike,neural,code,identity,maxrl,0.3555968736559009,0.5454607456728994,0.3212599220571725,0.00110886522945038,0.09969084452233702,6.521780483168497e-9,0.9003091489558824,0.6593944574479504
spike,neural,code,identity,tailrl,0.3555968736559009,0.9024073468853205,0.0006538614344688792,0.00110886522945038,0.2173040239299793,1.7758227496951542e-11,0.7826959760522625,0.9977651577263519
spike,neural,code,identity,pkpo,0.3555968736559009,0.4661567477881805,0.17365208845060204,0.00110886522945038,0.030754065709165213,5.760398018925256e-9,0.9692459285304368,0.695007129065402
spike,neural,code,identity,elite,0.3555968736559009,0.35762474960189844,0.0007029379759029971,0.00110886522945038,0.0015510955663120638,1.0599854858714612e-8,0.9984488938338331,0.46026173162665424
spike,neural,code,log,rloo,0.3555968736559009,0.35628355133620554,0.00021601241939339316,0.00110886522945038,0.0012572830384669474,1.1365410119749861e-8,0.9987427055961229,0.4425066205405228
spike,neural,code,log,grpo,0.3555968736559009,0.9131248441993756,0.008281538557365171,0.00110886522945038,0.2778806387613176,1.0651039085616853e-11,0.7221193612280313,0.9989642099375132
spike,neural,code,log,maxrl,0.3555968736559009,0.5454607456728994,0.3212599220571725,0.00110886522945038,0.09969084452233702,6.521780483168497e-9,0.9003091489558824,0.6593944574479504
spike,neural,code,log,tailrl,0.3555968736559009,0.8794635254795423,0.004492282495814761,0.00110886522945038,0.17225344215352653,6.236501117602583e-11,0.8277465577841085,0.9945359349111739
spike,neural,code,log,pkpo,0.3555968736559009,0.3601551023282088,0.0021658923619683897,0.00110886522945038,0.002116930163235557,9.588946021238474e-9,0.9978830602478185,0.4917079247509683
spike,neural,code,log,elite,0.3555968736559009,0.35762474960189844,0.0007029379759029971,0.00110886522945038,0.0015510955663120638,1.0599854858714612e-8,0.9984488938338331,0.46026173162665424
spike,neural,code,square,rloo,0.3555968736559009,0.3571595124844935,0.0005345321287204923,0.00110886522945038,0.0014486305800266292,1.0840551148667845e-8,0.9985513585794222,0.45418105835413297
spike,neural,code,square,grpo,0.3555968736559009,0.9133720129547087,0.008174113399166561,0.00110886522945038,0.2798337175487605,1.1204216075440403e-11,0.7201662824400352,0.9990055218172286
spike,neural,code,square,maxrl,0.3555968736559009,0.5454607456728994,0.3212599220571725,0.00110886522945038,0.09969084452233702,6.521780483168497e-9,0.9003091489558824,0.6593944574479504
spike,neural,code,square,tailrl,0.3555968736559009,0.9114656162658411,0.0008109346758493161,0.00110886522945038,0.26989777189192643,1.5895149677326452e-11,0.7301022280921784,0.9992323768478842
spike,neural,code,square,pkpo,0.3555968736559009,0.5308486245285159,0.22310991923330759,0.00110886522945038,0.0507263396253006,3.4358066422470583e-9,0.9492736569388928,0.8536002775657486
spike,neural,code,square,elite,0.3555968736559009,0.35762474960189844,0.0007029379759029971,0.00110886522945038,0.0015510955663120638,1.0599854858714612e-8,0.9984488938338331,0.46026173162665424
spike,neural,code,ranknormal,rloo,0.3555968736559009,0.4591606883742035,0.16648700536999822,0.00110886522945038,0.028782542099292253,6.210167603962867e-9,0.9712174516905402,0.6740116266724883
spike,neural,code,ranknormal,grpo,0.3555968736559009,0.9124216380383005,0.009074235070936177,0.00110886522945038,0.273205013432414,9.358887338860581e-12,0.726794986558227,0.998861532827262
spike,neural,code,ranknormal,maxrl,0.3555968736559009,0.5454607456728994,0.3212599220571725,0.00110886522945038,0.09969084452233702,6.521780483168497e-9,0.9003091489558824,0.6593944574479504
spike,neural,code,ranknormal,tailrl,0.3555968736559009,0.9869564798607895,0.0009783796006802628,0.00110886522945038,0.8843447528620816,7.026700718176299e-15,0.11565524713791143,0.9999999999999999
spike,neural,code,ranknormal,pkpo,0.3555968736559009,0.9262658864464269,0.0037755771994128443,0.00110886522945038,0.37200623731414884,7.905567522273174e-12,0.6279937626779455,0.9999170320740234
spike,neural,code,ranknormal,elite,0.3555968736559009,0.35762474960189844,0.0007029379759029971,0.00110886522945038,0.0015510955663120638,1.0599854858714612e-8,0.9984488938338331,0.46026173162665424
spike,neural,code,reciprocal,rloo,0.3555968736559009,0.3553733332514976,0.00006539956409051903,0.00110886522945038,0.0010608811556805922,1.203222341228311e-8,0.9989391068120961,0.43005660923763567
spike,neural,code,reciprocal,grpo,0.3555968736559009,0.35240062184364174,0.0004111432605243969,0.00110886522945038,0.0004431385415150688,1.6115013001719424e-8,0.9995568453434721,0.387173115125181
spike,neural,code,reciprocal,maxrl,0.3555968736559009,0.5454607456728994,0.3212599220571725,0.00110886522945038,0.09969084452233702,6.521780483168497e-9,0.9003091489558824,0.6593944574479504
spike,neural,code,reciprocal,tailrl,0.3555968736559009,0.3553718427807832,0.00006544091220294012,0.00110886522945038,0.001060561656826441,1.2033464892755488e-8,0.9989394263097086,0.4300359630392188
spike,neural,code,reciprocal,pkpo,0.3555968736559009,0.35559687365590104,5.551115123125783e-17,0.00110886522945038,0.00110886522945038,1.1854712379475151e-8,0.9988911229158374,0.43314421965614924
spike,neural,code,reciprocal,elite,0.3555968736559009,0.35527590608018905,0.00009000437263636061,0.00110886522945038,0.0010400465496047792,1.211845746487619e-8,0.9989599413319376,0.42870487423835707
